name,name_kana,region,lat,lng,rank,category,description
甘泉園公園,,東京都,35.712431,139.715418,1,第1シリーズ,【#1 早稲田】早稲田周辺の高台にある庭園で、周辺の地形の高低差を確認する立ち寄り先だったと思われる
早稲田大学大隈記念講堂,,東京都,35.7089405,139.7216228,1,第1シリーズ,【#1 早稲田】早稲田大学のシンボル的建物で、早稲田の街の歴史を語る場面で訪れたと推定される
上野恩賜公園,,東京都,35.7108599,139.7735687,2,第1シリーズ,【#2 上野】上野の高台(上野台地)の地形を体感する散策の中心地点だったと思われる
不忍池弁天堂,,東京都,35.7121373,139.771145,2,第1シリーズ,【#2 上野】不忍池が谷地・かつての入江であったことを示す立ち寄り先だったと思われる
上野東照宮,,東京都,35.7153071,139.7714063,2,第1シリーズ,【#2 上野】上野台地上に位置する社殿として、地形と歴史を結びつける場面で訪れたと推定される
二子玉川公園,,東京都,35.609256,139.632679,3,第1シリーズ,【#3 二子玉川】多摩川に面した高台から地形を見渡す立ち寄り先だったと思われる
兵庫島公園,,東京都,35.6121495,139.6230377,3,第1シリーズ,【#3 二子玉川】多摩川と野川の合流点にあたり、川の氾濫・中州の成り立ちを語る場面で訪れたと推定される
玉川高島屋S・C,,東京都,35.6139217,139.6266162,3,第1シリーズ,【#3 二子玉川】二子玉川の街の発展を語る際の立ち寄り先だったと思われる
京橋の親柱,,東京都,35.6749626,139.7687121,4,第1シリーズ,【#4 銀座】かつて京橋川に架かっていた橋の名残として、埋め立てられた川の跡を語る場面で訪れたと推定される
数寄屋橋公園,,東京都,35.6725258,139.7621455,4,第1シリーズ,【#4 銀座】かつての数寄屋橋・外堀の痕跡を語る立ち寄り先だったと思われる
慶應義塾大学三田キャンパス,,東京都,35.6491533,139.743073,5,第1シリーズ,【#5 三田・麻布】三田の高台に位置し、台地の地形を体感する立ち寄り先だったと思われる
済海寺,,東京都,35.6436489,139.7414248,5,第1シリーズ,【#5 三田・麻布】幕末の各国公使館が置かれた寺院として、開港期の歴史を語る場面で訪れたと推定される
芝公園,,東京都,35.6582563,139.7466728,5,第1シリーズ,【#5 三田・麻布】台地と低地の境目にあたる地形を確認する立ち寄り先だったと思われる
万世橋,,東京都,35.6968535,139.771159,6,第1シリーズ,【#6 秋葉原】神田川に架かる橋として、秋葉原周辺の水運の歴史を語る場面で訪れたと推定される
万世橋駅 跡地,,東京都,35.6975133,139.7695765,6,第1シリーズ,【#6 秋葉原】かつて存在した旧万世橋駅の遺構として、鉄道と街の発展を語る立ち寄り先だったと思われる
日本橋,,東京都,35.6837412,139.7741427,7,第1シリーズ,【#7 日本橋】五街道の起点として、日本橋川と江戸の街の成り立ちを語る中心的な立ち寄り先だったと思われる
日本橋三越本店,,東京都,35.6852598,139.7737036,7,第1シリーズ,【#7 日本橋】日本橋の商業の歴史を象徴する老舗百貨店として訪れたと推定される
赤門,,東京都,35.7105917,139.7603593,8,第1シリーズ,【#8 本郷台地】本郷台地上に位置する東京大学の象徴的な門として、台地の地形を語る立ち寄り先だったと思われる
湯島聖堂,,東京都,35.7005909,139.7664055,8,第1シリーズ,【#8 本郷台地】本郷台地の縁にあたる高台に位置し、台地の地形と学問の歴史を語る場面で訪れたと推定される
泉岳寺,,東京都,35.6374464,139.7362279,9,第1シリーズ,【#9 品川】旧東海道沿いの寺院として、品川宿周辺の歴史を語る立ち寄り先だったと思われる
品川宿,,東京都,35.6199893,139.7421562,9,第1シリーズ,【#9 品川】旧東海道の宿場町の中心として、品川の街の成り立ちを語る場面で訪れたと推定される
品川神社,,東京都,35.618369,139.7406592,9,第1シリーズ,【#9 品川】品川宿を見下ろす高台に位置し、地形と信仰の歴史を語る立ち寄り先だったと思われる
御殿山庭園,,東京都,35.6211242,139.7369437,9,第1シリーズ,【#9 品川】かつて桜の名所・御殿山として知られた高台の名残として訪れたと推定される
港の見える丘公園,,神奈川県,35.4391563,139.6555967,10,第1シリーズ,【#10 横浜】山手の高台から横浜港を見渡し、開港期の地形を語る立ち寄り先だったと思われる
横浜中華街,,神奈川県,35.4413284,139.6481567,10,第1シリーズ,【#10 横浜】開港後に形成された街の成り立ちを語る場面で訪れたと推定される
山下公園,,神奈川県,35.4462338,139.6514609,10,第1シリーズ,【#10 横浜】関東大震災の瓦礫で造成された埋立地として、横浜港の歴史を語る立ち寄り先だったと思われる
雷門,,東京都,35.7111,139.7964,11,第1シリーズ,【#11 浅草】浅草寺の表玄関として、浅草の街の成り立ちを語る中心的な立ち寄り先だったと思われる
時の鐘(浅草寺),,東京都,35.7134367,139.7973261,11,第1シリーズ,【#11 浅草】江戸時代の時刻を告げた鐘として、浅草の歴史を語る場面で訪れたと推定される
神田明神,,東京都,35.7020414,139.7678152,12,第1シリーズ,【#12 神田】神田の総鎮守として、神田の街と台地の歴史を語る中心的な立ち寄り先だったと思われる
聖橋の由来,,東京都,35.7002338,139.7654355,12,第1シリーズ,【#12 神田】神田川に架かる聖橋の来歴を示す碑として、川と台地の地形を語る場面で訪れたと推定される
新宿御苑,,東京都,35.6854273,139.7116373,13,第1シリーズ,【#13 新宿・大久保】武家屋敷跡地に造られた庭園として、新宿の街の成り立ちを語る立ち寄り先だったと思われる
花園神社,,東京都,35.6933423,139.7056842,13,第1シリーズ,【#13 新宿・大久保】新宿の総鎮守として、新宿の街の歴史を語る場面で訪れたと推定される
皆中稲荷神社,,東京都,35.7012427,139.6993921,13,第1シリーズ,【#13 新宿・大久保】江戸時代の鉄砲組屋敷に由来する神社として、大久保の街の成り立ちを語る立ち寄り先だったと思われる
赤坂氷川神社,,東京都,35.6676404,139.7362618,14,第1シリーズ,【#14 赤坂】赤坂の高台に位置する古社として、地形と歴史を語る立ち寄り先だったと思われる
豊川稲荷東京別院,,東京都,35.6765307,139.7328113,14,第1シリーズ,【#14 赤坂】武家屋敷跡に建つ寺院として、赤坂の街の成り立ちを語る場面で訪れたと推定される
迎賓館赤坂離宮,,東京都,35.6830458,139.7288249,14,第1シリーズ,【#14 赤坂】旧紀州藩邸跡地に建つ洋館として、赤坂の土地の歴史を語る立ち寄り先だったと思われる
六本木ヒルズ,,東京都,35.6611582,139.7285343,15,第1シリーズ,【#15 六本木】六本木の高台の地形を活かした再開発地として訪れたと推定される
麻布十番,,東京都,35.6542621,139.7366855,15,第1シリーズ,【#15 六本木】かつての谷地に形成された商店街として、六本木周辺の谷と丘の地形を語る立ち寄り先だったと思われる
築地本願寺,つきじほんがんじ,東京都,35.6668414,139.7717963,1,第2シリーズ,【#1 築地】築地の街歩きで訪れ、伊東忠太設計の特異な外観を確認したと思われる
波除稲荷神社,なみよけいなりじんじゃ,東京都,35.663615,139.771456,1,第2シリーズ,【#1 築地】築地埋め立て時に波除けとして祀られた由来を確認したと思われる
築地川銀座公園,つきじがわぎんざこうえん,東京都,35.6686835,139.7688632,1,第2シリーズ,【#1 築地】埋め立てられた築地川の痕跡として立ち寄ったと思われる
東京駅丸の内駅舎,とうきょうえきまるのうちえきしゃ,東京都,35.6811333,139.7659796,2,第2シリーズ,【#2 丸の内】丸の内の街づくりの起点として駅舎を確認したと思われる
皇居外苑,こうきょがいえん,東京都,35.679944,139.758466,2,第2シリーズ,【#2 丸の内】江戸城の地形・大名小路との位置関係を確認したと思われる
三菱一号館,みつびしいちごうかん,東京都,35.6784348,139.7631371,2,第2シリーズ,【#2 丸の内】「一丁ロンドン」と呼ばれた丸の内近代化の象徴として訪れたと思われる
新宿御苑,しんじゅくぎょえん,東京都,35.6854273,139.7116373,3,第2シリーズ,【#3 新宿 水道編】内藤家下屋敷と玉川上水にまつわる水利の痕跡を確認したと思われる
四谷大木戸跡碑,よつやおおきどあとひ,東京都,35.687567,139.7149828,3,第2シリーズ,【#3 新宿 水道編】玉川上水が江戸市中への配水を始めた地点として訪れたと思われる
十二社熊野神社,じゅうにそうくまのじんじゃ,東京都,35.6902533,139.6882189,3,第2シリーズ,【#3 新宿 水道編】淀橋浄水場や熊野十二社の池など旧水源地の歴史を確認したと思われる
湯島天満宮,ゆしまてんまんぐう,東京都,35.7076107,139.7671511,4,第2シリーズ,【#4 住宅の変遷史 本郷湯島】本郷台地の高台に位置する社として地形を確認したと思われる
菊坂,きくざか,東京都,35.7095768,139.7569245,4,第2シリーズ,【#4 住宅の変遷史 本郷湯島】崖地に密集した住宅・路地の変遷をたどったと思われる
赤門,あかもん,東京都,35.7105917,139.7603593,4,第2シリーズ,【#4 住宅の変遷史 本郷湯島】旧大名屋敷から東京大学へと変わった土地利用の象徴として訪れたと思われる
鷹番,たかばん,東京都,35.6278194,139.6855823,5,第2シリーズ,【#5 鷹狩り】将軍家の鷹番屋敷に由来する地名として、鷹狩りの痕跡を確認したと思われる
横浜港大さん橋国際客船ターミナル,よこはまこうおおさんばしこくさいきゃくせんたーみなる,神奈川県,35.451365,139.6474214,6,第2シリーズ,【#6 横浜 港湾編】開港以来の埠頭の変遷をたどる起点として訪れたと思われる
象の鼻パーク,ぞうのはなぱーく,神奈川県,35.4481409,139.6437093,6,第2シリーズ,【#6 横浜 港湾編】開港時に築かれた最初の波止場の形状を確認したと思われる
山下公園,やましたこうえん,神奈川県,35.4462338,139.6514609,6,第2シリーズ,【#6 横浜 港湾編】関東大震災の瓦礫を埋め立てて造成された港湾史の痕跡として訪れたと思われる
羽田神社,はねだじんじゃ,東京都,35.5468705,139.7404518,11,第2シリーズ,【#11 羽田】漁師町だった旧羽田の氏神として、街の成り立ちを確認したと思われる
穴守稲荷神社,あなもりいなりじんじゃ,東京都,35.5500318,139.7497373,11,第2シリーズ,【#11 羽田】旧穴守稲荷の門前町と空港拡張による移転の歴史をたどったと思われる
高岩寺,こうがんじ,東京都,35.735814,139.7355247,12,第2シリーズ,【#12 池袋・巣鴨】とげぬき地蔵として知られ、巣鴨の門前町の成り立ちを確認したと思われる
巣鴨地蔵通り商店街,すがもじぞうどおりしょうてんがい,東京都,35.7387979,139.7306169,12,第2シリーズ,【#12 池袋・巣鴨】中山道の旧街道筋に発達した商店街として街歩きしたと思われる
サンシャインシティ,さんしゃいんしてぃ,東京都,35.7288424,139.7185874,12,第2シリーズ,【#12 池袋・巣鴨】旧巣鴨プリズン跡地の再開発の歴史を確認したと思われる
赤坂見附跡,あかさかみつけあと,東京都,35.6787621,139.7380659,13,第2シリーズ,【#13 江戸城外堀】江戸城外堀に設けられた見附(城門)跡として石垣を確認したと思われる
弁慶橋ボート場,べんけいばしぼーとじょう,東京都,35.6789701,139.7360341,13,第2シリーズ,【#13 江戸城外堀】外堀に架かる橋として、堀の水面が残る区間を確認したと思われる
四谷見附,よつやみつけ,東京都,35.6862252,139.731174,13,第2シリーズ,【#13 江戸城外堀】外堀沿いの見附跡の石垣遺構を確認したと思われる
小石川後楽園,こいしかわこうらくえん,東京都,35.7050014,139.7478533,17,第2シリーズ,【#17 江戸のゴミ】小石川の武家地・庭園の造成と土地利用の歴史を確認したと思われる
江戸川橋,えどがわばし,東京都,35.7094336,139.7292193,17,第2シリーズ,【#17 江戸のゴミ】神田川沿いの旧牛込・小石川境の地形とごみ処理の歴史をたどったと思われる
東京タワー,とうきょうたわー,東京都,35.6584718,139.7454977,18,第2シリーズ,【#18 東京タワー・芝】芝の高台に建てられた地形的な理由を確認したと思われる
増上寺,ぞうじょうじ,東京都,35.6572249,139.7484189,18,第2シリーズ,【#18 東京タワー・芝】徳川将軍家の菩提寺として芝の街の成り立ちを確認したと思われる
芝大神宮,しばだいじんぐう,東京都,35.6575164,139.7533156,18,第2シリーズ,【#18 東京タワー・芝】芝の古くからの鎮守として門前町の歴史を確認したと思われる
道玄坂,どうげんざか,東京都,35.6579413,139.698329,19,第2シリーズ,【#19 渋谷】谷地形の渋谷を象徴する坂道として地形を確認したと思われる
金王八幡宮,こんのうはちまんぐう,東京都,35.6575733,139.7062875,19,第2シリーズ,【#19 渋谷】渋谷の地名由来とされる渋谷氏ゆかりの社として訪れたと思われる
渋谷川,しぶやがわ,東京都,35.6471375,139.7234044,19,第2シリーズ,【#19 渋谷】谷底を流れ、現在は暗渠化された川として地形の痕跡を確認したと思われる
明治大学 中野キャンパス,,東京都,35.7067565,139.6592226,1,第3シリーズ,【#1 江戸の動物〜中野〜（前編）】江戸時代にお犬様御囲所があったとされる場所に建つキャンパスで、タモリ一行が訪れたと思われる
中野区立 平和の森公園,,東京都,35.717068,139.6631619,1,第3シリーズ,【#1 江戸の動物〜中野〜（前編）】かつての犬小屋・御囲場跡地の一角にあたる公園として立ち寄ったと推定される
恩賜上野動物園,,東京都,35.7168344,139.7714181,2,第3シリーズ,【#2 上野動物園（後編）】回のテーマそのものである上野動物園の敷地内を巡ったと思われる
寛永寺,,東京都,35.7122772,139.7713512,2,第3シリーズ,【#2 上野動物園（後編）】動物園開設以前の上野山を治めた寺院として、旧境内地の歴史を辿ったと推定される
岩淵水門,,東京都,35.7858775,139.7341243,3,第3シリーズ,【#3 荒川（前編）】荒川放水路の要となる水門として、荒川の成り立ちを解説する舞台になったと思われる
荒川知水資料館,,東京都,35.785618,139.730122,3,第3シリーズ,【#3 荒川（前編）】荒川放水路の歴史・治水を紹介する資料館として立ち寄ったと推定される
柴又帝釈天,,東京都,35.7584809,139.8788141,4,第3シリーズ,【#4 荒川・柴又（後編）】柴又の街の中心として、門前町の成り立ちを辿る中で訪れたと思われる
矢切の渡し,,東京都,35.7594451,139.8831393,4,第3シリーズ,【#4 荒川・柴又（後編）】江戸川の渡し船として、荒川・江戸川流域の地形を体感する題材になったと推定される
金龍山 浅草寺,,東京都,35.71393,139.796408,5,第3シリーズ,【#5 地下鉄「銀座線」（前編）】銀座線浅草駅に隣接する門前町の起点として訪れたと思われる
万世橋,,東京都,35.6968535,139.771159,5,第3シリーズ,【#5 地下鉄「銀座線」（前編）】地下鉄工事や旧万世橋駅の歴史を辿る中で立ち寄ったと推定される
銀座四丁目交差点,,東京都,35.6712197,139.7650359,6,第3シリーズ,【#6 地下鉄「銀座線」（後編）】銀座線の名の由来である銀座の中心地として訪れたと思われる
両国国技館,,東京都,35.6969958,139.7932345,8,第3シリーズ,【#8 江戸の盛り場〜両国・両国国技館〜】回のテーマである両国の盛り場・相撲文化を象徴する施設として訪れたと思われる
江戸東京博物館,,東京都,35.6964208,139.7962009,8,第3シリーズ,【#8 江戸の盛り場〜両国・両国国技館〜】江戸の両国広小路など盛り場の歴史を確認するために立ち寄ったと推定される
回向院,,東京都,35.6934499,139.7919774,8,第3シリーズ,【#8 江戸の盛り場〜両国・両国国技館〜】勧進相撲発祥の地とされる寺院として、両国の盛り場の歴史を辿る題材になったと思われる
吉原大門跡,,東京都,35.7241749,139.7959939,9,第3シリーズ,【#9 江戸の盛り場〜吉原〜】旧吉原遊郭の入口跡として、遊郭の街の構造を辿る起点になったと思われる
見返り柳,,東京都,35.7244557,139.7972581,9,第3シリーズ,【#9 江戸の盛り場〜吉原〜】吉原遊郭の名所として、当時の街の雰囲気を伝える題材になったと推定される
待乳山聖天,,東京都,35.7173545,139.8029781,9,第3シリーズ,【#9 江戸の盛り場〜吉原〜】隅田川・浅草方面から吉原へ向かう道筋の目印として立ち寄ったと推定される
武蔵国分寺跡,,東京都,35.6900059,139.4720927,10,第3シリーズ,【#10 国分寺〜遺跡〜（前編）】回のテーマである古代国分寺の遺構そのものとして訪れたと思われる
鉄道総合技術研究所 光町集会所,,東京都,35.7022004,139.4445006,11,第3シリーズ,【#11 国分寺〜鉄道総研〜（後編）】鉄道総合技術研究所の所在地周辺として、鉄道技術と地形の関わりを辿る中で訪れたと推定される
隅田公園,,東京都,35.7115496,139.800532,13,第3シリーズ,【#13 街の樹木・植物（墨田区）】隅田川沿いの街路樹・植生を観察する舞台の一つになったと思われる
向島百花園,,東京都,35.7238194,139.8150155,13,第3シリーズ,【#13 街の樹木・植物（墨田区）】墨田区の草木文化を象徴する庭園として立ち寄ったと推定される
小名木川,,東京都,35.6836846,139.7965043,14,第3シリーズ,【#14 江戸の運河（江東区前編）】江戸時代に開削された運河として、江東区の水路網を辿る中心になったと思われる
清澄庭園,,東京都,35.6810117,139.7971847,14,第3シリーズ,【#14 江戸の運河（江東区前編）】運河沿いに造られた大名庭園として、水と街の関わりを示す題材になったと推定される
深川江戸資料館,,東京都,35.681089,139.800777,15,第3シリーズ,【#15 江戸の運河（江東区後編）】深川の運河沿いの町並みを再現した資料館として立ち寄ったと思われる
新宿御苑,,東京都,35.6854273,139.7116373,16,第3シリーズ,【#16 新宿誕生編（前編）】内藤新宿の大名屋敷跡地として、新宿の街の成り立ちを辿る題材になったと思われる
花園神社,,東京都,35.6933423,139.7056842,16,第3シリーズ,【#16 新宿誕生編（前編）】内藤新宿の鎮守として、宿場町としての新宿の歴史を辿る中で訪れたと推定される
東京都庁,,東京都,35.6892783,139.6922872,17,第3シリーズ,【#17 新宿〜新都心編〜（後編）】淀橋浄水場跡地に建つ新都心のシンボルとして訪れたと思われる
新宿中央公園,,東京都,35.6881432,139.6897809,17,第3シリーズ,【#17 新宿〜新都心編〜（後編）】淀橋浄水場跡地の再開発の一角として、新宿新都心の成り立ちを辿る題材になったと推定される
明治神宮外苑,,東京都,35.6774882,139.7183045,18,第3シリーズ,【#18 ブラタモリスペシャル 神宮外苑】回のテーマである神宮外苑の造成の歴史を辿る舞台になったと思われる
鳩森八幡神社,,東京都,35.6779568,139.7095455,18,第3シリーズ,【#18 ブラタモリスペシャル 神宮外苑】千駄ヶ谷の旧地形・信仰の中心として、外苑周辺の地理を辿る中で訪れたと推定される
佃まちかど展示館,,東京都,35.6678004,139.7822229,19,第3シリーズ,【#19 ブラタモリスペシャル 江戸の食】佃島の漁師町としての歴史・食文化を紹介する展示館として立ち寄ったと思われる
佃島渡船場跡,,東京都,35.6689184,139.7803333,19,第3シリーズ,【#19 ブラタモリスペシャル 江戸の食】佃島と対岸を結んだ渡船場跡として、佃島の成り立ちを辿る題材になったと推定される
日本橋,,東京都,35.6837412,139.7741427,19,第3シリーズ,【#19 ブラタモリスペシャル 江戸の食】江戸の魚河岸があった場所として、江戸の食文化を辿る起点になったと思われる
出島,でじま,長崎県,32.7430,129.8738,1,第4シリーズ,"【#1 長崎「""坂の町・長崎""の始まりとは?」】鎖国時代の人工島。長崎のまちの成り立ちを考える上での起点として登場したと思われる回。"
眼鏡橋,めがねばし,長崎県,32.7472925,129.8799892,1,第4シリーズ,"【#1 長崎「""坂の町・長崎""の始まりとは?」】江戸期からの中島川沿いの町並みを象徴する石橋。坂の町の旧市街地形を読む題材と思われる。"
稲佐山,いなさやま,長崎県,32.753426,129.8493382,1,第4シリーズ,"【#1 長崎「""坂の町・長崎""の始まりとは?」】長崎市街を一望できる山。地形俯瞰の導入として登場したと思われる。"
グラバー園,ぐらばーえん,長崎県,32.733328,129.8692834,2,第4シリーズ,【#2 長崎「長崎の近代化は海から?」】幕末〜明治の外国人居留地。海からの近代化をテーマにした回の中心的スポットと思われる。
大浦天主堂,おおうらてんしゅどう,長崎県,32.7341475,129.8701356,2,第4シリーズ,【#2 長崎「長崎の近代化は海から?」】居留地に建てられた現存最古の教会。近代化・海外交流の象徴として登場したと思われる。
金沢城,かなざわじょう,石川県,36.565733,136.659579,3,第4シリーズ,【#3 金沢「加賀百万石はどう守られた!?」】加賀藩前田家の居城。防御をテーマにした回の中心スポットと思われる。
兼六園,けんろくえん,石川県,36.5634981,136.6616547,4,第4シリーズ,【#4 金沢の「美」「金沢は美のまち!?」】日本三名園の一つ。金沢の「美」を象徴する庭園として登場したと思われる。
ひがし茶屋街,ひがしちゃやがい,石川県,36.5725559,136.6666756,4,第4シリーズ,【#4 金沢の「美」「金沢は美のまち!?」】重要伝統的建造物群保存地区。茶屋文化・町並みの美をテーマに登場したと思われる。
鶴岡八幡宮,つるがおかはちまんぐう,神奈川県,35.3254824,139.5562143,5,第4シリーズ,【#5 鎌倉「800年前の『まちづくり』とは?」】鎌倉幕府の都市計画の中心。若宮大路を含む町割りの起点として登場したと思われる。
建長寺,けんちょうじ,神奈川県,35.3314124,139.5565306,5,第4シリーズ,【#5 鎌倉「800年前の『まちづくり』とは?」】鎌倉五山第一位の禅寺。中世都市の寺町構成を読む題材と思われる。
由比ヶ浜,ゆいがはま,神奈川県,35.3091729,139.5395136,5,第4シリーズ,【#5 鎌倉「800年前の『まちづくり』とは?」】鎌倉の海側の玄関口。都市と海・地形の関係をテーマに登場したと思われる。
江の島,えのしま,神奈川県,35.2983098,139.474861,6,第4シリーズ,【#6 鎌倉の観光「鎌倉が観光で発展し続ける理由は?」】鎌倉近郊の観光地。観光による発展というテーマに関連して登場したと思われる。
函館駅,はこだてえき,北海道,41.773069,140.7274007,7,第4シリーズ,【#7 はるばる函館へ「レールはどう函館を目指す?」】「レールはどう函館を目指す?」がテーマの回で、函館駅はまちの交通・産業の要として登場したと思われる。
函館山,はこだてやま,北海道,41.761623,140.7139375,8,第4シリーズ,【#8 函館の夜景「函館の夜景はなぜ美しい?」】「函館の夜景はなぜ美しい?」がテーマの回で、函館山は地形・自然の成り立ちを示す見どころとして登場したと思われる。
川越氷川神社,かわごえひかわじんじゃ,埼玉県,35.9271396,139.4887762,9,第4シリーズ,【#9 小江戸・川越「なぜ川越は小江戸と呼ばれる?」】「なぜ川越は小江戸と呼ばれる?」がテーマの回で、川越氷川神社は信仰・参詣の中心地として登場したと思われる。
時の鐘,ときのかね,埼玉県,35.9232817,139.4849103,9,第4シリーズ,【#9 小江戸・川越「なぜ川越は小江戸と呼ばれる?」】「なぜ川越は小江戸と呼ばれる?」がテーマの回で、時の鐘は番組内で紹介された見どころとして登場したと思われる。
東大寺,とうだいじ,奈良県,34.6887366,135.8426633,10,第4シリーズ,【#10 奈良「奈良発展の秘密は段差にあり?」】「奈良発展の秘密は段差にあり?」がテーマの回で、東大寺は信仰・歴史を物語る寺院として登場したと思われる。
春日大社,かすがたいしゃ,奈良県,34.6817579,135.8402007,11,第4シリーズ,【#11 奈良の宝「観光地・奈良はどう守られた?」】「観光地・奈良はどう守られた?」がテーマの回で、春日大社は信仰・参詣の中心地として登場したと思われる。
仙台城跡,せんだいじょうあと,宮城県,38.2528625,140.8567402,12,第4シリーズ,【#12 仙台「伊達政宗は地形マニア!?」】「伊達政宗は地形マニア!?」がテーマの回で、仙台城跡は防御・築城の観点を語る中心的な題材として登場したと思われる。
広瀬川,ひろせがわ,宮城県,38.2633811,140.8083158,13,第4シリーズ,【#13 仙台「杜」と「都」「杜の都の秘密とは?」】「杜」と「都」「杜の都の秘密とは?」がテーマの回で、広瀬川は地形・自然の成り立ちを示す見どころとして登場したと思われる。
東京駅,とうきょうえき,東京都,35.6811333,139.7659796,SP1,第4シリーズ,【#SP1 ブラタモリスペシャル 東京駅「巨大地下空間は歴史の生き証人!?」】「巨大地下空間は歴史の生き証人!?」がテーマの回で、東京駅はまちの交通・産業の要として登場したと思われる。
松江城,まつえじょう,島根県,35.4743935,133.0482684,14,第4シリーズ,【#14 松江「国宝 松江城の城下町はどうつくられた?」】「国宝 松江城の城下町はどうつくられた?」がテーマの回で、松江城は防御・築城の観点を語る中心的な題材として登場したと思われる。
出雲大社,いずもたいしゃ,島根県,34.6714064,135.146665,15,第4シリーズ,【#15 出雲「出雲はなぜ日本有数の観光地となった?」】「出雲はなぜ日本有数の観光地となった?」がテーマの回で、出雲大社は信仰・参詣の中心地として登場したと思われる。
雲場池,くもばいけ,長野県,36.350658,138.626833,16,第4シリーズ,【#16 軽井沢「軽井沢はなぜ日本一の避暑地になった!?」】「軽井沢はなぜ日本一の避暑地になった!?」がテーマの回で、雲場池は番組内で紹介された見どころとして登場したと思われる。
櫛田神社,くしだじんじゃ,福岡県,33.5929993,130.4104089,17,第4シリーズ,【#17 博多「博多誕生のカギは高低差にあり!?」】「博多誕生のカギは高低差にあり!?」がテーマの回で、櫛田神社は信仰・参詣の中心地として登場したと思われる。
博多駅中心,はかたえき,福岡県,33.5814343,130.4236633,18,第4シリーズ,【#18 福岡と鉄道「福岡発展のカギは鉄道にあり!?」】「福岡発展のカギは鉄道にあり!?」がテーマの回で、博多駅中心はまちの交通・産業の要として登場したと思われる。
富士山本宮浅間大社,ふじさんほんぐうせんげんたいしゃ,静岡県,35.2275142,138.6100689,19,第4シリーズ,【#19 富士山「富士山はなぜ美しい?」】「富士山はなぜ美しい?」がテーマの回で、富士山本宮浅間大社は信仰・参詣の中心地として登場したと思われる。
宝永山,ほうえいざん,静岡県,35.3435936,138.7520674,20,第4シリーズ,【#20 富士山の美「富士山はなぜ美しい?」】「富士山はなぜ美しい?」がテーマの回で、宝永山は地形・自然の成り立ちを示す見どころとして登場したと思われる。
剣ヶ峰,けんがみね,静岡県,35.3606812,138.7273506,21,第4シリーズ,【#21 富士山頂「人はなぜ富士山頂を目指す?」】「人はなぜ富士山頂を目指す?」がテーマの回で、剣ヶ峰は番組内で紹介された見どころとして登場したと思われる。
大通公園,おおどおりこうえん,北海道,43.0591269,141.3457287,22,第4シリーズ,【#22 札幌「なぜ札幌は200万都市になった?」】「なぜ札幌は200万都市になった?」がテーマの回で、大通公園はまち歩きで紹介された見どころとして登場したと思われる。
小樽運河,おたるうんが,北海道,43.2047267,140.9994261,23,第4シリーズ,【#23 小樽「観光地・小樽発展の秘密は衰退にあり?」】「観光地・小樽発展の秘密は衰退にあり?」がテーマの回で、小樽運河は番組内で紹介された見どころとして登場したと思われる。
碓氷峠,うすいとうげ,長野県,36.3534986,138.7179728,24,第4シリーズ,【#24 軽井沢への道「人はどう峠を越えてきた?」】「人はどう峠を越えてきた?」がテーマの回で、碓氷峠は地形・自然の成り立ちを示す見どころとして登場したと思われる。
日光東照宮,にっこうとうしょうぐう,栃木県,36.7577002,139.5990895,25,第4シリーズ,【#25 日光東照宮「日光東照宮は江戸のテーマパーク?」】「日光東照宮は江戸のテーマパーク?」がテーマの回で、日光東照宮は信仰・参詣の中心地として登場したと思われる。
華厳の滝,けごんのたき,栃木県,36.737944,139.5040485,26,第4シリーズ,【#26 日光の絶景「日光はなぜNIKKOになった?」】「日光はなぜNIKKOになった?」がテーマの回で、華厳の滝は地形・自然の成り立ちを示す見どころとして登場したと思われる。
起雲閣,きうんかく,静岡県,35.0927353,139.0714359,27,第4シリーズ,【#27 熱海「人気温泉地・熱海を支えたものは?」】「人気温泉地・熱海を支えたものは?」がテーマの回で、起雲閣は番組内で紹介された見どころとして登場したと思われる。
小田原城,おだわらじょう,神奈川県,35.2569191,139.1531976,28,第4シリーズ,【#28 小田原「江戸の原点は小田原にあり」】「江戸の原点は小田原にあり」がテーマの回で、小田原城は防御・築城の観点を語る中心的な題材として登場したと思われる。
松山城,まつやまじょう,愛媛県,33.845651,132.7657463,29,第4シリーズ,【#29 松山「四国一の街・松山はどうできた?」】「四国一の街・松山はどうできた?」がテーマの回で、松山城は防御・築城の観点を語る中心的な題材として登場したと思われる。
道後温泉本館,どうごおんせんほんかん,愛媛県,33.852064,132.7864326,30,第4シリーズ,【#30 道後温泉「道後100万人の湯はどうできた?」】「道後100万人の湯はどうできた?」がテーマの回で、道後温泉本館は温泉地の魅力を伝える場所として登場したと思われる。
沼田城跡,ぬまたじょうあと,群馬県,36.6472499,139.0399888,31,第4シリーズ,【#31 真田丸スペシャル・沼田「真田は沼田でどんな城下町をつくった?」】「真田は沼田でどんな城下町をつくった?」がテーマの回で、沼田城跡は防御・築城の観点を語る中心的な題材として登場したと思われる。
首里城,しゅりじょう,沖縄県,26.218147,127.7161535,32,第4シリーズ,【#32 沖縄・首里「王都・首里はサンゴでできている?」】「王都・首里はサンゴでできている?」がテーマの回で、首里城は防御・築城の観点を語る中心的な題材として登場したと思われる。
波上宮,なみのうえぐう,沖縄県,26.220675,127.6711834,33,第4シリーズ,【#33 那覇「那覇は2つある!?」】「那覇は2つある!?」がテーマの回で、波上宮は信仰・参詣の中心地として登場したと思われる。
熊本城,くまもとじょう,熊本県,32.8059063,130.7052723,34,第4シリーズ,【#34 熊本城「熊本城はやりすぎ城?」】「熊本城はやりすぎ城?」がテーマの回で、熊本城は防御・築城の観点を語る中心的な題材として登場したと思われる。
江津湖,えづこ,熊本県,32.7684574,130.755816,35,第4シリーズ,【#35 水の国・熊本「火の国熊本は水の国?」】「火の国熊本は水の国?」がテーマの回で、江津湖は地形・自然の成り立ちを示す見どころとして登場したと思われる。
渡月橋,とげつきょう,京都府,35.0112877,135.677182,36,第4シリーズ,【#36 京都・嵐山「嵐山はナゼ美しい!?」】「嵐山はナゼ美しい!?」がテーマの回で、渡月橋は番組内で紹介された見どころとして登場したと思われる。
伏見稲荷大社,ふしみいなりたいしゃ,京都府,34.9676721,135.7731661,37,第4シリーズ,【#37 京都・伏見「伏見は日本の首都だった!?」】「伏見は日本の首都だった!?」がテーマの回で、伏見稲荷大社は信仰・参詣の中心地として登場したと思われる。
横浜赤レンガ倉庫,よこはまあかれんがそうこ,神奈川県,35.4524046,139.6429182,38,第4シリーズ,【#38 横浜「横浜の秘密はハマにあり!?」】「横浜の秘密はハマにあり!?」がテーマの回で、横浜赤レンガ倉庫は番組内で紹介された見どころとして登場したと思われる。
賢島,かしこじま,三重県,34.3074208,136.8189119,39,第4シリーズ,【#39 志摩「志摩の宝は絶景が生んだ!?」】「志摩の宝は絶景が生んだ!?」がテーマの回で、賢島は地形・自然の成り立ちを示す見どころとして登場したと思われる。
伊勢神宮内宮,いせじんぐうないくう,三重県,36.4032655,138.243989,40,第4シリーズ,【#40 伊勢神宮「人はなぜ伊勢を目指す?」】「人はなぜ伊勢を目指す?」がテーマの回で、伊勢神宮内宮は信仰・参詣の中心地として登場したと思われる。
おかげ横丁,おかげよこちょう,三重県,34.4620018,136.7227099,41,第4シリーズ,【#41 お伊勢参り「人はなぜ伊勢を目指す?」】「人はなぜ伊勢を目指す?」がテーマの回で、おかげ横丁は番組内で紹介された見どころとして登場したと思われる。
横須賀軍港,よこすかぐんこう,神奈川県,35.3196709,139.5811131,42,第4シリーズ,【#42 横須賀「なぜ横須賀は要港っスカ?」】「なぜ横須賀は要港っスカ?」がテーマの回で、横須賀軍港はまちの交通・産業の要として登場したと思われる。
鶴ヶ城,つるがじょう,福島県,37.4898583,139.9302556,43,第4シリーズ,【#43 会津「会津人はアイデアマン!?」】「会津人はアイデアマン!?」がテーマの回で、鶴ヶ城は防御・築城の観点を語る中心的な題材として登場したと思われる。
磐梯山,ばんだいさん,福島県,37.589609,140.057404,44,第4シリーズ,【#44 会津磐梯山「会津磐梯山は宝の山?」】「会津磐梯山は宝の山?」がテーマの回で、磐梯山は地形・自然の成り立ちを示す見どころとして登場したと思われる。
新潟島,にいがたじま,新潟県,37.9318119,139.0586516,45,第4シリーズ,【#45 新潟「新潟は砂の町!?」】「新潟は砂の町!?」がテーマの回で、新潟島は地形・自然の成り立ちを示す見どころとして登場したと思われる。
佐渡金山,さどきんざん,新潟県,38.0414275,138.2581438,46,第4シリーズ,【#46 佐渡「黄金の島・佐渡はキセキの島!?」】「黄金の島・佐渡はキセキの島!?」がテーマの回で、佐渡金山は地形・自然の成り立ちを示す見どころとして登場したと思われる。
高尾山,たかおさん,東京都,35.6240746,139.2882821,47,第4シリーズ,【#47 高尾山「高尾山はナンバーワンの山!?」】「高尾山はナンバーワンの山!?」がテーマの回で、高尾山は地形・自然の成り立ちを示す見どころとして登場したと思われる。
広島城,ひろしまじょう,広島県,34.4287877,132.4884075,48,第4シリーズ,【#48 広島「広島はステキなシティ!?」】「広島はステキなシティ!?」がテーマの回で、広島城は防御・築城の観点を語る中心的な題材として登場したと思われる。
厳島神社,いつくしまじんじゃ,広島県,34.3011848,132.3216587,49,第4シリーズ,【#49 宮島「宮島は神の島!?」】「宮島は神の島!?」がテーマの回で、厳島神社は信仰・参詣の中心地として登場したと思われる。
青木ヶ原樹海,あおきがはらじゅかい,山梨県,35.452828,138.649635,50,第4シリーズ,【#50 富士の樹海「日本を支えた?樹海の正体とは!?」】「日本を支えた?樹海の正体とは!?」がテーマの回で、青木ヶ原樹海は地形・自然の成り立ちを示す見どころとして登場したと思われる。
鳴沢氷穴,なるさわひょうけつ,山梨県,35.4779916,138.6648899,51,第4シリーズ,【#51 樹海の神秘「日本を支えた?樹海の正体とは!?」】「日本を支えた?樹海の正体とは!?」がテーマの回で、鳴沢氷穴は番組内で紹介された見どころとして登場したと思われる。
新倉山浅間公園,あらくらやませんげんこうえん,山梨県,35.501419,138.8015487,52,第4シリーズ,【#52 富士山麓「富士山最大の玄関口はどうできた?」】「富士山最大の玄関口はどうできた?」がテーマの回で、新倉山浅間公園は地形・自然の成り立ちを示す見どころとして登場したと思われる。
大阪城,おおさかじょう,大阪府,34.6830207,135.53053,53,第4シリーズ,【#53 大阪「大阪はなぜ日本一の商都に?」】「大阪はなぜ日本一の商都に?」がテーマの回で、大阪城は防御・築城の観点を語る中心的な題材として登場したと思われる。
真田丸顕彰碑,さなだまるけんしょうひ,大阪府,34.6725562,135.5266355,54,第4シリーズ,【#54 大坂城・真田丸スペシャル「大坂城はなぜ難攻不落?」】「大坂城はなぜ難攻不落?」がテーマの回で、真田丸顕彰碑は番組内で紹介された見どころとして登場したと思われる。
知床五湖,しれとこごこ,北海道,44.1221927,145.0804841,55,第4シリーズ,【#55 知床「世界遺産・知床は火山のおかげ!?」】「世界遺産・知床は火山のおかげ!?」がテーマの回で、知床五湖は地形・自然の成り立ちを示す見どころとして登場したと思われる。
中尊寺,ちゅうそんじ,岩手県,38.9980031,141.106974,56,第4シリーズ,【#56 平泉「黄金の都・平泉はなぜ栄えた?」】「黄金の都・平泉はなぜ栄えた?」がテーマの回で、中尊寺は信仰・歴史を物語る寺院として登場したと思われる。
目黒不動尊,めぐろふどうそん,東京都,35.630019,139.710477,57,第4シリーズ,【#57 東京・目黒「目黒は江戸のリゾート!?」】「目黒は江戸のリゾート!?」がテーマの回で、目黒不動尊は番組内で紹介された見どころとして登場したと思われる。
浦安市郷土博物館,うらやすしきょうどはくぶつかん,千葉県,35.655169,139.901136,58,第4シリーズ,【#58 浦安「なぜ浦安は夢と魔法の町になった?」】「なぜ浦安は夢と魔法の町になった?」がテーマの回で、浦安市郷土博物館はまち歩きで紹介された見どころとして登場したと思われる。
丸亀城,まるがめじょう,香川県,34.2796373,133.7849011,59,第4シリーズ,【#59 さぬきうどん「なぜさぬきうどんは名物になった?」】「なぜさぬきうどんは名物になった?」がテーマの回で、丸亀城は防御・築城の観点を語る中心的な題材として登場したと思われる。
金刀比羅宮,ことひらぐう,香川県,34.1840272,133.8093912,60,第4シリーズ,【#60 こんぴらさん「人はなぜこんぴらさんを目指す?」】「人はなぜこんぴらさんを目指す?」がテーマの回で、金刀比羅宮は信仰・参詣の中心地として登場したと思われる。
偕楽園,かいらくえん,茨城県,36.3756478,140.453059,61,第4シリーズ,【#61 水戸「水戸黄門はなぜ人気があるのか?」】「水戸黄門はなぜ人気があるのか?」がテーマの回で、偕楽園は番組内で紹介された見どころとして登場したと思われる。
別府地獄めぐり,べっぷじごくめぐり,大分県,33.3157539,131.4698602,62,第4シリーズ,【#62 別府温泉「別府はなぜ日本一の温泉に?」】「別府はなぜ日本一の温泉に?」がテーマの回で、別府地獄めぐりは番組内で紹介された見どころとして登場したと思われる。
別府タワー,べっぷたわー,大分県,33.2821039,131.5060492,63,第4シリーズ,【#63 別府「巨大温泉都市・別府はどうできた?」】「巨大温泉都市・別府はどうできた?」がテーマの回で、別府タワーは番組内で紹介された見どころとして登場したと思われる。
神戸港,こうべこう,兵庫県,34.6837698,135.1900952,64,第4シリーズ,【#64 神戸の港「神戸はなぜ1300年も良港なのか?」】「神戸はなぜ1300年も良港なのか?」がテーマの回で、神戸港はまちの交通・産業の要として登場したと思われる。
風見鶏の館,かざみどりのやかた,兵庫県,34.7013758,135.1894888,65,第4シリーズ,【#65 神戸の街「神戸はなぜハイカラなのか?」】「神戸はなぜハイカラなのか?」がテーマの回で、風見鶏の館は番組内で紹介された見どころとして登場したと思われる。
奄美大島紬村,あまみおおしまつむぎむら,鹿児島県,28.4066677,129.6159183,66,第4シリーズ,【#66 奄美大島「自然をいかした奄美の宝とは?」】「自然をいかした奄美の宝とは?」がテーマの回で、奄美大島紬村は地形・自然の成り立ちを示す見どころとして登場したと思われる。
奄美フォレストポリス公園,あまみふぉれすとぽりすこうえん,鹿児島県,28.317051,129.3348794,67,第4シリーズ,【#67 奄美の森「なぜ奄美は生き物の楽園!?」】「なぜ奄美は生き物の楽園!?」がテーマの回で、奄美フォレストポリス公園はまち歩きで紹介された見どころとして登場したと思われる。
加計呂麻島,かけろまじま,鹿児島県,28.1085041,129.2962527,68,第4シリーズ,【#68 奄美の海「なぜ奄美は生き物の楽園!?」】「なぜ奄美は生き物の楽園!?」がテーマの回で、加計呂麻島は地形・自然の成り立ちを示す見どころとして登場したと思われる。
清水寺,きよみずでら,京都府,34.9949161,135.7852941,69,第4シリーズ,【#69 京都・清水寺「人はなぜ清水を目指す?」】「人はなぜ清水を目指す?」がテーマの回で、清水寺は信仰・歴史を物語る寺院として登場したと思われる。
八坂神社,やさかじんじゃ,京都府,35.004192,135.777738,70,第4シリーズ,【#70 京都・祇園「日本一の花街・祇園はどうできた?」】「日本一の花街・祇園はどうできた?」がテーマの回で、八坂神社は信仰・参詣の中心地として登場したと思われる。
大涌谷,おおわくだに,神奈川県,35.2464924,139.0240825,71,第4シリーズ,【#71 箱根「箱根の地獄が極楽を生んだ!?」】「箱根の地獄が極楽を生んだ!?」がテーマの回で、大涌谷は地形・自然の成り立ちを示す見どころとして登場したと思われる。
箱根関所,はこねせきしょ,神奈川県,35.1922525,139.0265523,72,第4シリーズ,【#72 箱根関所「鉄壁!箱根の関所はなぜ破れない!?」】「鉄壁!箱根の関所はなぜ破れない!?」がテーマの回で、箱根関所は番組内で紹介された見どころとして登場したと思われる。
千光寺,せんこうじ,広島県,34.4103649,133.1986846,73,第4シリーズ,【#73 尾道「なぜ人は尾道に魅せられるのか?」】「なぜ人は尾道に魅せられるのか?」がテーマの回で、千光寺は信仰・歴史を物語る寺院として登場したと思われる。
倉敷美観地区,くらしきびかんちく,岡山県,34.5944491,133.7724236,74,第4シリーズ,【#74 倉敷「なぜ美しい町並みが倉敷に?」】「なぜ美しい町並みが倉敷に?」がテーマの回で、倉敷美観地区はまち歩きで紹介された見どころとして登場したと思われる。
名古屋城,なごやじょう,愛知県,35.1853191,136.899177,75,第4シリーズ,【#75 名古屋「尾張名古屋は家康でもつ?」】「尾張名古屋は家康でもつ?」がテーマの回で、名古屋城は防御・築城の観点を語る中心的な題材として登場したと思われる。
熱田神宮,あつたじんぐう,愛知県,35.1251692,136.9092108,76,第4シリーズ,【#76 名古屋・熱田「尾張名古屋は家康でもつ?」】「尾張名古屋は家康でもつ?」がテーマの回で、熱田神宮は信仰・参詣の中心地として登場したと思われる。
氷川神社,ひかわじんじゃ,埼玉県,35.9165199,139.6299373,77,第4シリーズ,【#77 大宮「なぜ大宮は鉄道の町になったのか?」】「なぜ大宮は鉄道の町になったのか?」がテーマの回で、氷川神社は信仰・参詣の中心地として登場したと思われる。
弘前城,ひろさきじょう,青森県,40.5990908,140.4929961,78,第4シリーズ,【#78 弘前「サムライがつくった弘前の宝とは!?」】「サムライがつくった弘前の宝とは!?」がテーマの回で、弘前城は防御・築城の観点を語る中心的な題材として登場したと思われる。
秩父神社,ちちぶじんじゃ,埼玉県,35.9976904,139.0841435,79,第4シリーズ,【#79 秩父「秩父はず〜っと日本を盛り上げた!?」】「秩父はず〜っと日本を盛り上げた!?」がテーマの回で、秩父神社は信仰・参詣の中心地として登場したと思われる。
長瀞岩畳,ながとろいわだたみ,埼玉県,36.0945177,139.1159019,80,第4シリーズ,【#80 夏休みSP 長瀞「なぜ長瀞は人々をひきつけるのか?」】「なぜ長瀞は人々をひきつけるのか?」がテーマの回で、長瀞岩畳は地形・自然の成り立ちを示す見どころとして登場したと思われる。
奥入瀬渓流,おいらせけいりゅう,青森県,40.5757485,140.98095,81,第4シリーズ,【#81 十和田湖・奥入瀬「十和田湖はなぜ神秘の湖に?」】「十和田湖はなぜ神秘の湖に?」がテーマの回で、奥入瀬渓流は地形・自然の成り立ちを示す見どころとして登場したと思われる。
金剛峯寺,こんごうぶじ,和歌山県,34.2132062,135.5840202,82,第4シリーズ,【#82 高野山「高野山は空海テーマパーク!?」】「高野山は空海テーマパーク!?」がテーマの回で、金剛峯寺は信仰・歴史を物語る寺院として登場したと思われる。
高野山 奥之院,こうやさんおくのいん,和歌山県,34.570211,135.5961729,83,第4シリーズ,【#83 高野山と空海「高野山は空海テーマパーク!?」】「高野山は空海テーマパーク!?」がテーマの回で、高野山 奥之院は信仰・歴史を物語る寺院として登場したと思われる。
壇上伽藍,だんじょうがらん,和歌山県,34.8605706,135.4451726,84,第4シリーズ,【#84 高野山の町「高野山はなぜ山上の仏教都市に?」】「高野山はなぜ山上の仏教都市に?」がテーマの回で、壇上伽藍は信仰・歴史を物語る寺院として登場したと思われる。
高知城,こうちじょう,高知県,33.560698,133.5314161,85,第4シリーズ,【#85 高知「高知の町はなぜ龍馬を生んだ?」】「高知の町はなぜ龍馬を生んだ?」がテーマの回で、高知城は防御・築城の観点を語る中心的な題材として登場したと思われる。
黒部ダム,くろべだむ,富山県,36.5665135,137.6645762,86,第4シリーズ,【#86 黒部ダム「黒部ダムはなぜ秘境につくられた?」】「黒部ダムはなぜ秘境につくられた?」がテーマの回で、黒部ダムは番組内で紹介された見どころとして登場したと思われる。
くろよん,くろよん,富山県,36.5576224,137.6564933,87,第4シリーズ,【#87 黒部の奇跡「黒部ダムはなぜ秘境につくられた?」】「黒部ダムはなぜ秘境につくられた?」がテーマの回で、くろよんは番組内で紹介された見どころとして登場したと思われる。
室堂,むろどう,富山県,36.5771923,137.5957936,88,第4シリーズ,【#88 立山「北アルプス・立山はなぜ神秘的?」】「北アルプス・立山はなぜ神秘的?」がテーマの回で、室堂は地形・自然の成り立ちを示す見どころとして登場したと思われる。
昭和新山,しょうわしんざん,北海道,42.5423496,140.8764981,89,第4シリーズ,【#89 洞爺湖「なぜ世界の洞爺湖になった?」】「なぜ世界の洞爺湖になった?」がテーマの回で、昭和新山は地形・自然の成り立ちを示す見どころとして登場したと思われる。
トヨタ産業技術記念館,とよたさんぎょうぎじゅつきねんかん,愛知県,35.1824596,136.876032,90,第4シリーズ,【#90 ものづくり名古屋「名古屋が生んだものづくり日本とは?」】「名古屋が生んだものづくり日本とは?」がテーマの回で、トヨタ産業技術記念館はまち歩きで紹介された見どころとして登場したと思われる。
地球岬,ちきゅうみさき,北海道,42.3122586,140.9896371,91,第4シリーズ,【#91 室蘭「工業都市・室蘭を生んだ奇跡とは!?」】「工業都市・室蘭を生んだ奇跡とは!?」がテーマの回で、地球岬は地形・自然の成り立ちを示す見どころとして登場したと思われる。
岐阜城,ぎふじょう,岐阜県,35.4354335,136.7739058,92,第4シリーズ,【#92 岐阜「岐阜は信長が夢見た平和の都!?」】「岐阜は信長が夢見た平和の都!?」がテーマの回で、岐阜城は防御・築城の観点を語る中心的な題材として登場したと思われる。
彦根城,ひこねじょう,滋賀県,35.2745487,136.2477941,93,第4シリーズ,【#93 彦根「なぜ家康は彦根がイイと思った?」】「なぜ家康は彦根がイイと思った?」がテーマの回で、彦根城は防御・築城の観点を語る中心的な題材として登場したと思われる。
井の頭恩賜公園,いのかしらおんしこうえん,東京都,35.6959297,139.5739424,94,第4シリーズ,【#94 東京・吉祥寺「なぜ人は吉祥寺に住みたがるのか?」】「なぜ人は吉祥寺に住みたがるのか?」がテーマの回で、井の頭恩賜公園はまち歩きで紹介された見どころとして登場したと思われる。
宝塚大劇場,たからづかだいげきじょう,兵庫県,34.8073402,135.3462447,95,第4シリーズ,【#95 宝塚「なぜ宝塚は娯楽の殿堂になった?」】「なぜ宝塚は娯楽の殿堂になった?」がテーマの回で、宝塚大劇場は番組内で紹介された見どころとして登場したと思われる。
田園調布駅,でんえんちょうふえき,東京都,35.5974837,139.6671722,96,第4シリーズ,【#96 田園調布「田園調布はどう超高級住宅街になった?」】「田園調布はどう超高級住宅街になった?」がテーマの回で、田園調布駅はまちの交通・産業の要として登場したと思われる。
有馬温泉,ありまおんせん,兵庫県,34.799394,135.2466646,97,第4シリーズ,【#97 有馬温泉「有馬温泉♨人気はなぜ冷めない?」】「有馬温泉♨人気はなぜ冷めない?」がテーマの回で、有馬温泉は温泉地の魅力を伝える場所として登場したと思われる。
鶴丸城跡,つるまるじょうあと,鹿児島県,31.5981295,130.5557832,98,第4シリーズ,【#98 鹿児島「なぜ鹿児島は明治維新の主役となれた?」】「なぜ鹿児島は明治維新の主役となれた?」がテーマの回で、鶴丸城跡は防御・築城の観点を語る中心的な題材として登場したと思われる。
仙巌園,せんがんえん,鹿児島県,31.6183873,130.5803724,99,第4シリーズ,【#99 薩摩の奇跡「なぜ鹿児島は明治維新の主役となれた?」】「なぜ鹿児島は明治維新の主役となれた?」がテーマの回で、仙巌園は番組内で紹介された見どころとして登場したと思われる。
青島神社,あおしまじんじゃ,宮崎県,31.804407,131.4752722,100,第4シリーズ,【#100 宮崎「なぜ宮崎は南国リゾートになった?」】「なぜ宮崎は南国リゾートになった?」がテーマの回で、青島神社は信仰・参詣の中心地として登場したと思われる。
銀閣寺,ぎんかくじ,京都府,35.0270331,135.7912357,101,第4シリーズ,【#101 京都・銀閣寺「美しきニッポンの始まりは東山の奥にあり!?」】「美しきニッポンの始まりは東山の奥にあり!?」がテーマの回で、銀閣寺は信仰・歴史を物語る寺院として登場したと思われる。
南禅寺,なんぜんじ,京都府,35.0113926,135.7894886,102,第4シリーズ,【#102 京都・東山「美しきニッポンの始まりは東山の奥にあり!?」】「美しきニッポンの始まりは東山の奥にあり!?」がテーマの回で、南禅寺は信仰・歴史を物語る寺院として登場したと思われる。
平等院,びょうどういん,京都府,34.880416,135.8265086,103,第4シリーズ,【#103 京都・宇治「なぜ宇治は天下一の茶どころになった?」】「なぜ宇治は天下一の茶どころになった?」がテーマの回で、平等院は信仰・歴史を物語る寺院として登場したと思われる。
修善寺,しゅぜんじ,静岡県,34.968683,138.886061,104,第4シリーズ,【#104 伊豆「どうして越えたい天城越え?」】「どうして越えたい天城越え?」がテーマの回で、修善寺は信仰・歴史を物語る寺院として登場したと思われる。
天城山,あまぎさん,静岡県,36.5487124,138.1711658,105,第4シリーズ,【#105 天城越え「どうして越えたい天城越え?」】「どうして越えたい天城越え?」がテーマの回で、天城山は防御・築城の観点を語る中心的な題材として登場したと思われる。
萩城跡,はぎじょうあと,山口県,34.4169586,131.3837841,106,第4シリーズ,【#106 萩「萩はなぜ世界遺産になった?」】「萩はなぜ世界遺産になった?」がテーマの回で、萩城跡は防御・築城の観点を語る中心的な題材として登場したと思われる。
了仙寺,りょうせんじ,静岡県,34.6721798,138.9416489,107,第4シリーズ,【#107 伊豆・下田「なぜ下田は開国の地になった!?」】「なぜ下田は開国の地になった!?」がテーマの回で、了仙寺は信仰・歴史を物語る寺院として登場したと思われる。
赤間神宮,あかまじんぐう,山口県,33.9598824,130.9487793,108,第4シリーズ,【#108 関門海峡・下関「関門海峡はなぜ関門?」】「関門海峡はなぜ関門?」がテーマの回で、赤間神宮は信仰・参詣の中心地として登場したと思われる。
門司港駅,もじこうえき,福岡県,33.945132,130.961474,109,第4シリーズ,【#109 関門海峡・門司「関門海峡はなぜ関門?」】「関門海峡はなぜ関門?」がテーマの回で、門司港駅はまちの交通・産業の要として登場したと思われる。
那須岳,なすだけ,栃木県,37.1248614,139.9629304,110,第4シリーズ,【#110 那須「なぜ那須は一大リゾートになった?」】「なぜ那須は一大リゾートになった?」がテーマの回で、那須岳は番組内で紹介された見どころとして登場したと思われる。
鳥取砂丘,とっとりさきゅう,鳥取県,35.5340513,134.2238652,111,第4シリーズ,【#111 鳥取砂丘「なぜ鳥取砂丘は人をひきつける?」】「なぜ鳥取砂丘は人をひきつける?」がテーマの回で、鳥取砂丘はまち歩きで紹介された見どころとして登場したと思われる。
大谷資料館,おおやしりょうかん,栃木県,36.5999756,139.8247362,112,第4シリーズ,【#112 宇都宮「宇都宮は江戸に欠かせない町?」】「宇都宮は江戸に欠かせない町?」がテーマの回で、大谷資料館は地形・自然の成り立ちを示す見どころとして登場したと思われる。
山居倉庫,さんきょそうこ,山形県,38.911167,139.8367782,113,第4シリーズ,【#113 山形・酒田「山形・酒田はなぜ日本の中心!?」】「山形・酒田はなぜ日本の中心!?」がテーマの回で、山居倉庫は地形・自然の成り立ちを示す見どころとして登場したと思われる。
箱根湯本温泉,はこねゆもとおんせん,神奈川県,35.2287253,139.0945676,114,第4シリーズ,【#114 箱根の温泉「箱根はなぜNO.1の温泉に登りつめた?」】「箱根はなぜNO.1の温泉に登りつめた?」がテーマの回で、箱根湯本温泉は温泉地の魅力を伝える場所として登場したと思われる。
江の島,えのしま,神奈川県,35.3077979,139.4845336,115,第4シリーズ,【#115 湘南「湘南人気のヒミツはいとしのヘリにあり♪」】「湘南人気のヒミツはいとしのヘリにあり♪」がテーマの回で、江の島は地形・自然の成り立ちを示す見どころとして登場したと思われる。
陶山神社,すえやまじんじゃ,佐賀県,33.1889412,129.8992894,116,第4シリーズ,【#116 有田焼「なぜ世界の有田焼になった?」】「なぜ世界の有田焼になった?」がテーマの回で、陶山神社は信仰・参詣の中心地として登場したと思われる。
有田ポーセリングパーク,ありたぽーせりんぐぱーく,佐賀県,33.1626027,129.9070475,117,第4シリーズ,【#117 有田焼、世界へ「なぜ世界の有田焼になった?」】「なぜ世界の有田焼になった?」がテーマの回で、有田ポーセリングパークは番組内で紹介された見どころとして登場したと思われる。
四季彩の丘,しきさいのおか,北海道,43.5289503,142.4654848,118,第4シリーズ,【#118 富良野・美瑛「残りモノには福がある」】「残りモノには福がある」がテーマの回で、四季彩の丘はまち歩きで紹介された見どころとして登場したと思われる。
旭山動物園,あさひやまどうぶつえん,北海道,43.7665332,142.4835566,119,第4シリーズ,【#119 旭川「旭川は北のトップランナー!?」】「旭川は北のトップランナー!?」がテーマの回で、旭山動物園は地形・自然の成り立ちを示す見どころとして登場したと思われる。
東尋坊,とうじんぼう,福井県,36.2372365,136.1271692,120,第4シリーズ,【#120 東尋坊・恐竜「東尋坊 恐竜 福井名物はなぜ生まれた?」】「東尋坊 恐竜 福井名物はなぜ生まれた?」がテーマの回で、東尋坊は番組内で紹介された見どころとして登場したと思われる。
豊洲市場,とよすしじょう,東京都,35.7969033,139.9647277,121,第4シリーズ,【#121 東京・豊洲「TOKYOサポーターは豊洲にやってくる!?」】「TOKYOサポーターは豊洲にやってくる!?」がテーマの回で、豊洲市場はまち歩きで紹介された見どころとして登場したと思われる。
一乗谷朝倉氏遺跡,いちじょうだにあさくらしいせき,福井県,36.0152181,136.2982788,124,第4シリーズ,【#124 福井「福井のルーツは消えた都市にあり!?」】「福井のルーツは消えた都市にあり!?」がテーマの回で、一乗谷朝倉氏遺跡は地形・自然の成り立ちを示す見どころとして登場したと思われる。
武蔵小杉駅,むさしこすぎえき,神奈川県,35.5767795,139.6598344,125,第4シリーズ,【#125 武蔵小杉「人気急上昇!武蔵小杉発展の秘密とは!?」】「人気急上昇!武蔵小杉発展の秘密とは!?」がテーマの回で、武蔵小杉駅は地形・自然の成り立ちを示す見どころとして登場したと思われる。
眉山,びざん,徳島県,34.0608579,134.5164028,128,第4シリーズ,【#128 阿波踊り「阿波踊りはなぜ生まれた?」】「阿波踊りはなぜ生まれた?」がテーマの回で、眉山は地形・自然の成り立ちを示す見どころとして登場したと思われる。
鳴門の渦潮,なるとのうずしお,徳島県,34.2366261,134.6510518,129,第4シリーズ,【#129 鳴門「鳴門が四国の玄関口になるとは?」】「鳴門が四国の玄関口になるとは?」がテーマの回で、鳴門の渦潮は番組内で紹介された見どころとして登場したと思われる。
甲府城跡,こうふじょうあと,山梨県,35.6657147,138.5710443,130,第4シリーズ,【#130 甲府盆地「ミラクル盆地は試練がいっぱい」】「ミラクル盆地は試練がいっぱい」がテーマの回で、甲府城跡は防御・築城の観点を語る中心的な題材として登場したと思われる。
熊野那智大社,くまのなちたいしゃ,和歌山県,33.6691588,135.8904981,131,第4シリーズ,【#131 熊野「なぜ熊野は日本の聖地になった?」】「なぜ熊野は日本の聖地になった?」がテーマの回で、熊野那智大社は信仰・参詣の中心地として登場したと思われる。
熊野本宮大社,くまのほんぐうたいしゃ,和歌山県,33.837928,135.7761046,132,第4シリーズ,【#132 熊野の観光「熊野観光の深〜い魅力とは?」】「熊野観光の深〜い魅力とは?」がテーマの回で、熊野本宮大社は信仰・参詣の中心地として登場したと思われる。
道頓堀,どうとんぼり,大阪府,34.6688231,135.5055574,133,第4シリーズ,【#133 大阪ミナミ「なぜミナミは日本一のお笑いの街になった?」】「なぜミナミは日本一のお笑いの街になった?」がテーマの回で、道頓堀は番組内で紹介された見どころとして登場したと思われる。
仁徳天皇陵古墳,にんとくてんのうりょうこふん,大阪府,34.5607832,135.485042,134,第4シリーズ,【#134 古墳の町・堺「巨大古墳は日本の歴史を動かした」】「巨大古墳は日本の歴史を動かした」がテーマの回で、仁徳天皇陵古墳は番組内で紹介された見どころとして登場したと思われる。
鹿島神宮,かしまじんぐう,茨城県,35.969656,140.6350494,135,第4シリーズ,【#135 ちばらき「ちばらきはニッポンの要」】「ちばらきはニッポンの要」がテーマの回で、鹿島神宮は信仰・参詣の中心地として登場したと思われる。
犬吠埼,いぬぼうさき,千葉県,35.7037473,140.863045,136,第4シリーズ,【#136 銚子「銚子はなぜ日本一の漁港になった?」】「銚子はなぜ日本一の漁港になった?」がテーマの回で、犬吠埼は番組内で紹介された見どころとして登場したと思われる。
国立科学博物館附属自然教育園,こくりつかがくはくぶつかんふぞくしぜんきょういくえん,東京都,35.636007,139.721312,137,第4シリーズ,【#137 東京・白金「白金はなぜシロガネーゼの街になった?」】「白金はなぜシロガネーゼの街になった?」がテーマの回で、国立科学博物館附属自然教育園はまち歩きで紹介された見どころとして登場したと思われる。
阿蘇山,あそさん,熊本県,32.8796985,131.0732713,138,第4シリーズ,【#138 阿蘇「阿蘇は世界一のお役立ち火山」】「阿蘇は世界一のお役立ち火山」がテーマの回で、阿蘇山は地形・自然の成り立ちを示す見どころとして登場したと思われる。
西陣織会館,にしじんおりかいかん,京都府,35.0288908,135.7514579,139,第4シリーズ,【#139 京都・西陣「織物の町・西陣はどうできた?」】「織物の町・西陣はどうできた?」がテーマの回で、西陣織会館は番組内で紹介された見どころとして登場したと思われる。
釧路湿原,くしろしつげん,北海道,43.1430366,144.1463405,140,第4シリーズ,【#140 釧路湿原「世界に誇る釧路湿原のスゴさとは?」】「世界に誇る釧路湿原のスゴさとは?」がテーマの回で、釧路湿原は地形・自然の成り立ちを示す見どころとして登場したと思われる。
摩周湖,ましゅうこ,北海道,43.5928237,144.543044,141,第4シリーズ,【#141 阿寒・摩周「色とりどりな宝の秘密とは」】「色とりどりな宝の秘密とは」がテーマの回で、摩周湖は地形・自然の成り立ちを示す見どころとして登場したと思われる。
京都御所,きょうとごしょ,京都府,34.986644,135.7323195,142,第4シリーズ,【#142 京都御所「天皇の住まいはなぜこの場所だった?」】「天皇の住まいはなぜこの場所だった?」がテーマの回で、京都御所は番組内で紹介された見どころとして登場したと思われる。
延暦寺,えんりゃくじ,京都府,35.095705,135.8468099,143,第4シリーズ,【#143 比叡山「比叡山はなぜ母なる山になった?」】「比叡山はなぜ母なる山になった?」がテーマの回で、延暦寺は信仰・歴史を物語る寺院として登場したと思われる。
比叡山延暦寺,ひえいざんえんりゃくじ,滋賀県,35.0710355,135.8655837,144,第4シリーズ,【#144 比叡山の修行「比叡山はなぜ母なる山になった?」】「比叡山はなぜ母なる山になった?」がテーマの回で、比叡山延暦寺は信仰・歴史を物語る寺院として登場したと思われる。
鬼押出し園,おにおしだしえん,群馬県,36.444972,138.536684,145,第4シリーズ,【#145 浅間山「江戸時代の大噴火!衝撃の1日に何があった?」】「江戸時代の大噴火!衝撃の1日に何があった?」がテーマの回で、鬼押出し園は番組内で紹介された見どころとして登場したと思われる。
草津温泉「湯畑」の湯けむり,くさつおんせんゆばたけ,群馬県,36.6232063,138.5968907,146,第4シリーズ,【#146 草津温泉「最強の湯力とは?」】「最強の湯力とは?」がテーマの回で、草津温泉「湯畑」の湯けむりは温泉地の魅力を伝える場所として登場したと思われる。
旧大館城堀,きゅうおおだてじょうぼり,秋田県,40.27192,140.5644221,147,第4シリーズ,【#147 秋田「掘れば出てくる秋田の魅力とは」】「掘れば出てくる秋田の魅力とは」がテーマの回で、旧大館城堀は防御・築城の観点を語る中心的な題材として登場したと思われる。
入道崎,にゅうどうざき,秋田県,39.9991707,139.707179,148,第4シリーズ,【#148 秋田・男鹿「海を渡った秋田の魅力とは」】「海を渡った秋田の魅力とは」がテーマの回で、入道崎は地形・自然の成り立ちを示す見どころとして登場したと思われる。
岡山城,おかやまじょう,岡山県,34.6648006,133.936267,149,第4シリーズ,【#149 岡山「岡山といえば桃太郎なのはナゼ?」】「岡山といえば桃太郎なのはナゼ?」がテーマの回で、岡山城は防御・築城の観点を語る中心的な題材として登場したと思われる。
宮沢賢治記念館,みやざわけんじきねんかん,岩手県,39.3994605,141.1636859,150,第4シリーズ,【#150 花巻「花巻はなぜ宮沢賢治を生んだ?」】「花巻はなぜ宮沢賢治を生んだ?」がテーマの回で、宮沢賢治記念館は信仰・参詣の中心地として登場したと思われる。
姫路城,ひめじじょう,兵庫県,34.841476,134.683457,151,第4シリーズ,【#151 姫路城「姫路城で江戸城のロケをするのはあり?」】「姫路城で江戸城のロケをするのはあり?」がテーマの回で、姫路城は防御・築城の観点を語る中心的な題材として登場したと思われる。
浜名湖,はまなこ,静岡県,34.7347518,137.5902054,152,第4シリーズ,【#152 浜名湖「ウナギといえば浜名湖なのはなぜ?」】「ウナギといえば浜名湖なのはなぜ?」がテーマの回で、浜名湖は地形・自然の成り立ちを示す見どころとして登場したと思われる。
浜松城,はままつじょう,静岡県,34.7116063,137.7254724,153,第4シリーズ,【#153 浜松「なぜ浜松が楽器の町になった♪」】「なぜ浜松が楽器の町になった♪」がテーマの回で、浜松城は防御・築城の観点を語る中心的な題材として登場したと思われる。
佐田沈下橋,さだちんかばし,高知県,33.0154318,132.8859487,154,第4シリーズ,【#154 四万十川「最後の清流に隠された秘密とは」】「最後の清流に隠された秘密とは」がテーマの回で、佐田沈下橋は番組内で紹介された見どころとして登場したと思われる。
不入山,いらずやま,高知県,33.4407656,133.0631841,155,第4シリーズ,【#155 四万十川・源流へ「最後の清流に隠された秘密とは」】「最後の清流に隠された秘密とは」がテーマの回で、不入山は地形・自然の成り立ちを示す見どころとして登場したと思われる。
釜石駅,かまいしえき,岩手県,39.2726345,141.8722135,156,第4シリーズ,【#156 三陸リアス「鉄道がつないだ三陸の夢とは?」】「鉄道がつないだ三陸の夢とは?」がテーマの回で、釜石駅はまちの交通・産業の要として登場したと思われる。
恋し浜駅,こいしはまえき,岩手県,39.0746996,141.8166536,157,第4シリーズ,【#157 三陸の鉄道「鉄道がつないだ三陸の夢とは?」】「鉄道がつないだ三陸の夢とは?」がテーマの回で、恋し浜駅はまちの交通・産業の要として登場したと思われる。
伊賀上野城,いがうえのじょう,三重県,34.7731515,136.1328082,158,第4シリーズ,【#158 伊賀忍者「なぜ伊賀はNINJAの里になったのか?」】「なぜ伊賀はNINJAの里になったのか?」がテーマの回で、伊賀上野城は防御・築城の観点を語る中心的な題材として登場したと思われる。
油日神社,あぶらひじんじゃ,滋賀県,34.886703,136.2495738,159,第4シリーズ,【#159 甲賀・信楽「歴史は甲賀で動いた」】「歴史は甲賀で動いた」がテーマの回で、油日神社は信仰・参詣の中心地として登場したと思われる。
崎津天主堂,さきつてんしゅどう,熊本県,32.31238,130.0257606,160,第4シリーズ,【#160 島原・天草「なぜキリシタンは250年も潜伏できた?」】「なぜキリシタンは250年も潜伏できた?」がテーマの回で、崎津天主堂は信仰の歴史を物語る教会として登場したと思われる。
法隆寺,ほうりゅうじ,奈良県,34.609358,135.7372075,161,第4シリーズ,【#161 法隆寺「なぜ法隆寺は1400年愛され続けるのか?」】「なぜ法隆寺は1400年愛され続けるのか?」がテーマの回で、法隆寺は信仰・歴史を物語る寺院として登場したと思われる。
石舞台古墳,いしぶたいこふん,奈良県,34.466911,135.8261224,162,第4シリーズ,【#162 奈良・飛鳥「なぜ飛鳥は日本の国の礎となったのか?」】「なぜ飛鳥は日本の国の礎となったのか?」がテーマの回で、石舞台古墳は番組内で紹介された見どころとして登場したと思われる。
森戸神社,もりとじんじゃ,神奈川県,35.2726664,139.5699014,163,第4シリーズ,【#163 葉山「憧れの葉山はどうできた?」】「憧れの葉山はどうできた?」がテーマの回で、森戸神社は信仰・参詣の中心地として登場したと思われる。
波浮港,はぶみなと,東京都,34.686961,139.440879,164,第4シリーズ,【#164 伊豆大島「なぜ伊豆大島といえばアンコ椿!?」】「なぜ伊豆大島といえばアンコ椿!?」がテーマの回で、波浮港はまちの交通・産業の要として登場したと思われる。
三原山,みはらやま,東京都,33.0942561,139.8134708,165,第4シリーズ,【#165 伊豆大島の火山「伊豆大島は世界に誇る火山愛ランド!?」】「伊豆大島は世界に誇る火山愛ランド!?」がテーマの回で、三原山は地形・自然の成り立ちを示す見どころとして登場したと思われる。
博物館 網走監獄,はくぶつかんあばしりかんごく,北海道,43.9969591,144.2298156,167,第4シリーズ,【#167 網走「最果ての地 網走は理想の地!?」】「最果ての地 網走は理想の地!?」がテーマの回で、博物館 網走監獄はまち歩きで紹介された見どころとして登場したと思われる。
サロマ湖,さろまこ,北海道,44.1478827,143.7575802,168,第4シリーズ,【#168 サロマ湖「サロマ湖といえばホタテなのはなぜ?」】「サロマ湖といえばホタテなのはなぜ?」がテーマの回で、サロマ湖は地形・自然の成り立ちを示す見どころとして登場したと思われる。
高山陣屋,たかやまじんや,岐阜県,36.1395223,137.2580596,169,第4シリーズ,【#169 飛騨「アゲアゲの飛騨!そのヒミツは?」】「アゲアゲの飛騨!そのヒミツは?」がテーマの回で、高山陣屋は地形・自然の成り立ちを示す見どころとして登場したと思われる。
白川郷合掌造り集落,しらかわごうがっしょうづくりしゅうらく,岐阜県,36.2629854,136.9071867,170,第4シリーズ,【#170 白川郷「白川郷はなぜ美しい?」】「白川郷はなぜ美しい?」がテーマの回で、白川郷合掌造り集落は地形・自然の成り立ちを示す見どころとして登場したと思われる。
城崎温泉,きのさきおんせん,兵庫県,35.6234235,134.8130838,171,第4シリーズ,【#171 城崎・豊岡「影の主役は玄武岩?」】「影の主役は玄武岩?」がテーマの回で、城崎温泉は防御・築城の観点を語る中心的な題材として登場したと思われる。
天橋立,あまのはしだて,京都府,35.5801686,135.1999007,172,第4シリーズ,【#172 天橋立「なぜ人々は天橋立を目指す?」】「なぜ人々は天橋立を目指す?」がテーマの回で、天橋立は番組内で紹介された見どころとして登場したと思われる。
来島海峡,くるしまかいきょう,愛媛県,34.1165485,133.0006941,173,第4シリーズ,【#173 しまなみ海道「瀬戸内の覇者・村上海賊はなぜ生まれた?」】「瀬戸内の覇者・村上海賊はなぜ生まれた?」がテーマの回で、来島海峡は地形・自然の成り立ちを示す見どころとして登場したと思われる。
大和ミュージアム,やまとみゅーじあむ,広島県,34.2412026,132.5558549,174,第4シリーズ,【#174 呉「戦艦大和のふるさと・呉はどうできた?」】「戦艦大和のふるさと・呉はどうできた?」がテーマの回で、大和ミュージアムは番組内で紹介された見どころとして登場したと思われる。
由布院温泉,ゆふいんおんせん,大分県,33.262544,131.355521,175,第4シリーズ,【#175 ゆふいん「遅咲きの由布院 人気温泉地への道のりとは!?」】「遅咲きの由布院 人気温泉地への道のりとは!?」がテーマの回で、由布院温泉は温泉地の魅力を伝える場所として登場したと思われる。
天領日田歴史資料館,てんりょうひたれきししりょうかん,大分県,33.3266335,130.9356667,176,第4シリーズ,【#176 進撃の日田「囲まれた世界の宝とは?」】「囲まれた世界の宝とは?」がテーマの回で、天領日田歴史資料館はまち歩きで紹介された見どころとして登場したと思われる。
渋沢栄一記念館,しぶさわえいいちきねんかん,埼玉県,36.2342374,139.2639063,177,第4シリーズ,【#177 埼玉・深谷「近代日本経済の父はなぜ深谷で生まれた?」】「近代日本経済の父はなぜ深谷で生まれた?」がテーマの回で、渋沢栄一記念館はまち歩きで紹介された見どころとして登場したと思われる。
館山城,たてやまじょう,千葉県,34.9815067,139.8557527,178,第4シリーズ,【#178 館山「房総リゾート・館山はどうできた?」】「房総リゾート・館山はどうできた?」がテーマの回で、館山城は防御・築城の観点を語る中心的な題材として登場したと思われる。
海ほたるPA,うみほたるぱーきんぐえりあ,千葉県,35.4643652,139.8743299,179,第4シリーズ,【#179 木更津「木更津は東京のマブダチ!?」】「木更津は東京のマブダチ!?」がテーマの回で、海ほたるPAは番組内で紹介された見どころとして登場したと思われる。
江戸城跡,えどじょうあと,東京都,35.6827516,139.7613917,180,第4シリーズ,【#180 江戸城「江戸城は日本の城の集大成!そして...」】「江戸城は日本の城の集大成!そして...」がテーマの回で、江戸城跡は防御・築城の観点を語る中心的な題材として登場したと思われる。
日比谷公園,ひびやこうえん,東京都,35.675154,139.759267,181,第4シリーズ,【#181 江戸城と東京「江戸城は日本の城の集大成!そして...」】「江戸城は日本の城の集大成!そして...」がテーマの回で、日比谷公園は地形・自然の成り立ちを示す見どころとして登場したと思われる。
諏訪大社,すわたいしゃ,長野県,36.0749661,138.0899718,182,第4シリーズ,【#182 諏訪「なぜ人々は諏訪を目指すのか?」】「なぜ人々は諏訪を目指すのか?」がテーマの回で、諏訪大社は信仰・参詣の中心地として登場したと思われる。
松本城,まつもとじょう,長野県,36.2386293,137.9689343,183,第4シリーズ,【#183 松本「国宝・松本城はなぜ愛された?」】「国宝・松本城はなぜ愛された?」がテーマの回で、松本城は防御・築城の観点を語る中心的な題材として登場したと思われる。
伊弉諾神宮,いざなぎじんぐう,兵庫県,34.4596181,134.8516068,184,第4シリーズ,【#184 淡路島「神はナゼ淡路島をはじまりの島にした!?」】「神はナゼ淡路島をはじまりの島にした!?」がテーマの回で、伊弉諾神宮は信仰・参詣の中心地として登場したと思われる。
鳴門海峡,なるとかいきょう,兵庫県,34.2282303,134.6587453,185,第4シリーズ,【#185 淡路島の宝「神はナゼ淡路島をはじまりの島にした!?」】「神はナゼ淡路島をはじまりの島にした!?」がテーマの回で、鳴門海峡は地形・自然の成り立ちを示す見どころとして登場したと思われる。
渋谷スクランブル交差点,しぶやすくらんぶるこうさてん,東京都,35.658653,139.6998497,186,第4シリーズ,【#186 渋谷「なぜ渋谷に人が集まるのか?」】「なぜ渋谷に人が集まるのか?」がテーマの回で、渋谷スクランブル交差点は地形・自然の成り立ちを示す見どころとして登場したと思われる。
NHK放送センター,えぬえいちけいほうそうせんたー,東京都,35.6648626,139.6958445,187,第4シリーズ,【#187 NHK「放送のお宝から見えてくる歴史と未来とは?」】「放送のお宝から見えてくる歴史と未来とは?」がテーマの回で、NHK放送センターは番組内で紹介された見どころとして登場したと思われる。
筑波山,つくばさん,茨城県,36.2253952,140.1067186,188,第4シリーズ,【#188 つくば「つくばは日本の姿をどう解き明かす?」】「つくばは日本の姿をどう解き明かす?」がテーマの回で、筑波山は地形・自然の成り立ちを示す見どころとして登場したと思われる。
羽村取水堰,はむらしゅすいぜき,東京都,35.7697771,139.2967403,189,第4シリーズ,【#189 江戸の水「江戸の水が東京を潤す?」】「江戸の水が東京を潤す?」がテーマの回で、羽村取水堰はまち歩きで紹介された見どころとして登場したと思われる。
フォッサマグナミュージアム,ふぉっさまぐなみゅーじあむ,新潟県,37.0255178,137.8703786,190,第4シリーズ,【#190 フォッサマグナ「日本はどうできた?」】「日本はどうできた?」がテーマの回で、フォッサマグナミュージアムは番組内で紹介された見どころとして登場したと思われる。
親不知,おやしらず,新潟県,37.0072268,137.7406634,191,第4シリーズ,【#191 糸魚川「君は糸魚川の本当のすごさを知っているか?」】「君は糸魚川の本当のすごさを知っているか?」がテーマの回で、親不知は番組内で紹介された見どころとして登場したと思われる。
富山城,とやまじょう,富山県,36.6928884,137.2114371,192,第4シリーズ,【#192 富山「富山の富はどう生まれた?」】「富山の富はどう生まれた?」がテーマの回で、富山城は防御・築城の観点を語る中心的な題材として登場したと思われる。
三段壁,さんだんべき,和歌山県,33.6654412,135.3352178,193,第4シリーズ,【#193 南紀白浜「一大リゾートへの道のりとは!?」】「一大リゾートへの道のりとは!?」がテーマの回で、三段壁は地形・自然の成り立ちを示す見どころとして登場したと思われる。
和歌山城,わかやまじょう,和歌山県,34.2276472,135.1715062,195,第4シリーズ,【#195 和歌山「和歌山に御三家が置かれた鍵は?」】「和歌山に御三家が置かれた鍵は?」がテーマの回で、和歌山城は防御・築城の観点を語る中心的な題材として登場したと思われる。
川平湾,かびらわん,沖縄県,24.4500748,124.1436464,196,第4シリーズ,【#196 石垣島「サンゴ礁は石垣島をどう育てた?」】「サンゴ礁は石垣島をどう育てた?」がテーマの回で、川平湾は地形・自然の成り立ちを示す見どころとして登場したと思われる。
竹富島,たけとみじま,沖縄県,24.3297221,124.0873495,197,第4シリーズ,【#197 竹富島「竹富島に生きるとは?」】「竹富島に生きるとは?」がテーマの回で、竹富島は地形・自然の成り立ちを示す見どころとして登場したと思われる。
高松城跡,たかまつじょうあと,香川県,34.351312,134.0497336,198,第4シリーズ,【#198 高松「巨大な海城は町をどう発展させた?」】「巨大な海城は町をどう発展させた?」がテーマの回で、高松城跡は防御・築城の観点を語る中心的な題材として登場したと思われる。
寒霞渓,かんかけい,香川県,34.5156451,134.3003601,199,第4シリーズ,【#199 小豆島「食の宝島!小豆島を生んだアツ〜イ理由とは?」】「食の宝島!小豆島を生んだアツ〜イ理由とは?」がテーマの回で、寒霞渓は地形・自然の成り立ちを示す見どころとして登場したと思われる。
北の丸公園,きたのまるこうえん,東京都,35.6903994,139.7552341,200,第4シリーズ,【#200 大名屋敷「大名屋敷は東京に何を残したか」】「大名屋敷は東京に何を残したか」がテーマの回で、北の丸公園はまち歩きで紹介された見どころとして登場したと思われる。
六義園,りくぎえん,東京都,35.7324316,139.7484331,201,第4シリーズ,【#201 大名屋敷と東京「大名屋敷は東京に何を残したか」】「大名屋敷は東京に何を残したか」がテーマの回で、六義園は番組内で紹介された見どころとして登場したと思われる。
富津岬,ふっつみさき,千葉県,35.3124939,139.82336,202,第4シリーズ,【#202 東京湾「海の玄関口・東京湾 原点は川にあり?」】「海の玄関口・東京湾 原点は川にあり?」がテーマの回で、富津岬は地形・自然の成り立ちを示す見どころとして登場したと思われる。
川崎大師,かわさきだいし,神奈川県,35.5342926,139.729317,203,第4シリーズ,【#203 横浜・川崎「横浜・川崎は東京湾をどう進化させた?」】「横浜・川崎は東京湾をどう進化させた?」がテーマの回で、川崎大師は地形・自然の成り立ちを示す見どころとして登場したと思われる。
八王子城跡,はちおうじじょうあと,東京都,35.6547227,139.2599177,204,第4シリーズ,【#204 八王子「八王子はなぜデカい?」】「八王子はなぜデカい?」がテーマの回で、八王子城跡は防御・築城の観点を語る中心的な題材として登場したと思われる。
町田駅,まちだえき,東京都,35.5445677,139.4458351,205,第4シリーズ,【#205 町田「なぜ東京・町田は神奈川県町田市と間違えられるのか?」】「なぜ東京・町田は神奈川県町田市と間違えられるのか?」がテーマの回で、町田駅はまちの交通・産業の要として登場したと思われる。
鴨川,かもがわ,京都府,34.9555486,135.7324431,206,第4シリーズ,【#206 京都・鴨川「川をたどれば京都がわかる!?」】「川をたどれば京都がわかる!?」がテーマの回で、鴨川は地形・自然の成り立ちを示す見どころとして登場したと思われる。
三千院,さんぜんいん,京都府,35.119619,135.834745,207,第4シリーズ,【#207 京都・大原「なぜ大原は癒やしの里になった?」】「なぜ大原は癒やしの里になった?」がテーマの回で、三千院は信仰・歴史を物語る寺院として登場したと思われる。
城ヶ崎海岸,じょうがさきかいがん,静岡県,34.8904234,139.138581,208,第4シリーズ,【#208 伊東「伊東を人気温泉地にした海と山の幸とは?」】「伊東を人気温泉地にした海と山の幸とは?」がテーマの回で、城ヶ崎海岸は防御・築城の観点を語る中心的な題材として登場したと思われる。
白米千枚田,しろよねせんまいだ,石川県,37.425699,136.9990287,209,第4シリーズ,【#209 能登半島「なぜ能登の風景は人の心を打つのか?」】「なぜ能登の風景は人の心を打つのか?」がテーマの回で、白米千枚田は番組内で紹介された見どころとして登場したと思われる。
輪島朝市,わじまあさいち,石川県,37.3955383,136.9035941,210,第4シリーズ,【#210 輪島「輪島塗はなぜ日本を代表する伝統工芸になった?」】「輪島塗はなぜ日本を代表する伝統工芸になった?」がテーマの回で、輪島朝市は地形・自然の成り立ちを示す見どころとして登場したと思われる。
桜島,さくらじま,鹿児島県,31.5805744,130.657984,211,第4シリーズ,【#211 桜島「世界有数の活火山になぜ暮らす?」】「世界有数の活火山になぜ暮らす?」がテーマの回で、桜島は地形・自然の成り立ちを示す見どころとして登場したと思われる。
水木しげるロード,みずきしげるろーど,鳥取県,35.5460851,133.2294913,212,第4シリーズ,【#212 境港・米子「思わずゲゲゲ!鳥取のしっぽは不思議だらけ!?」】「思わずゲゲゲ!鳥取のしっぽは不思議だらけ!?」がテーマの回で、水木しげるロードは番組内で紹介された見どころとして登場したと思われる。
石見銀山,いわみぎんざん,島根県,35.1195742,132.4460141,213,第4シリーズ,【#213 石見銀山「世界の石見銀山 そのスゴさとは?」】「世界の石見銀山 そのスゴさとは?」がテーマの回で、石見銀山は地形・自然の成り立ちを示す見どころとして登場したと思われる。
恐山,おそれざん,青森県,41.3169493,141.0876763,214,第4シリーズ,【#214 恐山「なぜ恐山で死者に会えると思うのか?」】「なぜ恐山で死者に会えると思うのか?」がテーマの回で、恐山は地形・自然の成り立ちを示す見どころとして登場したと思われる。
大間崎,おおまざき,青森県,41.5464894,140.9129659,215,第4シリーズ,【#215 下北半島「まさかりがもたらした恵みとは?」】「まさかりがもたらした恵みとは?」がテーマの回で、大間崎は地形・自然の成り立ちを示す見どころとして登場したと思われる。
海洋研究開発機構,かいようけんきゅうかいはつきこう,神奈川県,35.320215,139.649917,216,第4シリーズ,【#216 深海「なぜ深海に潜るのか?」】「なぜ深海に潜るのか?」がテーマの回で、海洋研究開発機構は番組内で紹介された見どころとして登場したと思われる。
東京スカイツリー,とうきょうすかいつりー,東京都,35.7100509,139.8107133,217,第4シリーズ,【#217 東京スカイツリー「なぜここにスカイツリーは立っている?」】「なぜここにスカイツリーは立っている?」がテーマの回で、東京スカイツリーは番組内で紹介された見どころとして登場したと思われる。
和多都美神社,わたづみじんじゃ,長崎県,34.3790993,129.311911,218,第4シリーズ,【#218 対馬「日本史最前線!国境の島が果たした役割とは?」】「日本史最前線!国境の島が果たした役割とは?」がテーマの回で、和多都美神社は信仰・参詣の中心地として登場したと思われる。
登別地獄谷,のぼりべつじごくだに,北海道,42.4974956,141.1464509,220,第4シリーズ,【#220 登別温泉「なぜ登別温泉はいい湯だな?」】「なぜ登別温泉はいい湯だな?」がテーマの回で、登別地獄谷は地形・自然の成り立ちを示す見どころとして登場したと思われる。
苫小牧港,とまこまいこう,北海道,42.6450453,141.6232875,221,第4シリーズ,【#221 苫小牧「苫小牧はなぜ日本有数の工業都市になった?」】「苫小牧はなぜ日本有数の工業都市になった?」がテーマの回で、苫小牧港はまちの交通・産業の要として登場したと思われる。
善光寺,ぜんこうじ,長野県,36.6612579,138.1892078,222,第4シリーズ,【#222 善光寺「善光寺はなぜ多くの人を引きつける?」】「善光寺はなぜ多くの人を引きつける?」がテーマの回で、善光寺は信仰・歴史を物語る寺院として登場したと思われる。
大王わさび農場,だいおうわさびのうじょう,長野県,36.3389393,137.9089667,223,第4シリーズ,【#223 安曇野「安曇野は、ファン多し!」】「安曇野は、ファン多し!」がテーマの回で、大王わさび農場は番組内で紹介された見どころとして登場したと思われる。
駿府城公園,すんぷじょうこうえん,静岡県,34.979249,138.383145,224,第4シリーズ,【#224 静岡「家康が愛した駿府ってどんな所?」】「家康が愛した駿府ってどんな所?」がテーマの回で、駿府城公園は防御・築城の観点を語る中心的な題材として登場したと思われる。
大井川,おおいがわ,静岡県,34.8352269,138.1493629,225,第4シリーズ,【#225 大井川「越すに越されぬ大井川は何を生んだ?」】「越すに越されぬ大井川は何を生んだ?」がテーマの回で、大井川は地形・自然の成り立ちを示す見どころとして登場したと思われる。
高千穂峡,たかちほきょう,宮崎県,32.7021274,131.3012632,226,第4シリーズ,【#226 高千穂「神話の里・高千穂はどうできた?」】「神話の里・高千穂はどうできた?」がテーマの回で、高千穂峡は地形・自然の成り立ちを示す見どころとして登場したと思われる。
足利学校,あしかががっこう,栃木県,36.3350215,139.4529231,227,第4シリーズ,【#227 足利「足利はときどき天下をとる!?」】「足利はときどき天下をとる!?」がテーマの回で、足利学校は番組内で紹介された見どころとして登場したと思われる。
前橋公園,まえばしこうえん,群馬県,36.3800332,139.0490672,228,第4シリーズ,【#228 前橋「なぜ前橋は関東の華?」】「なぜ前橋は関東の華?」がテーマの回で、前橋公園はまち歩きで紹介された見どころとして登場したと思われる。
佐賀城,さがじょう,佐賀県,33.2453629,130.302803,230,第4シリーズ,【#230 佐賀「佐賀の発展は水にあり?」】「佐賀の発展は水にあり?」がテーマの回で、佐賀城は防御・築城の観点を語る中心的な題材として登場したと思われる。
旧新橋停車場,きゅうしんばしていしゃじょう,東京都,35.6657417,139.7613012,231,第4シリーズ,【#231 汐留「汐留は江戸東京のフロンティア?」】「汐留は江戸東京のフロンティア?」がテーマの回で、旧新橋停車場は番組内で紹介された見どころとして登場したと思われる。
下北沢駅,しもきたざわえき,東京都,35.6618867,139.6663996,232,第4シリーズ,【#232 下北沢「なぜ若者はシモキタで夢を見る?」】「なぜ若者はシモキタで夢を見る?」がテーマの回で、下北沢駅はまちの交通・産業の要として登場したと思われる。
東寺,とうじ,京都府,34.9816601,135.7482922,233,第4シリーズ,【#233 京都・東寺「東寺は京都のシンボル!?」】「東寺は京都のシンボル!?」がテーマの回で、東寺は信仰・歴史を物語る寺院として登場したと思われる。
毘沙門堂,びしゃもんどう,京都府,35.0012919,135.818941,234,第4シリーズ,【#234 京都・山科「要衝・山科は何を生んだ?」】「要衝・山科は何を生んだ?」がテーマの回で、毘沙門堂は信仰・歴史を物語る寺院として登場したと思われる。
縄文杉,じょうもんすぎ,鹿児島県,30.3609667,130.5319,235,第4シリーズ,【#235 屋久島「屋久杉を知れば屋久島が分かる!?」】「屋久杉を知れば屋久島が分かる!?」がテーマの回で、縄文杉は地形・自然の成り立ちを示す見どころとして登場したと思われる。
種子島宇宙センター,たねがしまうちゅうせんたー,鹿児島県,30.377362,130.957358,236,第4シリーズ,【#236 種子島「種子島は地球のチカラを感じる島!?」】「種子島は地球のチカラを感じる島!?」がテーマの回で、種子島宇宙センターは地形・自然の成り立ちを示す見どころとして登場したと思われる。
大阪駅,おおさかえき,大阪府,34.7322529,135.5033143,237,第4シリーズ,【#237 大阪・梅田「カオスな梅田はどう生まれた?」】「カオスな梅田はどう生まれた?」がテーマの回で、大阪駅はまちの交通・産業の要として登場したと思われる。
吉野山,よしのやま,奈良県,34.3671996,135.8602373,238,第4シリーズ,【#238 奈良・吉野「なぜ桜といえば吉野なのか?」】「なぜ桜といえば吉野なのか?」がテーマの回で、吉野山は地形・自然の成り立ちを示す見どころとして登場したと思われる。
関ヶ原古戦場 決戦地,せきがはらこせんじょう,岐阜県,35.3704769,136.461599,239,第4シリーズ,【#239 関ケ原の戦い「天下の分け目は地形にあり!?」】「天下の分け目は地形にあり!?」がテーマの回で、関ヶ原古戦場 決戦地は地形・自然の成り立ちを示す見どころとして登場したと思われる。
木曽三川公園,きそさんせんこうえん,岐阜県,35.1483571,136.6665676,240,第4シリーズ,【#240 木曽三川「暴れ川vs人間 激闘の歴史とは?」】「暴れ川vs人間 激闘の歴史とは?」がテーマの回で、木曽三川公園は地形・自然の成り立ちを示す見どころとして登場したと思われる。
佐野厄除け大師,さのやくよけだいし,栃木県,36.3109528,139.5720796,241,第4シリーズ,【#241 佐野「佐野はほしいモノにあふれてる!?」】「佐野はほしいモノにあふれてる!?」がテーマの回で、佐野厄除け大師は番組内で紹介された見どころとして登場したと思われる。
さきたま古墳公園,さきたまこふんこうえん,埼玉県,36.1271646,139.4756582,242,第4シリーズ,【#242 埼玉・行田「埼玉はじまりの地 行田ってどんな所?」】「埼玉はじまりの地 行田ってどんな所?」がテーマの回で、さきたま古墳公園はまち歩きで紹介された見どころとして登場したと思われる。
立石寺,やまでら,山形県,38.3118627,140.4347915,243,第4シリーズ,【#243 山形「山形は何度も生まれ変わる?」】「山形は何度も生まれ変わる?」がテーマの回で、立石寺は信仰・歴史を物語る寺院として登場したと思われる。
松島湾,まつしま,宮城県,38.3546867,141.086058,244,第4シリーズ,【#244 松島「なぜ人は松島に心ひかれる?」】「なぜ人は松島に心ひかれる?」がテーマの回で、松島湾は地形・自然の成り立ちを示す見どころとして登場したと思われる。
長岡城本丸跡,ながおかじょうほんまるあと,新潟県,37.4474013,138.8530945,245,第4シリーズ,【#245 長岡「花火の町は不死鳥の町!?」】「花火の町は不死鳥の町!?」がテーマの回で、長岡城本丸跡は防御・築城の観点を語る中心的な題材として登場したと思われる。
燕三条駅,つばめさんじょうえき,新潟県,37.6487552,138.9373814,246,第4シリーズ,【#246 燕三条「燕vs三条 モノづくりの町 発展のカギとは?」】「燕vs三条 モノづくりの町 発展のカギとは?」がテーマの回で、燕三条駅はまちの交通・産業の要として登場したと思われる。
宗谷岬,そうやみさき,北海道,45.5204626,141.9409176,247,第4シリーズ,【#247 北海道・稚内「最北の町で暮らすとは?」】「最北の町で暮らすとは?」がテーマの回で、宗谷岬は地形・自然の成り立ちを示す見どころとして登場したと思われる。
利尻山,りしりざん,北海道,45.1937345,141.2381959,248,第4シリーズ,【#248 絶景!絶品!利尻島「絶景!絶品!利尻島はどうできた?」】「絶景!絶品!利尻島はどうできた?」がテーマの回で、利尻山は地形・自然の成り立ちを示す見どころとして登場したと思われる。
小倉城,こくらじょう,福岡県,33.8845866,130.875533,249,第4シリーズ,【#249 北九州「合体メガタウン!北九州市誕生の秘密とは?」】「合体メガタウン!北九州市誕生の秘密とは?」がテーマの回で、小倉城は防御・築城の観点を語る中心的な題材として登場したと思われる。
八幡製鐵所,やはたせいてつしょ,福岡県,33.8738285,130.8068127,250,第4シリーズ,【#250 合体都市・北九州「合体メガタウン!北九州市誕生の秘密とは?」】「合体メガタウン!北九州市誕生の秘密とは?」がテーマの回で、八幡製鐵所は番組内で紹介された見どころとして登場したと思われる。
秋芳洞,あきよしどう,山口県,34.2271333,131.3044108,251,第4シリーズ,【#251 白の奇跡 秋吉台「秋吉台のヒミツは穴にあり?」】「秋吉台のヒミツは穴にあり?」がテーマの回で、秋芳洞は地形・自然の成り立ちを示す見どころとして登場したと思われる。
錦帯橋,きんたいきょう,山口県,34.1671713,132.1790766,252,第4シリーズ,【#252 美の極み 錦帯橋「錦帯橋にはなぜ世界唯一の美しさがある?」】「錦帯橋にはなぜ世界唯一の美しさがある?」がテーマの回で、錦帯橋は番組内で紹介された見どころとして登場したと思われる。
気比神宮,けひじんぐう,福井県,35.654523,136.0750414,253,第4シリーズ,【#253 敦賀「すべての道は敦賀に通ず?」】「すべての道は敦賀に通ず?」がテーマの回で、気比神宮は信仰・参詣の中心地として登場したと思われる。
若狭鯖街道熊川宿,わかささばかいどうくまがわじゅく,福井県,35.4430069,135.9012208,254,第4シリーズ,【#254 鯖街道・京都へ「鯖街道は何を運んだ?」】「鯖街道は何を運んだ?」がテーマの回で、若狭鯖街道熊川宿は地形・自然の成り立ちを示す見どころとして登場したと思われる。
学習院大学,がくしゅういんだいがく,東京都,35.7186235,139.7093132,255,第4シリーズ,【#255 東京・目白「目白ブランドの正体とは?」】「目白ブランドの正体とは?」がテーマの回で、学習院大学はまち歩きで紹介された見どころとして登場したと思われる。
松陰神社,しょういんじんじゃ,東京都,35.6471805,139.6561244,256,第4シリーズ,【#256 東京・世田谷「なぜ人は世田谷に住みたくなる?」】「なぜ人は世田谷に住みたくなる?」がテーマの回で、松陰神社は信仰・参詣の中心地として登場したと思われる。
宇和島城,うわじまじょう,愛媛県,33.2197307,132.5646624,257,第4シリーズ,【#257 四国・宇和島「ギザギザは宇和島に何をもたらした?」】「ギザギザは宇和島に何をもたらした?」がテーマの回で、宇和島城は防御・築城の観点を語る中心的な題材として登場したと思われる。
黒部峡谷,くろべきょうこく,富山県,36.814789,137.586112,258,第4シリーズ,【#258 絶景!黒部峡谷「黒部の絶景は電源開発の軌跡にあり?」】「黒部の絶景は電源開発の軌跡にあり?」がテーマの回で、黒部峡谷は地形・自然の成り立ちを示す見どころとして登場したと思われる。
黒部川,くろべがわ,富山県,36.92103,137.4311559,259,第4シリーズ,【#259 秘境!黒部峡谷「黒部の絶景は電源開発の軌跡にあり?」】「黒部の絶景は電源開発の軌跡にあり?」がテーマの回で、黒部川は地形・自然の成り立ちを示す見どころとして登場したと思われる。
材木座海岸,ざいもくざかいがん,神奈川県,35.3048652,139.5499793,260,第4シリーズ,【#260 鎌倉「頼朝は武士の都・鎌倉をどうつくった?」】「頼朝は武士の都・鎌倉をどうつくった?」がテーマの回で、材木座海岸は番組内で紹介された見どころとして登場したと思われる。
円覚寺,えんがくじ,神奈川県,35.3364448,139.5458049,261,第4シリーズ,【#261 鎌倉の寺「北条氏の寺でわかる!鎌倉幕府の偉業とは」】「北条氏の寺でわかる!鎌倉幕府の偉業とは」がテーマの回で、円覚寺は信仰・歴史を物語る寺院として登場したと思われる。
正倉院,しょうそういん,奈良県,34.6918604,135.8385882,262,第4シリーズ,"【#262 奈良・正倉院「なぜ1,300年もお宝を守れた?」】「なぜ1,300年もお宝を守れた?」がテーマの回で、正倉院は1300年の宝物を伝えてきた古代の宝物庫として登場したと思われる。"
砂むし会館 砂楽,すなむしかいかんさらく,鹿児島県,31.2298223,130.6518802,263,第4シリーズ,【#263 鹿児島・指宿「指宿のわっぜぇ火山は歴史を動かす!?」】「指宿のわっぜぇ火山は歴史を動かす!?」がテーマの回で、砂むし会館 砂楽は番組内で紹介された見どころとして登場したと思われる。
七里の渡し,しちりのわたし,三重県,35.1187079,136.9051505,1,第5シリーズ,【#1 伊勢神宮への旅・第一夜「巨大鳥居の謎!名物グルメ!三差路!」】旧東海道と佐屋街道を結んだ渡船場跡。伊勢国一の鳥居が立ち、伊勢参りの玄関口として登場したと思われる。
日永の追分,ひながのおいわけ,三重県,34.9354969,136.5981806,1,第5シリーズ,【#1 伊勢神宮への旅・第一夜「巨大鳥居の謎!名物グルメ!三差路!」】東海道と伊勢街道が分岐する三差路。タイトルの「三差路」の題材として取り上げられたと思われる。
白子港緑地,しろここうりょくち,三重県,34.826927,136.5912143,2,第5シリーズ,【#2 伊勢神宮への旅・第二夜「鈴鹿名物グルメ!タモリ大興奮の三差路」】紀州藩の御用港として栄えた白子港の跡地。伊勢型紙の集散地としての歴史を紹介する題材と思われる。
神戸城跡,かんべじょうあと,三重県,34.8792443,136.5774602,2,第5シリーズ,【#2 伊勢神宮への旅・第二夜「鈴鹿名物グルメ!タモリ大興奮の三差路」】鈴鹿市中心部にあった神戸藩の城跡。城下町の名残を読む題材として登場したと思われる。
津城跡,つじょうあと,三重県,34.717689,136.5083946,3,第5シリーズ,【#3 伊勢神宮への旅・第三夜「徳川御三家の巨大港!超絶技巧の土産!」】藤堂高虎が改修した津藩の城跡。徳川御三家(紀州藩)につながる港町・津の中心として登場したと思われる。
松阪商人の館,まつさかしょうにんのやかた,三重県,34.5798687,136.5293002,4,第5シリーズ,【#4 伊勢神宮への旅・第四夜「江戸を席巻した松阪商人!松阪牛に舌鼓」】旧小津清左衛門家住宅を公開した資料館。江戸で活躍した松阪商人の暮らしを紹介する題材と思われる。
松坂城跡,まつさかじょうあと,三重県,34.5772613,136.5253589,4,第5シリーズ,【#4 伊勢神宮への旅・第四夜「江戸を席巻した松阪商人!松阪牛に舌鼓」】蒲生氏郷が築いた松坂城の跡。松阪の城下町としての成り立ちを示す題材として登場したと思われる。
斎宮歴史博物館,さいくうれきしはくぶつかん,三重県,34.5427346,136.6098221,5,第5シリーズ,【#5 伊勢神宮への旅・第五夜「ついにゴールの神宮へ!斎宮・二見浦」】斎王が暮らした斎宮跡に立つ博物館。伊勢参りの歴史的背景を解説する題材として登場したと思われる。
二見興玉神社,ふたみおきたまじんじゃ,三重県,34.5083789,136.788353,5,第5シリーズ,【#5 伊勢神宮への旅・第五夜「ついにゴールの神宮へ!斎宮・二見浦」】夫婦岩で知られる二見浦の神社。伊勢参宮前の禊の地として登場したと思われる。
皇大神宮(内宮),こうたいじんぐう,三重県,34.4590038,136.7229693,5,第5シリーズ,【#5 伊勢神宮への旅・第五夜「ついにゴールの神宮へ!斎宮・二見浦」】旅の最終目的地である伊勢神宮内宮。5夜にわたる伊勢参りの旅のゴールとして登場したと思われる。
平安名埼灯台,へんなさきとうだい,沖縄県,24.719523,125.468515,6,第5シリーズ,【#6 宮古島・絶景バスツアー「サンゴと断層の謎!奇跡の岬!宮古馬!」】東平安名崎の先端に立つ灯台。サンゴ礁が隆起してできた岬の絶景ポイントとして登場したと思われる。
宮古馬飼育場,みやこうましいくじょう,沖縄県,24.8013505,125.3156595,6,第5シリーズ,【#6 宮古島・絶景バスツアー「サンゴと断層の謎!奇跡の岬!宮古馬!」】在来種・宮古馬を飼育する施設。サブタイトルの「宮古馬」に関する題材として登場したと思われる。
通り池,とおりいけ,沖縄県,24.823744,125.1361924,7,第5シリーズ,【#7 宮古島・暮らしの秘密「サンゴの島ならではの洞窟&地下ダムへ!」】鍾乳洞が崩落してできた二つの池。サンゴ由来の島の地下地形をテーマにした回で登場したと思われる。
与那覇前浜,よなはまえはま,沖縄県,24.7356166,125.2621718,8,第5シリーズ,【#8 宮古島・悠久の楽園「青く美しい海でウミガメ遭遇!泥の奇祭の謎」】東洋一とも称される白砂のビーチ。ウミガメに遭遇する海として登場したと思われる。
三軒茶屋,さんげんぢゃや,東京都,35.6421171,139.6687889,9,第5シリーズ,"【#9 東京・三軒茶屋「秘密のカギは""3""にあり」】大山道と登戸道が分岐する三軒の茶屋があった地。地名の由来そのものが題材になったと思われる。"
赤坂氷川神社,あかさかひかわじんじゃ,東京都,35.6676404,139.7362618,10,第5シリーズ,【#10 東京・青山通り「江戸の街道がルーツ?皇居から赤坂へ!大名屋敷」】江戸時代からの古社で、大名屋敷が並んだ赤坂の歴史を伝える題材として登場したと思われる。
表参道ヒルズ,おもてさんどうひるず,東京都,35.6672558,139.708868,11,第5シリーズ,【#11 青山通りバスツアー「渋谷発!東京の一等地・赤坂〜表参道を行く」】旧同潤会青山アパートの跡地に建つ商業施設。表参道の変遷を象徴する場所として登場したと思われる。
阿夫利神社下社,あふりじんじゃげしゃ,神奈川県,35.4317648,139.238144,12,第5シリーズ,【#12 粋でいなせな大山詣り「江戸っ子の大山詣り」】大山中腹に立つ大山阿夫利神社の下社。江戸庶民の参詣先として賑わった様子を伝える題材と思われる。
阿夫利神社本社,あふりじんじゃほんしゃ,神奈川県,35.4406143,139.2311018,13,第5シリーズ,【#13 大山詣り山頂へ「絶景・天空の神社へ!江戸のヒーローなぜ参拝?」】大山山頂に鎮座する本社。山頂まで登った参詣者が目指したゴールとして登場したと思われる。
五稜郭跡 箱館奉行所,ごりょうかくあと はこだてぶぎょうしょ,北海道,41.7969113,140.7568319,14,第5シリーズ,【#14 幕末の要塞五稜郭の秘密とは?「函館・五稜郭」】星形の西洋式城郭・五稜郭に置かれた奉行所。幕末の要塞としての歴史を伝える中心地として登場したと思われる。
五稜郭タワー,ごりょうかくたわー,北海道,41.7946579,140.7539626,14,第5シリーズ,【#14 幕末の要塞五稜郭の秘密とは?「函館・五稜郭」】五稜郭の星形を俯瞰できる展望タワー。地形を読み解く導入として登場したと思われる。
函館山,はこだてやま,北海道,41.7593192,140.703984,15,第5シリーズ,【#15 魅力度ナンバーワン!ハイカラな町・函館はどうできた?】函館の市街地を一望する山。港町・函館の地形を読み解く題材として登場したと思われる。
金森赤レンガ倉庫,かねもりあかれんがそうこ,北海道,41.7661843,140.7164492,15,第5シリーズ,【#15 魅力度ナンバーワン!ハイカラな町・函館はどうできた?】明治期の運送業倉庫群。開港場・函館のハイカラな近代化を象徴する題材として登場したと思われる。
須走五合目,すばしりごごうめ,静岡県,35.3656453,138.7783682,16,第5シリーズ,【#16 富士山はなぜ誕生したのか?「富士山SP」】須走口登山道の五合目。番組内で実際に訪れた富士山中腹の地点として登場したと思われる。
赤門,あかもん,東京都,35.7105917,139.7603593,17-18,第5シリーズ,"【#17-18 加賀百万石と東大「東大にしかない""宝""とは?」】旧加賀藩前田家の御守殿門。加賀百万石が東大に残した遺構として登場したと思われる。"
三四郎池,さんしろういけ,東京都,35.7125491,139.7624453,17-18,第5シリーズ,"【#17-18 加賀百万石と東大「東大にしかない""宝""とは?」】旧前田家上屋敷の大名庭園「育徳園」の池。加賀藩邸由来の庭園として登場したと思われる。"
安田講堂,やすだこうどう,東京都,35.7134282,139.7622969,18,第5シリーズ,"【#18 東京大学の宝「安田講堂&国宝!東大にしかない""宝""とは?」】東京大学のシンボルである講堂建築。東大の「宝」として紹介されたと思われる。"
三十三間堂,さんじゅうさんげんどう,京都府,34.9880505,135.771906,19,第5シリーズ,【#19 国宝・三十三間堂はなぜ守られた?「京都 国宝・三十三間堂SP」】千体の千手観音像を安置する国宝の仏堂。800年守られてきた理由を探る回の中心として登場したと思われる。
神楽坂,かぐらざか,東京都,35.7010851,139.7412287,20,第5シリーズ,【#20 なぜ神楽坂は大人の隠れ家になったのか?「東京・神楽坂」】花街として発展した坂の街。大人の隠れ家的な街並みの成り立ちを示す題材として登場したと思われる。
兵庫横丁,ひょうごよこちょう,東京都,35.7024504,139.7398422,20,第5シリーズ,【#20 なぜ神楽坂は大人の隠れ家になったのか?「東京・神楽坂」】料亭街の面影を残す石畳の路地。花街時代の風情を伝える題材として登場したと思われる。
河童橋,かっぱばし,長野県,36.2488434,137.637837,21-22,第5シリーズ,【#21-22 山岳リゾート・上高地はどう生まれた?】梓川に架かる上高地のシンボル的な橋。山岳リゾートとしての上高地観光の中心として登場したと思われる。
大正池,たいしょういけ,長野県,36.228496,137.618374,21-22,第5シリーズ,【#21-22 山岳リゾート・上高地はどう生まれた?】焼岳の噴火でできたせき止め湖。上高地の絶景がどう生まれたかを説明する題材として登場したと思われる。
明神池,みょうじんいけ,長野県,36.2540678,137.6641013,22,第5シリーズ,【#22 山岳リゾート上高地なぜ人気観光地に?「神秘の池&謎の風穴」】穂高神社奥宮の神域にある池。サブタイトルの「神秘の池」として登場したと思われる。
御釜,おかま,宮城県,38.1362938,140.4498942,23,第5シリーズ,【#23 火山が生んだ大ブーム 人はなぜ蔵王を目指す?「蔵王山頂へ」】蔵王連峰の火口湖。「火山が生んだ奇跡の絶景」として紹介されたと思われる。
蔵王温泉,ざおうおんせん,山形県,38.1679266,140.4003442,24,第5シリーズ,【#24 雪国リゾート蔵王温泉はどうできた?】開湯1900年余りとされる古湯。雪国リゾートとしての発展の歴史を紹介する題材として登場したと思われる。
二条城,にじょうじょう,京都府,35.012714,135.7509321,25,第5シリーズ,【#25 二条城に隠された徳川三代の思惑とは?「京都・二条城」】徳川家康が築いた城。徳川三代にわたる思惑を読み解く回の舞台として登場したと思われる。
二の丸御殿,にのまるごてん,京都府,35.0135345,135.7497214,25,第5シリーズ,【#25 二条城に隠された徳川三代の思惑とは?「京都・二条城」】国宝の二の丸御殿。世界遺産・二条城の中心建築として登場したと思われる。
安土城跡,あづちじょうあと,滋賀県,35.1558621,136.1393222,26,第5シリーズ,"【#26 幻の城・安土城「信長が描いた""つかの間の夢""とは?」】織田信長が築いたわずか3年で焼失した城の跡。信長が描いた夢を読み解く題材として登場したと思われる。"
八幡堀,はちまんぼり,滋賀県,35.1396174,136.0880984,27,第5シリーズ,【#27 近江商人を生んだ豊臣の町づくりとは?「豊臣と近江八幡」】豊臣秀次が築いた城下町の運河。近江商人を生んだ商業都市の骨格として登場したと思われる。
川崎大師,かわさきだいし,神奈川県,35.5342926,139.729317,28,第5シリーズ,【#28 初詣スポット 川崎大師人気の秘密とは?】厄除け大師として知られる真言宗の寺院。日本有数の初詣スポットとして回の中心に登場したと思われる。
大師公園,だいしこうえん,神奈川県,35.531721,139.731413,29,第5シリーズ,【#29 川崎大師と鉄道「川崎大師の人気と鉄道の意外な関係 初詣の謎も」】川崎大師に隣接する公園。参詣客の増加と鉄道の発展を関連づける題材として登場したと思われる。
琵琶湖,びわこ,滋賀県,35.289919,136.040141,30,第5シリーズ,【#30 琵琶湖はなぜ日本一の湖であり続けられるのか?「琵琶湖クルーズ」】日本最大の湖。クルーズをしながら地形・生態系を読み解く回の題材として登場したと思われる。
びわ湖大津館,びわこおおつかん,滋賀県,35.0267149,135.8677429,30,第5シリーズ,【#30 琵琶湖はなぜ日本一の湖であり続けられるのか?「琵琶湖クルーズ」】琵琶湖岸に立つ洋館。琵琶湖観光の拠点として紹介されたと思われる。
赤羽,あかばね,東京都,35.7831564,139.7207636,31,第5シリーズ,【#31 せんべろの町・赤羽はどうできた?「東京・赤羽」】都内有数の「せんべろ」で知られる街。街の発展の歴史を読み解く題材として登場したと思われる。
桶狭間古戦場公園,おけはざまこせんじょうこうえん,愛知県,35.0552109,136.9712724,32-33,第5シリーズ,"【#32-33 桶狭間の戦い・信長の危機と逆襲「なぜ織田信長は""桶狭間の戦い""に勝てたのか?」】織田信長が今川義元を破ったとされる古戦場の跡地公園。逆転劇の舞台として登場したと思われる。"
江戸城本丸御殿,えどじょうほんまるごてん,東京都,35.6880041,139.7544996,35,第5シリーズ,【#35 江戸城本丸でわかる天下泰平の秘密とは?「皇居・江戸城本丸跡」】江戸城本丸に築かれた御殿の跡。徳川幕府が築いた天下泰平の仕組みを読み解く題材として登場したと思われる。
皇居東御苑,こうきょひがしぎょえん,東京都,35.6867153,139.7570424,36,第5シリーズ,【#36 皇居のおかげで江戸城は守られた!?「皇居東御苑」】旧江戸城本丸・二の丸にあたる庭園。皇居として使われ続けたことで守られた遺構として登場したと思われる。
犬山城,いぬやまじょう,愛知県,35.3866968,136.9387583,37,第5シリーズ,【#37 天下人が愛した国宝 犬山城その秘密とは?「国宝犬山城」】現存最古とされる木造天守を持つ国宝の城。国宝五城のひとつとして登場したと思われる。
成城学園,せいじょうがくえん,東京都,35.6444829,139.6015098,38-39,第5シリーズ,【#38-39 東京・成城「憧れの住宅街・成城はどうできた?」「映画の街・成城」】成城の街の礎となった学園。学園都市としての成城の始まりを伝える題材として登場したと思われる。
熊本城,くまもとじょう,熊本県,32.8091294,130.7032874,40,第5シリーズ,【#40 熊本城 復興10年見えてきた真の姿とは?「熊本城復興SP」】加藤清正が築いた名城。震災からの復興10年を経て新たに分かった知見を紹介する回の中心と思われる。
平等院,びょうどういん,京都府,34.8928749,135.8129363,41,第5シリーズ,【#41 10円玉に刻まれた平等院鳳凰堂美しさの秘密とは?「京都・平等院鳳凰堂」】藤原頼通が建立した阿弥陀堂。10円玉に描かれた美しさの秘密を読み解く題材として登場したと思われる。
平安神宮,へいあんじんぐう,京都府,35.0161011,135.7829644,42,第5シリーズ,【#42 明治時代に誕生!平安神宮は京都に何をもたらした?「京都・平安神宮」】平安遷都1100年を記念して創建された神社。復興の象徴として京都にもたらしたものを探る題材として登場したと思われる。
御花,おはな,福岡県,33.1582742,130.3981683,43,第5シリーズ,"【#43 福岡・柳川は、なぜ""水郷の町""になった?「福岡・柳川」】柳川藩主立花家の邸宅・庭園。水郷の町・柳川の歴史を伝える題材として登場したと思われる。"
柳川,やながわ,福岡県,33.1669287,130.4163717,43,第5シリーズ,"【#43 福岡・柳川は、なぜ""水郷の町""になった?「福岡・柳川」】掘割が縦横に巡る水郷の町。川下りで知られる水郷の成り立ちを読み解く題材として登場したと思われる。"
