name,name_kana,lat,lng,region,rank,series,categories,description,key
ラーメン二郎 三田本店,ラーメンじろう,35.6480533,139.7416382,東京都,A,ラーメン,,東京都港区三田に所在するラーメン店、および同店からのれん分けした同名の店舗。「二郎系」「二郎インスパイア系」と呼ばれるジャンルの元になった。座標は三田本店。(出典: ja.wikipedia「ラーメン二郎」 https://ja.wikipedia.org/wiki/ラーメン二郎),ラーメン二郎 三田本店
蒙古タンメン中本 上板橋本店,もうこタンメンなかもと,35.7639493,139.6762551,東京都,A,ラーメン,,東京都板橋区に本店を構えるラーメンチェーン店。タンメンなどの激辛メニューで人気店となった。座標は板橋区上板橋の本店。(出典: ja.wikipedia「蒙古タンメン中本」 https://ja.wikipedia.org/wiki/蒙古タンメン中本),蒙古タンメン中本 上板橋本店
吉村家,よしむらや,35.4630322,139.6150687,神奈川県,A,ラーメン,,神奈川県横浜市西区岡野にあるラーメン店。1974年創業。豚骨醤油スープに極太ちぢれ麺で、全国に約1000店あると推計される家系ラーメンの起源・元祖であり「総本山」と呼ばれる。2023年に横浜駅西口の南幸から現在地へ移転した。(出典: ja.wikipedia「吉村家」 https://ja.wikipedia.org/wiki/吉村家),吉村家
王道家 柏本店,おうどうや,35.8629888,139.9674262,千葉県,B,ラーメン,,千葉県柏市明原で家系ラーメンなどを提供しているラーメン店。2003年創業。2019年に創業の地である柏市へ戻った本店。(出典: ja.wikipedia「王道家」 https://ja.wikipedia.org/wiki/王道家),王道家 柏本店
餃子の王将 四条大宮店,ぎょうざのおうしょう,35.0041121,135.7483198,京都府,B,ラーメン,,王将フードサービスが全国展開する餃子を売りにした中華料理チェーン。座標は1967年に京都市の四条大宮に開いた直営1号店。(出典: ja.wikipedia「餃子の王将」 https://ja.wikipedia.org/wiki/餃子の王将),餃子の王将 四条大宮店
一蘭 本社総本店,いちらん,33.5932039,130.4045503,福岡県,B,ラーメン,,株式会社一蘭が展開する豚骨ラーメンのチェーン店。仕切りのある「味集中カウンター」で知られる。座標は福岡市博多区中洲の本社総本店。(出典: ja.wikipedia「一蘭」 https://ja.wikipedia.org/wiki/一蘭),一蘭 本社総本店
どうとんぼり神座 道頓堀本店,どうとんぼりかむくら,34.6652316,135.5018324,大阪府,B,ラーメン,,近畿地方を中心に展開する大阪発祥のラーメンチェーン。座標は1986年に1号店として開店した道頓堀本店。(出典: ja.wikipedia「どうとんぼり神座」 https://ja.wikipedia.org/wiki/どうとんぼり神座),どうとんぼり神座 道頓堀本店
六厘舎 東京駅店,ろくりんしゃ,35.6800361,139.7678472,東京都,B,ラーメン,,つけ麺を中心に提供するラーメン店。2005年に東京都品川区大崎で開業した本店は行列が近隣の迷惑となり2010年に閉店し、以後休業中。座標は現存する代表店として、2009年開店の東京駅一番街・東京ラーメンストリートの「六厘舎TOKYO」を採った。(出典: ja.wikipedia「六厘舎」 https://ja.wikipedia.org/wiki/六厘舎),六厘舎 東京駅店
天下一品 総本店,てんかいっぴん,35.0394358,135.7915413,京都府,B,ラーメン,,京都府京都市を発祥地とするラーメンチェーン店のブランド。こってりスープで知られる。座標は左京区一乗寺の総本店。(出典: ja.wikipedia「天下一品」 https://ja.wikipedia.org/wiki/天下一品),天下一品 総本店
来来亭 野洲本店,らいらいてい,35.0593156,136.0283841,滋賀県,B,ラーメン,,滋賀県野洲市に本社を置く株式会社来来亭が運営するラーメンチェーン店。座標は野洲本店。(出典: ja.wikipedia「来来亭」 https://ja.wikipedia.org/wiki/来来亭),来来亭 野洲本店
炭焼きレストランさわやか 菊川本店,すみやきレストランさわやか,34.7381089,138.0854148,静岡県,B,洋食,,静岡県内にチェーン店を展開するステーキ・ハンバーグレストラン。1977年に小笠郡菊川町（現・菊川市）へ一号店を出店した。座標は出店1号店の菊川本店（2006年に移転・新築）。(出典: ja.wikipedia「炭焼きレストランさわやか」 https://ja.wikipedia.org/wiki/炭焼きレストランさわやか),炭焼きレストランさわやか 菊川本店
ホープ軒,ホープけん,35.67659,139.71248,東京都,C,ラーメン,,東京都渋谷区千駄ヶ谷に店舗を構えるラーメン店。背脂の浮いた豚骨醤油ラーメンで知られる。(出典: ja.wikipedia「ホープ軒」 https://ja.wikipedia.org/wiki/ホープ軒),ホープ軒
味仙 今池本店,みせん,35.1679811,136.9359434,愛知県,C,ラーメン,,株式会社味仙本店が運営する中華料理・台湾料理店。名古屋めしの代表格とされるご当地ラーメン「台湾ラーメン」で知られる。座標は名古屋市千種区今池の本店。(出典: ja.wikipedia「味仙」 https://ja.wikipedia.org/wiki/味仙),味仙 今池本店
博多一風堂 大名本店,はかたいっぷうどう,33.5878211,130.3957954,福岡県,C,ラーメン,,力の源カンパニーが運営する福岡県福岡市発祥の豚骨ラーメン店チェーン。座標は福岡市中央区大名の本店。(出典: ja.wikipedia「博多一風堂」 https://ja.wikipedia.org/wiki/博多一風堂),博多一風堂 大名本店
元祖長浜屋,がんそながはまや,33.592439,130.3866146,福岡県,C,ラーメン,,福岡県福岡市中央区長浜に店舗を構えるラーメン店。長浜ラーメン系ではもっとも古い店とされる。(出典: ja.wikipedia「元祖長浜屋」 https://ja.wikipedia.org/wiki/元祖長浜屋),元祖長浜屋
東池袋大勝軒 本店,ひがしいけぶくろたいしょうけん,35.7259792,139.7187057,東京都,C,ラーメン,,東京都豊島区東池袋にあるラーメン店。「つけ麺の生みの親」と呼ばれた山岸一雄が2007年まで店主を務めた。座標は立ち退き後に移った南池袋の本店。(出典: ja.wikipedia「東池袋大勝軒」 https://ja.wikipedia.org/wiki/東池袋大勝軒),東池袋大勝軒 本店
坂内食堂 喜多方本店,ばんないしょくどう,37.6510611,139.8734745,福島県,C,ラーメン,,福島県喜多方市にある喜多方ラーメン専門店。株式会社坂内が運営する。(出典: ja.wikipedia「坂内食堂」 https://ja.wikipedia.org/wiki/坂内食堂),坂内食堂 喜多方本店
喫茶マウンテン,,35.1446887,136.9606364,愛知県,C,喫茶・カフェ,,喫茶マウンテン（きっさマウンテン）は、愛知県名古屋市昭和区滝川町に構える日本の喫茶店。(出典: ja.wikipedia「喫茶マウンテン」 https://ja.wikipedia.org/wiki/喫茶マウンテン),喫茶マウンテン
天吉,てんきち,35.4444472,139.6361932,神奈川県,C,日本料理,,天吉（てんきち）は、神奈川県横浜市長者町6丁目（「ユーフォリア関内」2階）にある天ぷら店である。(出典: ja.wikipedia「天吉」 https://ja.wikipedia.org/wiki/天吉),天吉
金龍ラーメン 道頓堀,きんりゅうラーメン,34.6652567,135.5033931,大阪府,C,ラーメン,,大阪府大阪市中央区に本社を置く金龍株式会社によるラーメン店の屋号。道頓堀を中心としたミナミエリアに展開し、派手な外装で大阪ミナミを代表するラーメンチェーンとして知られる。(出典: ja.wikipedia「金龍ラーメン」 https://ja.wikipedia.org/wiki/金龍ラーメン),金龍ラーメン 道頓堀
すきやばし次郎,すきやばしじろう,35.6727104,139.7640108,東京都,C,寿司,,すきやばし次郎（すきやばしじろう）は、小野二郎が東京都中央区銀座で営む寿司店である。(出典: ja.wikipedia「すきやばし次郎」 https://ja.wikipedia.org/wiki/すきやばし次郎),すきやばし次郎
九州じゃんがら 秋葉原本店,きゅうしゅうじゃんがら,35.7007809,139.7706615,東京都,C,ラーメン,,株式会社タス21が東京都内の各地で運営する九州系豚骨ラーメン店。座標は秋葉原本店。(出典: ja.wikipedia「九州じゃんがら」 https://ja.wikipedia.org/wiki/九州じゃんがら),九州じゃんがら 秋葉原本店
ラッキーピエロ ベイエリア本店,ラッキーピエロ,41.7657940,140.7148941,北海道,C,洋食,,北海道函館市を中心とした道南地区で展開するハンバーガーショップチェーン。1987年創業で、愛称は「ラッピ」「ラキピ」。座標はベイエリア本店。(出典: ja.wikipedia「ラッキーピエロ」 https://ja.wikipedia.org/wiki/ラッキーピエロ),ラッキーピエロ ベイエリア本店
ういろう,,35.2474685,139.1560632,神奈川県,C,菓子・パン,,ういろうは、神奈川県小田原市にある医薬品、和菓子メーカーである。(出典: ja.wikipedia「ういろう (企業)」 https://ja.wikipedia.org/wiki/ういろう_%28企業%29),ういろう (企業)
駿河屋,するがや,34.9314193,135.7588856,京都府,C,菓子・パン,,駿河屋は、煉羊羹（ねりようかん）発祥の店とされる老舗の和菓子店である。座標は駿河屋本店。(出典: ja.wikipedia「駿河屋」 https://ja.wikipedia.org/wiki/駿河屋),駿河屋
榮太樓總本鋪,えいたろうそうほんぽ,35.6835286,139.773707,東京都,C,菓子・パン,,榮太樓總本鋪は、東京都中央区日本橋に本社・本店を構える、老舗の和菓子店である。(出典: ja.wikipedia「榮太樓總本鋪」 https://ja.wikipedia.org/wiki/榮太樓總本鋪),榮太樓總本鋪
一文字屋和輔,いちもんじやわすけ,35.0453528,135.7428183,京都府,C,菓子・パン,,一文字屋和輔は、京都府京都市北区にある和菓子店。座標はあぶり餅 一文字屋和輔。(出典: ja.wikipedia「一文字屋和輔」 https://ja.wikipedia.org/wiki/一文字屋和輔),一文字屋和輔
中華蕎麦とみ田,ちゅうかそばとみた,35.7817914,139.9010045,千葉県,D,ラーメン,,千葉県松戸市に本店を構えるラーメン店。つけ麺で知られる。(出典: ja.wikipedia「中華蕎麦とみ田」 https://ja.wikipedia.org/wiki/中華蕎麦とみ田),中華蕎麦とみ田
神谷バー,,35.7109207,139.7975062,東京都,D,洋食,,神谷バー（かみやバー）とは、東京都台東区浅草1丁目にある、日本最初のバー。電気ブランで知られる。(出典: ja.wikipedia「神谷バー」 https://ja.wikipedia.org/wiki/神谷バー),神谷バー
らーめん山頭火 旭川本店,らーめんさんとうか,43.7647855,142.3600785,北海道,D,ラーメン,,株式会社アブ・アウトが経営するラーメン店チェーン。発祥地である北海道旭川市に本店を置き、北米や東南アジアにも店舗を展開する。座標は旭川市内の店舗(市内で唯一のPOI)。(出典: ja.wikipedia「らーめん山頭火」 https://ja.wikipedia.org/wiki/らーめん山頭火),らーめん山頭火 旭川本店
ヨーロッパ軒 総本店,,36.0640938,136.2148254,福井県,D,洋食,,ヨーロッパ軒（ヨーロッパけん）は、福井県福井市順化一丁目に総本店を構える洋食店。元祖ソースカツ丼の店として知られる。(出典: ja.wikipedia「ヨーロッパ軒」 https://ja.wikipedia.org/wiki/ヨーロッパ軒),ヨーロッパ軒 総本店
日影茶屋,ひかげちゃや,35.3188617,139.5507007,神奈川県,D,日本料理,,日影茶屋（ひかげちゃや）は、神奈川県三浦郡葉山町堀内にあるレストラン。(出典: ja.wikipedia「日影茶屋」 https://ja.wikipedia.org/wiki/日影茶屋),日影茶屋
ホープ軒本舗,ホープけんほんぽ,35.7042905,139.5803292,東京都,D,ラーメン,,東京都武蔵野市の吉祥寺で豚骨醤油ラーメンを提供しているラーメン店。1935年創業で、東京の背脂チャッチャ系ラーメンの始祖とされる。(出典: ja.wikipedia「ホープ軒本舗」 https://ja.wikipedia.org/wiki/ホープ軒本舗),ホープ軒本舗
麺屋武蔵 総本店,めんやむさし,35.6955214,139.6986722,東京都,D,ラーメン,,東京都新宿区に総本店を構えるラーメンチェーン店。座標は新宿の総本店。(出典: ja.wikipedia「麺屋武蔵」 https://ja.wikipedia.org/wiki/麺屋武蔵),麺屋武蔵 総本店
天理スタミナラーメン,てんりスタミナラーメン,34.6180568,135.8323436,奈良県,D,ラーメン,,有限会社なかいが運営するラーメンチェーン店。奈良県天理市のご当地ラーメン「天理ラーメン」の一つで、略称は天スタ。(出典: ja.wikipedia「天理スタミナラーメン」 https://ja.wikipedia.org/wiki/天理スタミナラーメン),天理スタミナラーメン
無鉄砲 本店,むてっぽう,34.7218011,135.8444803,京都府,D,ラーメン,,京都府木津川市に本店を置くラーメン店。濃厚な豚骨スープで知られる。(出典: ja.wikipedia「無鉄砲 (ラーメン店)」 https://ja.wikipedia.org/wiki/無鉄砲_%28ラーメン店%29),無鉄砲 本店
カレーの市民アルバ 小松本店,,36.3997881,136.4494909,石川県,D,カレー,,カレーの市民アルバ（カレーのしみんアルバ）は、1970年創業の石川県小松市に本店を置くカレーチェーン店。座標は小松本店。(出典: ja.wikipedia「カレーの市民アルバ」 https://ja.wikipedia.org/wiki/カレーの市民アルバ),カレーの市民アルバ 小松本店
味の三平,あじのさんぺい,43.058795,141.353592,北海道,D,ラーメン,,札幌ラーメンを提供しているラーメン店。味噌ラーメン元祖の店といわれる。(出典: ja.wikipedia「味の三平」 https://ja.wikipedia.org/wiki/味の三平),味の三平
味の時計台 駅前通り総本店,あじのとけいだい,43.0624959,141.3518581,北海道,D,ラーメン,,北海道札幌市に本社を置く時計台観光株式会社が運営するフランチャイズのラーメンチェーン店。座標は札幌市中央区の駅前通り総本店。(出典: ja.wikipedia「味の時計台」 https://ja.wikipedia.org/wiki/味の時計台),味の時計台 駅前通り総本店
鯛よし百番,たいよしひゃくばん,34.6426127,135.5056206,大阪府,D,日本料理,,鯛よし百番（たいよしひゃくばん）は、大阪府大阪市西成区山王に所在する料亭。(出典: ja.wikipedia「鯛よし百番」 https://ja.wikipedia.org/wiki/鯛よし百番),鯛よし百番
天麩羅処ひらお,てんぷらどころひらお,33.6210562,130.4367069,福岡県,D,日本料理,,天麩羅処ひらお（てんぷらどころひらお）は、福岡県福岡市博多区に本社を置く有限会社ひらおが運営し、福岡県内に店舗を持つ天ぷら専門店である。(出典: ja.wikipedia「天麩羅処ひらお」 https://ja.wikipedia.org/wiki/天麩羅処ひらお),天麩羅処ひらお
井泉 本店,いせん,35.7074809,139.7722295,東京都,D,丼もの・定食,,東京都文京区湯島に本店を置くとんかつ専門店。1930年（昭和5年）創業で、「かつサンド」発祥の店としても知られる。座標は湯島の本店。(出典: ja.wikipedia「井泉」 https://ja.wikipedia.org/wiki/井泉),井泉 本店
野田岩,のだいわ,35.657305,139.743045,東京都,D,日本料理,,野田岩（のだいわ）は東京都港区東麻布にある老舗鰻料理店。(出典: ja.wikipedia「野田岩」 https://ja.wikipedia.org/wiki/野田岩),野田岩
らぁ麺 飯田商店,いいだしょうてん,35.1446983,139.1096562,神奈川県,D,ラーメン,,神奈川県足柄下郡湯河原町に本店を構えるラーメン店。(出典: ja.wikipedia「飯田商店」 https://ja.wikipedia.org/wiki/飯田商店),らぁ麺 飯田商店
不純喫茶ドープ,,35.7058945,139.7705206,東京都,D,喫茶・カフェ,,不純喫茶ドープ（ふじゅんきっさドープ）は、「せつない気持ちのゴミ捨て場夜になると開きたくなる扉」をコンセプトとした東京都の喫茶店である。座標は上野御徒町店。(出典: ja.wikipedia「不純喫茶ドープ」 https://ja.wikipedia.org/wiki/不純喫茶ドープ),不純喫茶ドープ
豚骨大岩亭,とんこつおおいわてい,34.9724179,137.0487665,愛知県,D,ラーメン,,愛知県安城市緑町に店を構えるラーメン店。(出典: ja.wikipedia「豚骨大岩亭」 https://ja.wikipedia.org/wiki/豚骨大岩亭),豚骨大岩亭
みっちゃん総本店,,34.3941255,132.4547806,広島県,D,その他,,みっちゃんは、広島県内に店舗がある広島風お好み焼き店。座標は総本店。(出典: ja.wikipedia「みっちゃん」 https://ja.wikipedia.org/wiki/みっちゃん),みっちゃん総本店
ラーメン東大 大道本店,とうだい,34.0654318,134.5475154,徳島県,D,ラーメン,,徳島県徳島市に本店を置くラーメンチェーン店。徳島ラーメンの代表的な店の一つ。座標は大道本店。(出典: ja.wikipedia「ラーメン東大」 https://ja.wikipedia.org/wiki/ラーメン東大),ラーメン東大 大道本店
想夫恋 総本店,そうふれん,33.3106319,130.9419763,大分県,D,その他,,想夫恋（そうふれん）は、大分県日田市に本社を置く株式会社想夫恋がフランチャイズ展開している焼きそば専門の飲食店チェーンである。座標は日田市の総本店。(出典: ja.wikipedia「想夫恋 (飲食店)」 https://ja.wikipedia.org/wiki/想夫恋_%28飲食店%29),想夫恋 総本店
味の大王 本店,あじのだいおう,42.3176123,140.9703626,北海道,D,ラーメン,,北海道に本拠を置くラーメンチェーン店。カレーラーメン発祥の店といわれる。座標は室蘭市の本店。(出典: ja.wikipedia「味の大王」 https://ja.wikipedia.org/wiki/味の大王),味の大王 本店
あつた蓬莱軒 本店,あつたほうらいけん,35.1201512,136.9068897,愛知県,D,日本料理,,あつた蓬莱軒（あつたほうらいけん）は、愛知県名古屋市熱田区にある株式会社蓬萊軒が運営する飲食店。座標は熱田区の本店。(出典: ja.wikipedia「あつた蓬莱軒」 https://ja.wikipedia.org/wiki/あつた蓬莱軒),あつた蓬莱軒 本店
永福町大勝軒,えいふくちょうたいしょうけん,35.6762351,139.644008,東京都,D,ラーメン,,東京都杉並区和泉にあるラーメン店。煮干スープと他店の2倍はある大盛り麺が特徴。(出典: ja.wikipedia「永福町大勝軒」 https://ja.wikipedia.org/wiki/永福町大勝軒),永福町大勝軒
駒形どぜう 本店,こまがた,35.7074923,139.7950238,東京都,D,日本料理,,駒形どぜう（こまかたどぜう、）は、江戸・東京の駒形にある、どぜうなべを提供することで知られる飲食店。座標は台東区駒形の本店。(出典: ja.wikipedia「駒形どぜう」 https://ja.wikipedia.org/wiki/駒形どぜう),駒形どぜう 本店
竹むら,たけむら,35.6966753,139.7690703,東京都,D,菓子・パン,,竹むら（たけむら）は、東京都千代田区神田須田町一丁目19番地にある甘味処、和菓子店。(出典: ja.wikipedia「竹むら」 https://ja.wikipedia.org/wiki/竹むら),竹むら
マーロウ 秋谷本店,,35.2416544,139.5975005,神奈川県,D,喫茶・カフェ,,有限会社マーロウは、神奈川県横須賀市に本社を置く企業である。座標は横須賀市秋谷の本店。(出典: ja.wikipedia「マーロウ (企業)」 https://ja.wikipedia.org/wiki/マーロウ_%28企業%29),マーロウ 秋谷本店
お好み村,おこのみむら,34.3912894,132.461894,広島県,D,その他,,お好み村（おこのみむら）は、広島県広島市中区新天地5-13にある、広島風お好み焼きのフードテーマパーク。(出典: ja.wikipedia「お好み村」 https://ja.wikipedia.org/wiki/お好み村),お好み村
南部家敷 総本店,なんぶやしき,39.3405858,141.1074164,岩手県,D,日本料理,,株式会社南部家敷（なんぶやしき）は、岩手県北上市に本社を置く日本の和食レストランチェーン。座標は北上市の総本店。(出典: ja.wikipedia「南部家敷」 https://ja.wikipedia.org/wiki/南部家敷),南部家敷 総本店
博多風龍 秋葉原総本店,はかたふうりゅう,35.7018674,139.7713991,東京都,D,ラーメン,,東京都区部を中心に株式会社MENYAが展開するラーメンチェーン店。座標は秋葉原総本店。(出典: ja.wikipedia「博多風龍」 https://ja.wikipedia.org/wiki/博多風龍),博多風龍 秋葉原総本店
ラドリオ,,35.6956566,139.7598036,東京都,D,喫茶・カフェ,,ラドリオは、1949年に開店した東京都千代田区神田神保町、神田古書店街にある喫茶店である。(出典: ja.wikipedia「ラドリオ」 https://ja.wikipedia.org/wiki/ラドリオ),ラドリオ
彩華ラーメン 本店,さいか,34.5951439,135.8114864,奈良県,D,ラーメン,,奈良県天理市に本社のある外食事業者。ラーメン店「彩華ラーメン」を奈良県内を中心に展開し、天理ラーメンの元祖としている。座標は天理市の本店。(出典: ja.wikipedia「彩華」 https://ja.wikipedia.org/wiki/彩華),彩華ラーメン 本店
浪花家総本店,なにわやそうほんてん,35.7081392,139.7324345,東京都,D,菓子・パン,,東京都港区麻布十番にある甘味処、和菓子店。1909年創業のたい焼きの老舗で、「およげ!たいやきくん」のモデルとされる。座標は麻布十番の本店(OSMの登録名は「浪花家」)。(出典: ja.wikipedia「浪花家総本店」 https://ja.wikipedia.org/wiki/浪花家総本店),浪花家総本店
川端道喜,かわばたどうき,35.0512838,135.7703559,京都府,D,菓子・パン,,川端道喜は、京都の老舗和菓子店で、16世紀初頭の文亀、永正年間の創業と伝えられている。(出典: ja.wikipedia「川端道喜」 https://ja.wikipedia.org/wiki/川端道喜),川端道喜
聖護院八ツ橋総本店,しょうごいんやつはしそうほんてん,35.01843,135.77912,京都府,D,菓子・パン,,聖護院八ツ橋総本店は、京都府京都市左京区に本社を置く、八ツ橋などを製造・販売する企業である。(出典: ja.wikipedia「聖護院八ツ橋総本店」 https://ja.wikipedia.org/wiki/聖護院八ツ橋総本店),聖護院八ツ橋総本店
柏屋,かしわや,37.3979615,140.3849809,福島県,D,菓子・パン,,柏屋は、福島県郡山市に本社を置く和菓子製造販売メーカー。座標は柏屋本店。(出典: ja.wikipedia「柏屋 (福島県の和菓子製造販売)」 https://ja.wikipedia.org/wiki/柏屋_%28福島県の和菓子製造販売%29),柏屋 (福島県の和菓子製造販売)
常盤堂雷おこし本舗,ときわどうかみなりおこしほんぽ,35.7111261,139.7961247,東京都,D,菓子・パン,,常盤堂雷おこし本舗は、東京都台東区浅草に本社を置く製菓業者である。(出典: ja.wikipedia「常盤堂雷おこし本舗」 https://ja.wikipedia.org/wiki/常盤堂雷おこし本舗),常盤堂雷おこし本舗
大須ういろ,おおすういろ,35.1593653,136.9003962,愛知県,D,菓子・パン,,大須ういろは、愛知県名古屋市にある企業。(出典: ja.wikipedia「大須ういろ」 https://ja.wikipedia.org/wiki/大須ういろ),大須ういろ
井筒八ッ橋本舗,いづつやつはしほんぽ,35.0151852,135.6774972,京都府,D,菓子・パン,,井筒八ッ橋本舗は、京都府京都市右京区に本社を置く、八ツ橋などを製造・販売する企業である。(出典: ja.wikipedia「井筒八ッ橋本舗」 https://ja.wikipedia.org/wiki/井筒八ッ橋本舗),井筒八ッ橋本舗
勝烈庵 本店,かつれつあん,35.4471544,139.6349091,神奈川県,E,洋食,,勝烈庵（かつれつあん）は、神奈川県横浜市中区にある株式会社勝烈庵が運営する洋食店。座標は横浜市中区の本店。(出典: ja.wikipedia「勝烈庵」 https://ja.wikipedia.org/wiki/勝烈庵),勝烈庵 本店
名曲喫茶ライオン,,35.6592891,139.6963592,東京都,E,喫茶・カフェ,,名曲喫茶ライオン（めいきょくきっさライオン）は、東京都渋谷区道玄坂にある名曲喫茶である。(出典: ja.wikipedia「名曲喫茶ライオン」 https://ja.wikipedia.org/wiki/名曲喫茶ライオン),名曲喫茶ライオン
古潭 あべちか店,こたん,34.6483444,135.5132504,大阪府,E,ラーメン,,大阪市北区に本社を置く株式会社吉光が大阪府を中心に展開しているラーメンチェーン店。座標はアベノ地下センターに開いた1号店。(出典: ja.wikipedia「古潭 (ラーメン店)」 https://ja.wikipedia.org/wiki/古潭_%28ラーメン店%29),古潭 あべちか店
小嶋屋総本店,こじまやそうほんてん,37.8889293,138.9997664,新潟県,E,そば・うどん,,小嶋屋総本店（こじまやそうほんてん）は、新潟県十日町市に本社を置く、日本で初めてへぎそばを考案したそば店である。(出典: ja.wikipedia「小嶋屋総本店」 https://ja.wikipedia.org/wiki/小嶋屋総本店),小嶋屋総本店
こむらさき 上通本店,こむらさき,32.8060589,130.7114092,熊本県,E,ラーメン,,熊本県熊本市に本社を置く熊本ラーメン株式会社が運営するラーメンチェーン。熊本ラーメンの元祖の一つ。座標は熊本市中央区の上通本店。(出典: ja.wikipedia「こむらさき」 https://ja.wikipedia.org/wiki/こむらさき),こむらさき 上通本店
風来軒,ふうらいけん,32.5837192,131.63962,宮崎県,E,ラーメン,,宮崎県宮崎市に本店を置くラーメンチェーン店。濃厚なとんこつラーメンが代表的なメニュー。(出典: ja.wikipedia「風来軒」 https://ja.wikipedia.org/wiki/風来軒),風来軒
我武者羅,がむしゃら,35.6779223,139.6784742,東京都,E,ラーメン,,株式会社我武者羅が渋谷区幡ヶ谷などで「背脂生姜醤油ラーメン」などを提供している新潟ラーメンの専門店群。(出典: ja.wikipedia「我武者羅」 https://ja.wikipedia.org/wiki/我武者羅),我武者羅
博多一幸舎 総本店,はかたいっこうしゃ,33.5882444,130.4170779,福岡県,E,ラーメン,,福岡市博多区に本店を置く豚骨ラーメン専門のチェーン店。座標は総本店。(出典: ja.wikipedia「博多一幸舎」 https://ja.wikipedia.org/wiki/博多一幸舎),博多一幸舎 総本店
亀戸餃子 本店,かめいどぎょうざ,35.6986439,139.8262151,東京都,E,中華,,亀戸餃子（かめいどぎょうざ）は、東京都江東区亀戸に本店を置く飲食店。座標は江東区亀戸の本店。(出典: ja.wikipedia「亀戸餃子」 https://ja.wikipedia.org/wiki/亀戸餃子),亀戸餃子 本店
神田まつや,かんだまつや,35.6961164,139.7687772,東京都,E,そば・うどん,,神田まつや（かんだまつや）は、東京都千代田区神田須田町にある蕎麦の専門店である。(出典: ja.wikipedia「神田まつや」 https://ja.wikipedia.org/wiki/神田まつや),神田まつや
らーめん五丈原 本店,らーめんごじょうげん,43.0510985,141.3459233,北海道,E,ラーメン,,北海道札幌市中央区に本店を構えるラーメン店。座標は南7条西8丁目の本店。(出典: ja.wikipedia「らーめん五丈原」 https://ja.wikipedia.org/wiki/らーめん五丈原),らーめん五丈原 本店
壱発ラーメン 本店,いっぱつラーメン,35.6544722,139.3337174,東京都,E,ラーメン,,有限会社壱発コーポレーションが運営するラーメン店。座標は東京都八王子市万町の本店。(出典: ja.wikipedia「壱発ラーメン」 https://ja.wikipedia.org/wiki/壱発ラーメン),壱発ラーメン 本店
河文,かわぶん,35.1754003,136.9009615,愛知県,E,日本料理,,河文（かわぶん）は、江戸時代に愛知県名古屋市中区丸の内に開店した老舗料亭である。(出典: ja.wikipedia「河文」 https://ja.wikipedia.org/wiki/河文),河文
なると,,43.200282,140.995107,北海道,E,その他,,なるとは、株式会社なると（旧：有限会社若鶏時代なると）が北海道で展開する若鶏半身揚げ・ザンギなど唐揚げが名物の飲食店。座標は小樽の店舗。(出典: ja.wikipedia「なると (飲食店)」 https://ja.wikipedia.org/wiki/なると_%28飲食店%29),なると
はん亭,,35.7172769,139.7660289,東京都,E,日本料理,,はん亭（はんてい、）は、東京都文京区根津にある大正初期に建てられた木造の3階建ての飲食店舗。(出典: ja.wikipedia「はん亭」 https://ja.wikipedia.org/wiki/はん亭),はん亭
シャンゴ 問屋町本店,,36.3510827,139.0079263,群馬県,E,洋食,,シャンゴ(Shango)は、シャンゴ株式会社が運営する群馬県高崎市のレストラン・チェーン、イタリア料理店。座標は高崎市の問屋町本店。(出典: ja.wikipedia「シャンゴ (レストラン)」 https://ja.wikipedia.org/wiki/シャンゴ_%28レストラン%29),シャンゴ 問屋町本店
蓬莱屋,ほうらいや,35.7074158,139.7737581,東京都,E,丼もの・定食,,蓬莱屋（ほうらいや）は、日本の食堂。(出典: ja.wikipedia「蓬莱屋 (とんかつ店)」 https://ja.wikipedia.org/wiki/蓬莱屋_%28とんかつ店%29),蓬莱屋
長尾中華そば 西バイパス本店,ながおちゅうかそば,40.8326121,140.7016346,青森県,E,ラーメン,,主に青森県青森市で魚介ダシの津軽ラーメンを提供するラーメン店。座標は西バイパス本店。(出典: ja.wikipedia「長尾中華そば」 https://ja.wikipedia.org/wiki/長尾中華そば),長尾中華そば 西バイパス本店
キッチンオトボケ,,35.7066152,139.7190793,東京都,E,丼もの・定食,,キッチンオトボケは、東京都新宿区馬場下町の定食屋。(出典: ja.wikipedia「キッチンオトボケ」 https://ja.wikipedia.org/wiki/キッチンオトボケ),キッチンオトボケ
特一番,とくいちばん,43.7814133,142.3563783,北海道,E,ラーメン,,旭川ラーメンを提供しているラーメン店。昭和22年開店の蜂屋、青葉に続き旭川で創業した。(出典: ja.wikipedia「特一番」 https://ja.wikipedia.org/wiki/特一番),特一番
くいどころ里味 見附本店,,37.5547505,138.8934813,新潟県,E,日本料理,,くいどころ里味は株式会社里味が展開する和食ファミリーレストランのチェーンである。座標は見附本店。(出典: ja.wikipedia「くいどころ里味」 https://ja.wikipedia.org/wiki/くいどころ里味),くいどころ里味 見附本店
白樺山荘 真駒内本店,しらかばさんそう,42.987871,141.349626,北海道,E,ラーメン,,北海道札幌市に本社を置くラーメンチェーン店。座標は札幌市南区の真駒内本店。(出典: ja.wikipedia「白樺山荘」 https://ja.wikipedia.org/wiki/白樺山荘),白樺山荘 真駒内本店
麺屋極鶏,めんやごっけい,35.0472203,135.7871019,京都府,E,ラーメン,,京都府京都市左京区一乗寺で鶏白湯ラーメンなどを提供しているラーメン店。2011年創業。(出典: ja.wikipedia「麺屋極鶏」 https://ja.wikipedia.org/wiki/麺屋極鶏),麺屋極鶏
ソラノイロ,ソラノイロ,35.6830479,139.7394059,東京都,E,ラーメン,,東京都千代田区平河町に本店を置くラーメン店。2011年創業。野菜を使ったベジソバなどで知られる。(出典: ja.wikipedia「ソラノイロ」 https://ja.wikipedia.org/wiki/ソラノイロ),ソラノイロ
三定,さんさだ,35.7110056,139.7966239,東京都,E,日本料理,,三定（さんさだ）は、東京都台東区浅草一丁目にある飲食店。1837年（天保8年）創業で、現存する日本最古の天ぷら屋とされる。(出典: ja.wikipedia「三定」 https://ja.wikipedia.org/wiki/三定),三定
牛銀本店,ぎゅうぎんほんてん,34.579239,136.5284967,三重県,E,日本料理,,株式会社牛銀本店（ぎゅうぎんほんてん）は、三重県松阪市魚町にあるすき焼き料理店および同店を営む企業。(出典: ja.wikipedia「牛銀本店」 https://ja.wikipedia.org/wiki/牛銀本店),牛銀本店
鍋茶屋,なべぢゃや,37.9241703,139.0461242,新潟県,E,日本料理,,鍋茶屋（なべぢゃや）は、新潟県新潟市中央区東堀通の古町花街に所在する老舗の料亭である。(出典: ja.wikipedia「鍋茶屋」 https://ja.wikipedia.org/wiki/鍋茶屋),鍋茶屋
柚木元,ゆきもと,35.5192133,137.8232941,長野県,E,日本料理,,柚木元（ゆきもと）は、長野県南信地方の飯田市にある日本料理店である。(出典: ja.wikipedia「柚木元」 https://ja.wikipedia.org/wiki/柚木元),柚木元
ペルル,,35.7231999,139.6395004,東京都,E,喫茶・カフェ,,ペルルとは、東京都中野区鷺宮にある、バー（飲食店）である。(出典: ja.wikipedia「ペルル」 https://ja.wikipedia.org/wiki/ペルル),ペルル
金久右衛門 本店,きんぐえもん,34.6783274,135.5623138,大阪府,E,ラーメン,,大阪市中央区に本社を置く株式会社King projectが運営するラーメンチェーン店。座標は醤油らーめん専門の本店。(出典: ja.wikipedia「金久右衛門」 https://ja.wikipedia.org/wiki/金久右衛門),金久右衛門 本店
太田なわのれん,おおたなわのれん,35.4421624,139.6274657,神奈川県,E,日本料理,,太田なわのれん（おおたなわのれん）は、神奈川県横浜市中区にある合資会社太田なわのれんが運営する牛鍋店である。(出典: ja.wikipedia「太田なわのれん」 https://ja.wikipedia.org/wiki/太田なわのれん),太田なわのれん
洋食工房パセリ,,35.1322337,136.978877,愛知県,E,洋食,,洋食工房パセリ（ようしょくこうぼうパセリ）は、愛知県名古屋市天白区塩釜口にあるトンカツ中心のデカ盛り定食屋。(出典: ja.wikipedia「洋食工房パセリ」 https://ja.wikipedia.org/wiki/洋食工房パセリ),洋食工房パセリ
ばりきや 菊水本店,ばりきや,43.0633508,141.3821496,北海道,E,ラーメン,,北海道札幌市白石区に本店を置く博多ラーメンの店。(出典: ja.wikipedia「ばりきや」 https://ja.wikipedia.org/wiki/ばりきや),ばりきや 菊水本店
キッチン友,,35.4889624,139.626798,神奈川県,E,洋食,,キッチン友（キッチンとも）は、日本の大衆食堂。(出典: ja.wikipedia「キッチン友」 https://ja.wikipedia.org/wiki/キッチン友),キッチン友
但熊,たんくま,35.4399211,134.9980377,兵庫県,E,丼もの・定食,,但熊（たんくま）は、兵庫県豊岡市但東町栗尾にある株式会社西垣養鶏場が運営する卵かけご飯専門店である。(出典: ja.wikipedia「但熊」 https://ja.wikipedia.org/wiki/但熊),但熊
The SG Club,,35.6642536,139.6992393,東京都,E,喫茶・カフェ,,TheSGClub（エスジークラブ）は、東京都渋谷区の神南一丁目にあるバー。(出典: ja.wikipedia「The SG Club」 https://ja.wikipedia.org/wiki/The_SG_Club),The SG Club
黒亭,こくてい,32.7997102,130.7041107,熊本県,E,ラーメン,,有限会社黒亭が運営する熊本ラーメン専門店。1957年創業。(出典: ja.wikipedia「黒亭」 https://ja.wikipedia.org/wiki/黒亭),黒亭
いせ源,いせげん,35.6965787,139.7691577,東京都,E,日本料理,,いせ源（いせげん）は、東京都千代田区神田須田町にあるあんこう鍋をはじめとするあんこう料理の専門店で、東都のれん会の会員店である。(出典: ja.wikipedia「いせ源」 https://ja.wikipedia.org/wiki/いせ源),いせ源
金沢園,かなざわえん,35.3440543,139.6352159,神奈川県,E,日本料理,,金沢園（かなざわえん）は、神奈川県横浜市金沢区で営業していた料亭である。(出典: ja.wikipedia「金沢園」 https://ja.wikipedia.org/wiki/金沢園),金沢園
海員閣,かいいんかく,35.4430394,139.6457384,神奈川県,E,中華,,海員閣（かいいんかく）は、神奈川県横浜市中区山下町の横浜中華街・香港路にある広東料理の中華料理店。(出典: ja.wikipedia「海員閣」 https://ja.wikipedia.org/wiki/海員閣),海員閣
荒井屋 本店,あらいや,35.44145,139.6294902,神奈川県,E,日本料理,,荒井屋（あらいや）は、神奈川県横浜市中区にある株式会社荒井屋が運営する牛鍋店である。座標は横浜市中区の本店。(出典: ja.wikipedia「荒井屋」 https://ja.wikipedia.org/wiki/荒井屋),荒井屋 本店
東鮓本店,あずまずしほんてん,35.1526703,136.8984493,愛知県,E,寿司,,株式会社東鮓本店（あずまずしほんてん）は、愛知県名古屋市中区栄一丁目に本社を置く企業。(出典: ja.wikipedia「東鮓本店」 https://ja.wikipedia.org/wiki/東鮓本店),東鮓本店
行形亭,いきなりや,37.9263465,139.0407186,新潟県,E,日本料理,,行形亭（いきなりや）は、新潟県新潟市中央区西大畑町に所在し株式会社行形亭（いきなりてい）が運営する老舗の料亭。(出典: ja.wikipedia「行形亭」 https://ja.wikipedia.org/wiki/行形亭),行形亭
天領うどん,てんりょううどん,32.4203118,131.6353264,宮崎県,E,そば・うどん,,天領うどん（てんりょううどん）は、宮崎県日向市に本社を置く有限会社天領うどん本店が運営する、宮崎県北部のみにチェーン店を持つうどん店である。(出典: ja.wikipedia「天領うどん」 https://ja.wikipedia.org/wiki/天領うどん),天領うどん
首里そば,しゅりそば,26.2175438,127.722792,沖縄県,E,そば・うどん,,首里そば（しゅりそば）は、沖縄県那覇市首里赤田町にある沖縄そばの専門店。人気店として知られる。(出典: ja.wikipedia「首里そば」 https://ja.wikipedia.org/wiki/首里そば),首里そば
百楽荘,ひゃくらくそう,34.6958527,135.7389692,奈良県,E,日本料理,,百楽荘（ひゃくらくそう）は、奈良県奈良市百楽園三丁目1番3号にある料亭。(出典: ja.wikipedia「百楽荘 (奈良県の料亭)」 https://ja.wikipedia.org/wiki/百楽荘_%28奈良県の料亭%29),百楽荘
大黒屋 (桑名市),だいこくや,35.1351276,136.6320353,三重県,E,日本料理,,三重県桑名市多度町柚井にある鯉料理店。享保年間（1710年〜1736年）創業。(出典: ja.wikipedia「大黒屋 (桑名市)」 https://ja.wikipedia.org/wiki/大黒屋_%28桑名市%29),大黒屋 (桑名市)
カフェ香咲,,35.6711628,139.7136441,東京都,E,喫茶・カフェ,,カフェ香咲（カフェカーサ）は、東京都渋谷区神宮前にある喫茶店。(出典: ja.wikipedia「カフェ香咲」 https://ja.wikipedia.org/wiki/カフェ香咲),カフェ香咲
一休そば 総本店,,42.6191715,141.5532028,北海道,E,そば・うどん,,有限会社一休そば（いっきゅうそば、）は、北海道で蕎麦レストランを運営する企業。座標は苫小牧市の総本店。(出典: ja.wikipedia「一休そば」 https://ja.wikipedia.org/wiki/一休そば),一休そば 総本店
珈琲文明,,35.4881222,139.6263568,神奈川県,E,喫茶・カフェ,,珈琲文明（コーヒーぶんめい）は、神奈川県横浜市の六角橋商店街にある喫茶店。(出典: ja.wikipedia「珈琲文明」 https://ja.wikipedia.org/wiki/珈琲文明),珈琲文明
とんよし,,43.0655879,141.3634862,北海道,E,丼もの・定食,,とんよしは、有限会社大協商事が北海道札幌市で展開するとんかつ店である。(出典: ja.wikipedia「とんよし」 https://ja.wikipedia.org/wiki/とんよし),とんよし
我部祖河食堂 名護本店,がぶそかしょくどう,26.6221816,127.9997941,沖縄県,E,そば・うどん,,我部祖河食堂（がぶそかしょくどう）は沖縄そばを提供する飲食店。座標は名護市我部祖河の本店。(出典: ja.wikipedia「我部祖河食堂」 https://ja.wikipedia.org/wiki/我部祖河食堂),我部祖河食堂 名護本店
麺商人,めんしょうにん,32.7868023,130.732637,熊本県,E,ラーメン,,熊本県熊本市出水の煮干ラーメン専門店。2009年創業。(出典: ja.wikipedia「麺商人」 https://ja.wikipedia.org/wiki/麺商人),麺商人
ランチョン,,35.696264,139.7595358,東京都,E,洋食,,ランチョンは、東京都千代田区神田神保町にあるビアホール。(出典: ja.wikipedia「ランチョン (飲食店)」 https://ja.wikipedia.org/wiki/ランチョン_%28飲食店%29),ランチョン
讃岐屋 牛田本店,さぬきや,34.411361,132.4716574,広島県,E,そば・うどん,,有限会社讃岐屋（さぬきや）は、広島県内でうどん店チェーンを展開している日本の企業。座標は広島市の牛田本店。(出典: ja.wikipedia「讃岐屋」 https://ja.wikipedia.org/wiki/讃岐屋),讃岐屋 牛田本店
民宿青塚食堂,みんしゅくあおつかしょくどう,43.2366044,141.0148332,北海道,E,その他,,民宿青塚食堂（みんしゅくあおつかしょくどう）は、日本の食堂、民宿。(出典: ja.wikipedia「民宿青塚食堂」 https://ja.wikipedia.org/wiki/民宿青塚食堂),民宿青塚食堂
ぼたん (千代田区),ぼたん,35.6964758,139.7689362,東京都,E,日本料理,,東京都千代田区神田須田町にある、明治時代に創業の鳥のすき焼き専門店。(出典: ja.wikipedia「ぼたん (千代田区)」 https://ja.wikipedia.org/wiki/ぼたん_%28千代田区%29),ぼたん (千代田区)
はつ花 本店,はつはな,35.2311356,139.1002104,神奈川県,E,そば・うどん,,はつ花（はつはな）は、神奈川県足柄下郡箱根町湯本に所在する蕎麦店である。座標は箱根湯本の本店。(出典: ja.wikipedia「はつ花」 https://ja.wikipedia.org/wiki/はつ花),はつ花 本店
The Bellwood,,35.6630842,139.6950076,東京都,E,喫茶・カフェ,,The Bellwood（ザ ベルウッド）は、東京都渋谷区宇田川町にあるレストランバー。(出典: ja.wikipedia「The Bellwood」 https://ja.wikipedia.org/wiki/The_Bellwood),The Bellwood
グリルにんじん,,35.0419271,135.793153,京都府,E,洋食,,グリルにんじんは、京都府京都市左京区にある洋食店。(出典: ja.wikipedia「グリルにんじん」 https://ja.wikipedia.org/wiki/グリルにんじん),グリルにんじん
かんだやぶそば,かんだやぶそば,35.69702,139.7686698,東京都,D,そば・うどん,,東京都千代田区神田淡路町にある1880年（明治13年）創業の蕎麦屋。江戸の蕎麦の系統「藪」の代表格として知られる。(出典: ja.wikipedia「かんだやぶそば」 https://ja.wikipedia.org/wiki/かんだやぶそば),かんだやぶそば
並木藪蕎麦,なみきやぶそば,35.7096544,139.7959683,東京都,D,そば・うどん,,東京都台東区雷門にある1913年（大正2年）創業の蕎麦屋。かんだやぶそばから暖簾分けした藪三大老舗の一つ。(出典: ja.wikipedia「並木藪蕎麦」 https://ja.wikipedia.org/wiki/並木藪蕎麦),並木藪蕎麦
南千住砂場,みなみせんじゅすなば,35.7332312,139.7908456,東京都,E,そば・うどん,,東京都荒川区南千住にある嘉永期（1848年-1854年）創業のそば屋。江戸以来ふたつ伝わる「砂場」の系統のうち、ひとつの本家にあたる。(出典: ja.wikipedia「南千住砂場」 https://ja.wikipedia.org/wiki/南千住砂場),南千住砂場
室町砂場,むろまちすなば,35.6893998,139.771787,東京都,E,そば・うどん,,東京都中央区日本橋室町にある1869年（明治2年）創業のそば屋。麹町の砂場本家から暖簾分けし、本石町砂場を経て現在地へ移り改称した。(出典: ja.wikipedia「室町砂場」 https://ja.wikipedia.org/wiki/室町砂場),室町砂場
神田錦町 更科,かんだにしきちょうさらしな,35.6937904,139.7616724,東京都,E,そば・うどん,,東京都千代田区神田錦町にある1869年（明治2年）創業のそば屋。江戸の蕎麦の系統「更科」を伝える老舗。(出典: ja.wikipedia「神田錦町更科」 https://ja.wikipedia.org/wiki/神田錦町更科),神田錦町 更科
名玄,めいげん,34.6391009,133.9397774,岡山県,E,そば・うどん,,岡山県岡山市中区平井にある1976年開業のうどん店。「セルフうどん」形式の先駆店のひとつとして知られている。(出典: ja.wikipedia「名玄」 https://ja.wikipedia.org/wiki/名玄),名玄
梅丘寿司の美登利総本店,うめがおかすしのみどりそうほんてん,35.6555832,139.6541684,東京都,E,寿司,,東京都で寿司店やテイクアウト寿司を展開する企業。座標は世田谷区梅丘の総本店。(出典: ja.wikipedia「梅丘寿司の美登利総本店」 https://ja.wikipedia.org/wiki/梅丘寿司の美登利総本店),梅丘寿司の美登利総本店
たいめいけん,たいめいけん,35.6844153,139.7751187,東京都,C,洋食,,東京都中央区日本橋室町にある洋食レストラン。1931年創業で、オムライスやボルシチで知られる。(出典: ja.wikipedia「たいめいけん」 https://ja.wikipedia.org/wiki/たいめいけん),たいめいけん
上野精養軒,うえのせいようけん,35.7143585,139.7720969,東京都,C,洋食,,東京都台東区の上野恩賜公園内にある老舗西洋料理店。築地精養軒の後身で、日本におけるフランス料理店の草分けとされる。(出典: ja.wikipedia「上野精養軒」 https://ja.wikipedia.org/wiki/上野精養軒),上野精養軒
松本楼,まつもとろう,35.6737913,139.7558071,東京都,D,洋食,,東京都千代田区の日比谷公園内にある洋風レストラン。1903年開業。(出典: ja.wikipedia「松本楼」 https://ja.wikipedia.org/wiki/松本楼),松本楼
レストラン菊水,レストランきくすい,35.0040225,135.7723053,京都府,E,洋食,,京都市東山区の四条大橋東詰にある料理店。1916年（大正5年）創業で、京都における西欧料理の草分け的存在。店舗の入るビルは近代建築として知られる。(出典: ja.wikipedia「レストラン菊水」 https://ja.wikipedia.org/wiki/レストラン菊水),レストラン菊水
ドルフィン (レストラン),ドルフィン,35.4198357,139.6371521,神奈川県,D,洋食,,神奈川県横浜市中区根岸旭台にあるレストラン。松任谷由実の楽曲『海を見ていた午後』に歌われ「ユーミンの聖地」として知られる。(出典: ja.wikipedia「ドルフィン (レストラン)」 https://ja.wikipedia.org/wiki/ドルフィン_%28レストラン%29),ドルフィン (レストラン)
スカンディヤ,スカンディヤ,35.4478649,139.6441793,神奈川県,E,洋食,,神奈川県横浜市中区海岸通にある北欧料理店。1963年開店で、おもにデンマーク料理を提供する。(出典: ja.wikipedia「スカンディヤ」 https://ja.wikipedia.org/wiki/スカンディヤ),スカンディヤ
藤屋 THE FUJIYA GOHONJIN,ふじや,36.6570686,138.1879988,長野県,E,洋食,,長野県長野市の善光寺門前にあるレストラン・結婚式場。旧御本陳藤屋旅館の建物は国の登録有形文化財。座標は本店の THE FUJIYA GOHONJIN。(出典: ja.wikipedia「藤屋 (長野市)」 https://ja.wikipedia.org/wiki/藤屋_%28長野市%29),藤屋 THE FUJIYA GOHONJIN
不二家横浜センター店,ふじやよこはまセンターてん,35.4442809,139.632768,神奈川県,E,洋食,,神奈川県横浜市中区伊勢佐木町にある不二家の店舗。1938年竣工のアントニン・レーモンド設計の建物で知られる。(出典: ja.wikipedia「不二家横浜センター店」 https://ja.wikipedia.org/wiki/不二家横浜センター店),不二家横浜センター店
東華菜館,とうかさいかん,35.0035921,135.7710578,京都府,D,中華,,京都市下京区の四条大橋西詰にある北京料理店。ヴォーリズ設計の本店ビルは近代建築として知られる。座標は本店。(出典: ja.wikipedia「東華菜館」 https://ja.wikipedia.org/wiki/東華菜館),東華菜館
瓢亭,ひょうてい,35.0114514,135.7867188,京都府,D,日本料理,,京都市左京区の南禅寺近くにある日本料理・茶懐石の老舗。天保年間に南禅寺門前の腰掛け茶屋として創業した。(出典: ja.wikipedia「瓢亭」 https://ja.wikipedia.org/wiki/瓢亭),瓢亭
八勝館,はっしょうかん,35.1378457,136.9616985,愛知県,E,日本料理,,名古屋市昭和区広路町にある老舗料亭。堀口捨己設計の御幸の間などが国の重要文化財に指定されている。(出典: ja.wikipedia「八勝館」 https://ja.wikipedia.org/wiki/八勝館),八勝館
だるま料理店,だるまりょうりてん,35.2513099,139.1595067,神奈川県,E,日本料理,,神奈川県小田原市本町にある日本料理店。1893年創業で、1926年竣工の店舗建物は国の登録有形文化財。(出典: ja.wikipedia「だるま料理店」 https://ja.wikipedia.org/wiki/だるま料理店),だるま料理店
明神下 神田川本店,みょうじんしたかんだがわほんてん,35.7004276,139.7689824,東京都,D,日本料理,,東京都千代田区外神田にある鰻料理店。江戸時代に創業した200年以上の歴史を持ち、現在の木造2階建の店舗は1952年築。(出典: ja.wikipedia「明神下 神田川本店」 https://ja.wikipedia.org/wiki/明神下_神田川本店),明神下 神田川本店
尾花 (鰻料理店),おばな,35.7315125,139.7969321,東京都,E,日本料理,,東京都荒川区南千住にある老舗鰻料理店。明治元年創業で、「東の尾花 西の野田岩」と称される。(出典: ja.wikipedia「尾花 (鰻料理店)」 https://ja.wikipedia.org/wiki/尾花_%28鰻料理店%29),尾花 (鰻料理店)
土手の伊勢屋,どてのいせや,35.7250637,139.7970671,東京都,D,日本料理,,東京都台東区日本堤にある天ぷら屋。1889年（明治22年）創業と伝えられ、昭和初期の木造2階建の店舗は国の登録有形文化財。(出典: ja.wikipedia「土手の伊勢屋」 https://ja.wikipedia.org/wiki/土手の伊勢屋),土手の伊勢屋
中清 (台東区),なかせい,35.7125838,139.7946014,東京都,E,日本料理,,東京都台東区浅草にある天ぷら屋。東都のれん会に加盟する老舗。(出典: ja.wikipedia「中清 (台東区)」 https://ja.wikipedia.org/wiki/中清_%28台東区%29),中清 (台東区)
ステーキハウスリベラ,ステーキハウスリベラ,35.6302494,139.7287609,東京都,B,その他,,東京都品川区五反田にあるステーキハウス。プロレス・格闘技をテーマにしており、来日した選手が訪れることで知られる。(出典: ja.wikipedia「ステーキハウスリベラ」 https://ja.wikipedia.org/wiki/ステーキハウスリベラ),ステーキハウスリベラ
はり重 道頓堀本店,はりじゅう,34.668593,135.500678,大阪府,E,その他,,大阪・道頓堀に本店のある牛肉料理店・精肉店。座標は道頓堀の本店。(出典: ja.wikipedia「はり重」 https://ja.wikipedia.org/wiki/はり重),はり重 道頓堀本店
矢場とん 本店,やばとん,35.1616716,136.9062283,愛知県,C,その他,,名古屋市中区大須にあるみそかつの専門店。1947年創業で名古屋めしの代表格として知られる。座標は本店。(出典: ja.wikipedia「矢場とん」 https://ja.wikipedia.org/wiki/矢場とん),矢場とん 本店
牛宮城,ぎゅうぐうじょう,35.6614781,139.6981244,東京都,C,焼肉,,東京都渋谷区宇田川町にある焼肉店。宮迫博之が経営し、YouTuberのヒカルが宣伝を担当する。(出典: ja.wikipedia「牛宮城」 https://ja.wikipedia.org/wiki/牛宮城),牛宮城
かに道楽 道頓堀本店,かにどうらく,34.6688634,135.5015017,大阪府,C,その他,,カニ料理の専門店。店頭に掲げられた巨大な動くかに看板を目印とする。座標は道頓堀本店。(出典: ja.wikipedia「かに道楽」 https://ja.wikipedia.org/wiki/かに道楽),かに道楽 道頓堀本店
天下茶屋 (飲食店),てんかちゃや,35.5564619,138.7838598,山梨県,E,その他,,山梨県南都留郡富士河口湖町の御坂峠にある1934年創業の飲食店。太宰治『富嶽百景』の舞台で、太宰治文学記念室を併設する。(出典: ja.wikipedia「天下茶屋 (飲食店)」 https://ja.wikipedia.org/wiki/天下茶屋_%28飲食店%29),天下茶屋 (飲食店)
ルパン (バー),ルパン,35.671046,139.7632835,東京都,D,その他,,東京都中央区銀座にあるバー。1928年開業の文壇バーで、林忠彦が撮影した太宰治・坂口安吾・織田作之助の写真が飾られている。(出典: ja.wikipedia「ルパン (バー)」 https://ja.wikipedia.org/wiki/ルパン_%28バー%29),ルパン (バー)
日本橋弁松総本店,にほんばしべんまつそうほんてん,35.685411,139.7758674,東京都,E,その他,,東京都中央区日本橋室町にある惣菜と折詰料理の店。「現存する日本で最古の弁当屋」と言われている。(出典: ja.wikipedia「日本橋弁松総本店」 https://ja.wikipedia.org/wiki/日本橋弁松総本店),日本橋弁松総本店
まごの店,まごのみせ,34.4666592,136.5526295,三重県,E,その他,,三重県多気郡多気町の五桂池ふるさと村内にあるレストラン。三重県立相可高等学校の高校生が運営する「高校生レストラン」として知られる。(出典: ja.wikipedia「まごの店」 https://ja.wikipedia.org/wiki/まごの店),まごの店
名曲喫茶らんぶる,めいきょくきっさらんぶる,35.6906606,139.7040356,東京都,E,喫茶・カフェ,,東京都新宿区新宿三丁目にある喫茶店。店内でクラシック音楽を聴かせる名曲喫茶。(出典: ja.wikipedia「名曲喫茶らんぶる」 https://ja.wikipedia.org/wiki/名曲喫茶らんぶる),名曲喫茶らんぶる
名曲喫茶ヴィオロン,めいきょくきっさヴィオロン,35.7051979,139.6324772,東京都,E,喫茶・カフェ,,東京都杉並区阿佐谷北にある名曲喫茶。(出典: ja.wikipedia「名曲喫茶ヴィオロン」 https://ja.wikipedia.org/wiki/名曲喫茶ヴィオロン),名曲喫茶ヴィオロン
名曲喫茶麦,めいきょくきっさむぎ,35.7067341,139.7604516,東京都,E,喫茶・カフェ,,東京都文京区本郷にある名曲喫茶。(出典: ja.wikipedia「名曲喫茶麦」 https://ja.wikipedia.org/wiki/名曲喫茶麦),名曲喫茶麦
柳月堂 (名曲喫茶),りゅうげつどう,35.03025,135.774004,京都府,D,喫茶・カフェ,,京都市左京区田中下柳町にある名曲喫茶。ベーカリーを併設する。(出典: ja.wikipedia「柳月堂 (名曲喫茶)」 https://ja.wikipedia.org/wiki/柳月堂_%28名曲喫茶%29),柳月堂 (名曲喫茶)
ちぐさ,ちぐさ,35.4487932,139.6299321,神奈川県,E,喫茶・カフェ,,神奈川県横浜市中区野毛町にあるジャズ喫茶。1933年創業で日本最古級のジャズ喫茶として知られる。(出典: ja.wikipedia「ちぐさ」 https://ja.wikipedia.org/wiki/ちぐさ),ちぐさ
カフェーパウリスタ,カフェーパウリスタ,35.6681112,139.7619956,東京都,D,喫茶・カフェ,,1911年（明治44年）に東京・銀座で開業した喫茶店。1970年に復活した銀座店が営業を続けている。(出典: ja.wikipedia「カフェーパウリスタ」 https://ja.wikipedia.org/wiki/カフェーパウリスタ),カフェーパウリスタ
大菩薩峠 (喫茶店),だいぼさつとうげ,33.8509109,134.6257341,徳島県,D,喫茶・カフェ,,徳島県阿南市福井町にあるレンガ造りのセルフビルド建築による喫茶店。(出典: ja.wikipedia「大菩薩峠 (喫茶店)」 https://ja.wikipedia.org/wiki/大菩薩峠_%28喫茶店%29),大菩薩峠 (喫茶店)
茶房長谷路,さぼうはせじ,34.5315865,135.9070031,奈良県,E,喫茶・カフェ,,奈良県桜井市初瀬の長谷寺参道に建つ近世・近代和風建築のカフェ・レストラン。併設の酒店とともに国の登録有形文化財。(出典: ja.wikipedia「茶房長谷路」 https://ja.wikipedia.org/wiki/茶房長谷路),茶房長谷路
大野宿鳳来館,おおのしゅくほうらいかん,34.9500069,137.6067788,愛知県,E,喫茶・カフェ,,愛知県新城市大野にある1925年築の旧大野銀行本店社屋を活用したカフェギャラリー。国の登録有形文化財。(出典: ja.wikipedia「大野宿鳳来館」 https://ja.wikipedia.org/wiki/大野宿鳳来館),大野宿鳳来館
壺々炉,こころ,36.463551,140.101806,栃木県,E,喫茶・カフェ,,栃木県芳賀郡益子町にある、益子焼の陶器販売店とギャラリーを併設したカフェレストラン。(出典: ja.wikipedia「壺々炉」 https://ja.wikipedia.org/wiki/壺々炉),壺々炉
カフェギャラリーきのね,カフェギャラリーきのね,34.7083869,135.5048636,大阪府,E,喫茶・カフェ,,大阪府大阪市北区中崎にあるカフェギャラリー。(出典: ja.wikipedia「カフェギャラリーきのね」 https://ja.wikipedia.org/wiki/カフェギャラリーきのね),カフェギャラリーきのね
@ほぉ〜むカフェ,あっとほぉーむカフェ,35.6995541,139.7707877,東京都,B,喫茶・カフェ,,東京都千代田区外神田（秋葉原）にあるメイド喫茶。座標は本店。(出典: ja.wikipedia「@ほぉ〜むカフェ」 https://ja.wikipedia.org/wiki/@ほぉ〜むカフェ),@ほぉ〜むカフェ
通圓,つうえん,34.8932684,135.8072298,京都府,E,喫茶・カフェ,,京都府宇治市にある茶屋。平治2年（1160年）創業と伝わる。(出典: ja.wikipedia「通圓」 https://ja.wikipedia.org/wiki/通圓),通圓
スターバックス リザーブ ロースタリー 東京,スターバックスリザーブロースタリーとうきょう,35.6491887,139.6926738,東京都,E,喫茶・カフェ,,東京都目黒区青葉台にあるスターバックスの自家焙煎店。隈研吾の設計で、1階から4階まで突き抜ける焙煎貯蔵庫を持つ。(出典: ja.wikipedia「スターバックス リザーブ ロースタリー 東京」 https://ja.wikipedia.org/wiki/スターバックス_リザーブ_ロースタリー_東京),スターバックス リザーブ ロースタリー 東京
白十字 (国立市),はくじゅうじ,35.697786,139.446398,東京都,E,喫茶・カフェ,,東京都国立市にある喫茶店・洋菓子店。1955年創業。(出典: ja.wikipedia「白十字 (国立市の洋菓子店)」 https://ja.wikipedia.org/wiki/白十字_%28国立市の洋菓子店%29),白十字 (国立市)
ウチキパン,ウチキパン,35.4409153,139.6506421,神奈川県,E,菓子・パン,,神奈川県横浜市中区元町にある製パン業者。1888年創業の横浜最古の製パン業者とされ、山型食パンの元祖ともいわれる。(出典: ja.wikipedia「ウチキパン」 https://ja.wikipedia.org/wiki/ウチキパン),ウチキパン
喜久家洋菓子舗 元町本店,きくやようがしほ,35.4406983,139.6487617,神奈川県,E,菓子・パン,,神奈川県横浜市中区元町にある洋菓子店。大正時代創業の老舗で、ラムボールで知られる。座標は元町本店。(出典: ja.wikipedia「喜久家洋菓子舗」 https://ja.wikipedia.org/wiki/喜久家洋菓子舗),喜久家洋菓子舗 元町本店
言問団子,ことといだんご,35.7185326,139.8091343,東京都,D,菓子・パン,,東京都墨田区向島、桜橋の橋詰にある和菓子店。同名の団子で知られる。(出典: ja.wikipedia「言問団子」 https://ja.wikipedia.org/wiki/言問団子),言問団子
追分だんご本舗,おいわけだんごほんぽ,35.6904806,139.7053674,東京都,E,菓子・パン,,東京都新宿区新宿三丁目にある和菓子店。団子が新宿銘菓として知られる老舗。(出典: ja.wikipedia「追分だんご本舗」 https://ja.wikipedia.org/wiki/追分だんご本舗),追分だんご本舗
高木屋老舗,たかぎやろうほ,35.7576521,139.8766177,東京都,E,菓子・パン,,東京都葛飾区柴又にある草団子などを出す和菓子店・食事処。映画『男はつらいよ』の撮影で使われたことで知られる。(出典: ja.wikipedia「高木屋老舗」 https://ja.wikipedia.org/wiki/高木屋老舗),高木屋老舗
岩村もみじ屋,いわむらもみじや,34.2950814,132.3201544,広島県,E,菓子・パン,,広島県廿日市市宮島町にある和菓子店。もみじ饅頭の老舗で、つぶあん入りもみじ饅頭の元祖とされる。(出典: ja.wikipedia「岩村もみじ屋」 https://ja.wikipedia.org/wiki/岩村もみじ屋),岩村もみじ屋
紅葉堂,もみじどう,34.2985162,132.3216695,広島県,E,菓子・パン,,広島県廿日市市宮島町にある和菓子店。もみじ饅頭製造元の老舗で、『揚げもみじ』で知られる。(出典: ja.wikipedia「紅葉堂」 https://ja.wikipedia.org/wiki/紅葉堂),紅葉堂
廣瀬直船堂,ひろせちょくせんどう,35.6973155,139.9884488,千葉県,E,菓子・パン,,千葉県船橋市本町にある菓子店。1918年築の店舗建物が市の景観重要建造物に指定されている。(出典: ja.wikipedia「廣瀬直船堂」 https://ja.wikipedia.org/wiki/廣瀬直船堂),廣瀬直船堂
藤戸饅頭本舗,ふじとまんじゅうほんぽ,34.5606219,133.8095857,岡山県,E,菓子・パン,,岡山県倉敷市藤戸町にある和菓子店。倉敷の銘菓・藤戸饅頭を製造・販売する。座標は本店。(出典: ja.wikipedia「藤戸饅頭本舗」 https://ja.wikipedia.org/wiki/藤戸饅頭本舗),藤戸饅頭本舗
千秋庵総本家 宝来町本店,せんしゅうあんそうほんけ,41.7611126,140.7194586,北海道,D,菓子・パン,,北海道函館市にある菓子店。1860年創業で、屋号「千秋庵」は創業者の故郷・秋田の千秋公園に由来する。座標は宝来町の本店。(出典: ja.wikipedia「千秋庵総本家」 https://ja.wikipedia.org/wiki/千秋庵総本家),千秋庵総本家 宝来町本店
梅園 (和菓子店),うめぞの,35.7123843,139.7963354,東京都,E,菓子・パン,,東京都台東区浅草一丁目にある甘味処・和菓子店。東都のれん会に加盟する老舗で、粟ぜんざいで知られる。(出典: ja.wikipedia「梅園 (和菓子店)」 https://ja.wikipedia.org/wiki/梅園_%28和菓子店%29),梅園 (和菓子店)
中華四川,ちゅうかしせん,35.3163610,139.1718060,神奈川県,E,中華,,1975年に神奈川県小田原市で創業したタンタン麺専門店。ひき肉・ザーサイ・ニンニク・豆板醤などをベースとした、とろみの強いあんかけ風甘辛スープの坦々麺を提供している。小田原系坦々麺の源流とされる。座標は記事のインフォボックス由来（OpenStreetMapに登録が無いため）。(出典: ja.wikipedia「中華四川」 https://ja.wikipedia.org/wiki/中華四川),中華四川
大砲ラーメン 本店,たいほう,33.3152137,130.5256640,福岡県,E,ラーメン,,福岡県久留米市に本社を置き、豚骨ラーメン専門店「大砲ラーメン」を福岡県を中心に展開する企業。座標は久留米市の本店。(出典: ja.wikipedia「大砲 (企業)」 https://ja.wikipedia.org/wiki/大砲_%28企業%29),大砲ラーメン 本店
文明堂総本店,ぶんめいどうそうほんてん,32.776445,129.8629244,長崎県,E,菓子・パン,,文明堂総本店は、長崎県長崎市に本社を置く日本の製菓業者。(出典: ja.wikipedia「文明堂総本店」 https://ja.wikipedia.org/wiki/文明堂総本店),文明堂総本店
鍵善良房,かぎぜんよしふさ,35.0040216,135.7747321,京都府,E,菓子・パン,,鍵善良房は、京都市東山区祇園商店街にある菓舗。(出典: ja.wikipedia「鍵善良房」 https://ja.wikipedia.org/wiki/鍵善良房),鍵善良房
ボンとらや,,34.7257005,137.4620674,愛知県,E,菓子・パン,,ボンとらやは、愛知県豊橋市羽田町66に本店がある和菓子店・洋菓子店。(出典: ja.wikipedia「ボンとらや」 https://ja.wikipedia.org/wiki/ボンとらや),ボンとらや
金蝶園総本家,きんちょうえんそうほんけ,35.3662598,136.6179038,岐阜県,E,菓子・パン,,金蝶園総本家は、岐阜県大垣市に本店のある和菓子店。座標は金蝶園 総本家 大垣駅前本店。(出典: ja.wikipedia「金蝶園総本家 (高屋町)」 https://ja.wikipedia.org/wiki/金蝶園総本家_%28高屋町%29),金蝶園総本家 (高屋町)
美濃忠,みのちゅう,35.1763206,136.8941374,愛知県,E,菓子・パン,,美濃忠とは、 愛知県名古屋市中区丸の内に本店がある和菓子店。(出典: ja.wikipedia「美濃忠」 https://ja.wikipedia.org/wiki/美濃忠),美濃忠
鶴屋八幡,つるや はちまん,34.6910211,135.499096,大阪府,E,菓子・パン,,鶴屋八幡は、大阪の老舗和菓子店。小豆の選別から製餡まで自社工場で製造している五。(出典: ja.wikipedia「鶴屋八幡」 https://ja.wikipedia.org/wiki/鶴屋八幡),鶴屋八幡
村岡総本舗,むらおかそうほんぽ,33.2584321,130.2989417,佐賀県,E,菓子・パン,,村岡総本舗は、佐賀県小城市に本店がある羊羹・和菓子の製造・販売業者である。(出典: ja.wikipedia「村岡総本舗」 https://ja.wikipedia.org/wiki/村岡総本舗),村岡総本舗
恵那川上屋,えなかわかみや,35.3631307,137.2346999,岐阜県,E,菓子・パン,,恵那川上屋は、岐阜県恵那市に本社を置く企業。(出典: ja.wikipedia「恵那川上屋」 https://ja.wikipedia.org/wiki/恵那川上屋),恵那川上屋
すや,,35.498254,137.505745,岐阜県,E,菓子・パン,,すやとは、岐阜県中津川市に本店のある和菓子店。(出典: ja.wikipedia「すや」 https://ja.wikipedia.org/wiki/すや),すや
喜八洲総本舗,きやすそうほんぽ,34.7198052,135.4817555,大阪府,E,菓子・パン,,喜八洲総本舗は、大阪府大阪市淀川区に本店を置く和菓子メーカー。(出典: ja.wikipedia「喜八洲総本舗」 https://ja.wikipedia.org/wiki/喜八洲総本舗),喜八洲総本舗
川上屋,かわかみや,35.480677,137.4956199,岐阜県,E,菓子・パン,,川上屋とは、岐阜県中津川市本町3丁目1-8に本店を置く和菓子店。(出典: ja.wikipedia「川上屋」 https://ja.wikipedia.org/wiki/川上屋),川上屋
鼓月,こげつ,34.9261963,135.6927414,京都府,E,菓子・パン,,鼓月は、京都市伏見区に本社、中京区に本店を置く京菓子の製造と販売をする会社。(出典: ja.wikipedia「鼓月」 https://ja.wikipedia.org/wiki/鼓月),鼓月
五月ヶ瀬,さつきがせ,36.142092,136.219798,福井県,E,菓子・パン,,五月ヶ瀬とは、福井県坂井市に本店のある和菓子店。(出典: ja.wikipedia「五月ヶ瀬」 https://ja.wikipedia.org/wiki/五月ヶ瀬),五月ヶ瀬
つちや,つちや,35.3664643,136.6182315,岐阜県,E,菓子・パン,,つちやは、岐阜県大垣市に本店のある和菓子店。(出典: ja.wikipedia「つちや」 https://ja.wikipedia.org/wiki/つちや),つちや
亀屋芳広,かめやよしひろ,35.1439879,136.8904102,愛知県,E,菓子・パン,,亀屋芳広とは、愛知県名古屋市熱田区に本店のある和菓子店。(出典: ja.wikipedia「亀屋芳広」 https://ja.wikipedia.org/wiki/亀屋芳広),亀屋芳広
永楽屋,えいらくや,35.0062947,135.757988,京都府,E,菓子・パン,,永楽屋は、京都市中京区の四条河原町に本店を置く和菓子と佃煮を扱う日本の食料品製造小売会社。(出典: ja.wikipedia「永楽屋 (京佃煮・和菓子)」 https://ja.wikipedia.org/wiki/永楽屋_%28京佃煮・和菓子%29),永楽屋 (京佃煮・和菓子)
伊勢屋,いせや,36.2461643,139.5295034,群馬県,E,菓子・パン,,伊勢屋は、群馬県太田市東本町24-23にある和菓子店。座標は伊勢屋本店。(出典: ja.wikipedia「伊勢屋 (太田市)」 https://ja.wikipedia.org/wiki/伊勢屋_%28太田市%29),伊勢屋 (太田市)
菓匠花見,かしょう はなみ,35.8603927,139.6219017,埼玉県,E,菓子・パン,,菓匠花見は、埼玉県さいたま市浦和区にある和菓子の老舗企業の一つ。座標は菓匠花見 本店。(出典: ja.wikipedia「菓匠花見」 https://ja.wikipedia.org/wiki/菓匠花見),菓匠花見
亀屋,かめや,35.8587053,139.408533,埼玉県,E,菓子・パン,,龜屋とは、埼玉県川越市に本社を置く老舗の和菓子メーカー。座標は亀屋本店。(出典: ja.wikipedia「亀屋」 https://ja.wikipedia.org/wiki/亀屋),亀屋
追分羊かん,おいわけようかん,35.0144546,138.472145,静岡県,E,菓子・パン,,追分羊羹とは、静岡県静岡市清水区追分に本店がある和菓子店。(出典: ja.wikipedia「追分羊かん」 https://ja.wikipedia.org/wiki/追分羊かん),追分羊かん
お亀堂,おかめどう,34.7426262,137.3752914,愛知県,E,菓子・パン,,お亀堂は、愛知県豊橋市に本店がある和菓子店。(出典: ja.wikipedia「お亀堂」 https://ja.wikipedia.org/wiki/お亀堂),お亀堂
桃林堂,とうりんどう,34.6161895,135.597867,大阪府,E,菓子・パン,,桃林堂は、大阪府八尾市に本店を置く和菓子屋。(出典: ja.wikipedia「桃林堂」 https://ja.wikipedia.org/wiki/桃林堂),桃林堂
藤屋窓月堂,ふじやそうげつどう,34.4634268,136.7230354,三重県,E,菓子・パン,,藤屋窓月堂は、三重県伊勢市に所在する老舗和菓子メーカー。座標は藤屋窓月堂本店。(出典: ja.wikipedia「藤屋窓月堂」 https://ja.wikipedia.org/wiki/藤屋窓月堂),藤屋窓月堂
不朽園,ふきゅうえん,35.1433741,136.8927503,愛知県,E,菓子・パン,,不朽園は、愛知県名古屋市中川区尾頭橋三丁目に本店を置く、和菓子の製造販売を行う企業。(出典: ja.wikipedia「不朽園」 https://ja.wikipedia.org/wiki/不朽園),不朽園
三桝家,みますや,36.244836,139.5396232,群馬県,E,菓子・パン,,三桝家、三桝屋は、群馬県館林市の銘菓である麦落雁を考案したことで知られる菓子舗。座標は三桝家総本舗。(出典: ja.wikipedia「三桝家 (菓子舗)」 https://ja.wikipedia.org/wiki/三桝家_%28菓子舗%29),三桝家 (菓子舗)
彩雲堂,さいうんどう,35.4389268,133.0859998,島根県,E,菓子・パン,,彩雲堂は、島根県松江市天神町に本店のある和菓子店。(出典: ja.wikipedia「彩雲堂」 https://ja.wikipedia.org/wiki/彩雲堂),彩雲堂
えがわ,,36.0678618,136.2071826,福井県,E,菓子・パン,,えがわは、福井県福井市に所在する和菓子店である。(出典: ja.wikipedia「えがわ」 https://ja.wikipedia.org/wiki/えがわ),えがわ
若松園,わかまつえん,34.8251885,137.378557,愛知県,E,菓子・パン,,若松園は、愛知県豊橋市にある和菓子店。歴史 江戸時代に若松屋として創業し、山田芳蔵が若松園に改名した。(出典: ja.wikipedia「若松園」 https://ja.wikipedia.org/wiki/若松園),若松園
鎌倉まめや,かまくらまめや,35.32236,139.5526756,神奈川県,E,菓子・パン,,250px|thumb|right|1960年頃の前身の相模屋本店 株式会社鎌倉まめやは、神奈川県鎌倉市長谷にある豆菓子専門店である。(出典: ja.wikipedia「鎌倉まめや」 https://ja.wikipedia.org/wiki/鎌倉まめや),鎌倉まめや
文銭堂本舗,ぶんせんどう ほんぽ,35.649098,139.744453,東京都,E,菓子・パン,,文銭堂本舗とは、東京都港区新橋三丁目に存在する和菓子製造販売の会社である。座標は文銭堂。(出典: ja.wikipedia「文銭堂本舗」 https://ja.wikipedia.org/wiki/文銭堂本舗),文銭堂本舗
風月堂,ふうげつどう,35.4697464,133.0543541,島根県,E,菓子・パン,,風月堂は、島根県松江市の和菓子店。概要 松江市は京都市、金沢市に並ぶ日本有数の茶どころ、和菓子どころとして知られる長谷川。(出典: ja.wikipedia「風月堂 (島根県松江市)」 https://ja.wikipedia.org/wiki/風月堂_%28島根県松江市%29),風月堂 (島根県松江市)
平治煎餅本店,へいじせんべいほんてん,34.7197059,136.5115435,三重県,E,菓子・パン,,平治煎餅本店とは、三重県津市大門に本店がある和菓子店。(出典: ja.wikipedia「平治煎餅本店」 https://ja.wikipedia.org/wiki/平治煎餅本店),平治煎餅本店
淡平,あわへい,35.6910921,139.7691977,東京都,E,菓子・パン,,淡平は東京都葛飾区に本社工場を、千代田区神田に神田本店を置く本格手焼き煎餅店。座標は淡平本店。(出典: ja.wikipedia「淡平」 https://ja.wikipedia.org/wiki/淡平),淡平
最上川千本だんご,もがみがわせんぼんだんご,38.5889625,140.3711219,山形県,E,菓子・パン,,最上川千本だんごは、山形県北村山郡大石田町にある和菓子の店舗。(出典: ja.wikipedia「最上川千本だんご」 https://ja.wikipedia.org/wiki/最上川千本だんご),最上川千本だんご
梅花堂,ばいかどう,38.3235725,141.0269469,宮城県,E,菓子・パン,,梅花堂は、宮城県塩竈市北浜にある老舗和菓子店。座標は梅花堂 本店。(出典: ja.wikipedia「梅花堂」 https://ja.wikipedia.org/wiki/梅花堂),梅花堂
松島屋,まつしまや,35.6405476,139.7374156,東京都,E,菓子・パン,,松島屋は、東京都港区高輪一丁目にある1918年(大正7年)創業の製菓店である。(出典: ja.wikipedia「松島屋 (製菓店)」 https://ja.wikipedia.org/wiki/松島屋_%28製菓店%29),松島屋 (製菓店)
秋芳堂,しゅうほうどう,34.7055595,137.7290757,静岡県,E,菓子・パン,,秋芳堂とは、静岡県浜松市中央区にある和菓子店である。(出典: ja.wikipedia「秋芳堂」 https://ja.wikipedia.org/wiki/秋芳堂),秋芳堂
大野屋,おおのや,36.74712,137.0111696,富山県,E,菓子・パン,,大野屋とは、富山県高岡市に店舗のある和菓子店。座標は大野屋 高岡木舟町店。(出典: ja.wikipedia「大野屋 (和菓子)」 https://ja.wikipedia.org/wiki/大野屋_%28和菓子%29),大野屋 (和菓子)
錦花堂,きんかどう,34.01567,136.251504,三重県,E,菓子・パン,,錦花堂は三重県尾鷲市九鬼町にある和菓子店。(出典: ja.wikipedia「錦花堂」 https://ja.wikipedia.org/wiki/錦花堂),錦花堂
釣鐘屋本舗,つりがねやほんぽ,34.6532536,135.514179,大阪府,E,菓子・パン,,釣鐘屋本舗は、大阪府大阪市浪速区にある、和菓子製造販売企業である。座標は釣鐘屋。(出典: ja.wikipedia「釣鐘屋本舗」 https://ja.wikipedia.org/wiki/釣鐘屋本舗),釣鐘屋本舗
虎屋吉末,とらやよしすえ,34.7113722,135.2573309,兵庫県,E,菓子・パン,,虎屋吉末は、日本の和菓子店。江戸時代に廻船問屋を経て、享和元年（1801年）に神戸市東灘区の御影にて創業し現在に至る。(出典: ja.wikipedia「虎屋吉末」 https://ja.wikipedia.org/wiki/虎屋吉末),虎屋吉末
ぽん多本家,ぽんたほんけ,35.7063848,139.7729996,東京都,E,丼もの・定食,記事内で名指し,東京都台東区上野（御徒町駅界隈）のとんかつ店。蓬莱屋の記事で、「双葉」（閉店）と並んで「とんかつ御三家」に数えられている店として名指しされている。座標はOpenStreetMapの店舗（上野3-23-3）。(出典: ja.wikipedia「蓬莱屋 (とんかつ店)」 https://ja.wikipedia.org/wiki/蓬莱屋_%28とんかつ店%29),ぽん多本家
新福菜館 本店,しんぷくさいかん,34.9867552,135.762489,京都府,E,ラーメン,記事内で名指し,京都市の中華そば店。京都ラーメンの記事で、1938年に京都駅付近で創業者が夫婦で始めたラーメン屋台が京都ラーメンの草分けとなったとされる店として名指しされている。座標は京都駅近くの本店。(出典: ja.wikipedia「京都ラーメン」 https://ja.wikipedia.org/wiki/京都ラーメン),新福菜館 本店
天むす千寿,てんむすせんじゅ,34.7192778,136.5116775,三重県,E,日本料理,記事内で名指し,三重県津市の繁華街・大門にある天むすの店。天むすの記事で発祥店として名指しされている。座標は津市大門の店。(出典: ja.wikipedia「天むす」 https://ja.wikipedia.org/wiki/天むす),天むす千寿
崎陽軒 本店,きようけん,35.4645023,139.6231511,神奈川県,E,中華,記事内で名指し,横浜駅東口にある崎陽軒の本店。シウマイ弁当の記事で、その製造・販売元として名指しされている。座標はOpenStreetMapの店舗（横浜駅東口）。(出典: ja.wikipedia「シウマイ弁当」 https://ja.wikipedia.org/wiki/シウマイ弁当),崎陽軒 本店
もり山 万田本店,もりやま,33.5821284,131.1839702,大分県,E,その他,記事内で名指し,大分県中津市のからあげ専門店。中津からあげの記事で、1970年に開店した中津市で初めてのからあげ専門店（森山からあげ店、現・中津からあげ総本家 もり山）として名指しされている。座標は万田本店。(出典: ja.wikipedia「中津からあげ」 https://ja.wikipedia.org/wiki/中津からあげ),もり山 万田本店
長命寺桜もち,ちょうめいじさくらもち,35.7180402,139.8087412,東京都,E,菓子・パン,,東京都墨田区向島五丁目にある甘味処、和菓子・桜もちの専門店。1717年に山本新六が桜の葉を塩漬けにして桜もちを考案し、長命寺の門前で売り始めたのが始まりで、関東風桜餅の元祖とされる。(出典: ja.wikipedia「長命寺桜もち」 https://ja.wikipedia.org/wiki/長命寺桜もち),長命寺桜もち
和菓子司扇屋,,35.3106301,139.4891572,神奈川県,E,菓子・パン,記事内で名指し,神奈川県藤沢市の和菓子店。江ノ電もなかの記事で、それを製造・販売する店として名指しされている。座標はOpenStreetMapの店舗。(出典: ja.wikipedia「江ノ電もなか」 https://ja.wikipedia.org/wiki/江ノ電もなか),和菓子司扇屋
しょうゆ・きゃふぇ 横浜元町店,しょうゆきゃふぇ,35.4375346,139.6513106,神奈川県,E,喫茶・カフェ,記事内で名指し,横浜市中区のエリスマン邸にある喫茶室。生たまご生プリンの記事で、2014年の開業時にその看板メニューとして生たまご生プリンが考案された店として名指しされている。座標はOpenStreetMapの店舗。(出典: ja.wikipedia「生たまご生プリン」 https://ja.wikipedia.org/wiki/生たまご生プリン),しょうゆ・きゃふぇ 横浜元町店
