route,series,seq,spot_key
"オーストラリア大陸縦断3,700キロ","オーストラリア大陸縦断3,700キロ",1,ダーウィン
"オーストラリア大陸縦断3,700キロ","オーストラリア大陸縦断3,700キロ",2,ベリー・スプリングス
"オーストラリア大陸縦断3,700キロ","オーストラリア大陸縦断3,700キロ",3,テリトリー・ワイルドライフ・パーク
"オーストラリア大陸縦断3,700キロ","オーストラリア大陸縦断3,700キロ",4,キャサリン
"オーストラリア大陸縦断3,700キロ","オーストラリア大陸縦断3,700キロ",5,デビルズマーブルズ
"オーストラリア大陸縦断3,700キロ","オーストラリア大陸縦断3,700キロ",6,アリススプリングス
"オーストラリア大陸縦断3,700キロ","オーストラリア大陸縦断3,700キロ",7,エアーズロック
"オーストラリア大陸縦断3,700キロ","オーストラリア大陸縦断3,700キロ",8,クーバーペディ
"オーストラリア大陸縦断3,700キロ","オーストラリア大陸縦断3,700キロ",9,ポートオーガスタ
"オーストラリア大陸縦断3,700キロ","オーストラリア大陸縦断3,700キロ",10,アデレード駅
韓国食い道楽サイコロの旅,韓国食い道楽サイコロの旅,1,金浦国際空港
韓国食い道楽サイコロの旅,韓国食い道楽サイコロの旅,2,蔚山
韓国食い道楽サイコロの旅,韓国食い道楽サイコロの旅,3,東萊温泉
韓国食い道楽サイコロの旅,韓国食い道楽サイコロの旅,4,梨花女子大学校
韓国食い道楽サイコロの旅,韓国食い道楽サイコロの旅,5,全州
韓国食い道楽サイコロの旅,韓国食い道楽サイコロの旅,6,麗水
韓国食い道楽サイコロの旅,韓国食い道楽サイコロの旅,7,済州島
ヨーロッパ21ヵ国完全制覇,ヨーロッパ21ヵ国完全制覇,1,凱旋門
ヨーロッパ21ヵ国完全制覇,ヨーロッパ21ヵ国完全制覇,2,カレー
ヨーロッパ21ヵ国完全制覇,ヨーロッパ21ヵ国完全制覇,3,フォークストン
ヨーロッパ21ヵ国完全制覇,ヨーロッパ21ヵ国完全制覇,4,イースト・グリンステッド
ヨーロッパ21ヵ国完全制覇,ヨーロッパ21ヵ国完全制覇,5,コッツウォルズ
ヨーロッパ21ヵ国完全制覇,ヨーロッパ21ヵ国完全制覇,6,ブローニュ=シュル=メール
ヨーロッパ21ヵ国完全制覇,ヨーロッパ21ヵ国完全制覇,7,ブルージュ
ヨーロッパ21ヵ国完全制覇,ヨーロッパ21ヵ国完全制覇,8,アーヘン
ヨーロッパ21ヵ国完全制覇,ヨーロッパ21ヵ国完全制覇,9,ケルン大聖堂
ヨーロッパ21ヵ国完全制覇,ヨーロッパ21ヵ国完全制覇,10,ルクセンブルク市
ヨーロッパ21ヵ国完全制覇,ヨーロッパ21ヵ国完全制覇,11,ハイデルベルク城
ヨーロッパ21ヵ国完全制覇,ヨーロッパ21ヵ国完全制覇,12,ネルトリンゲン
ヨーロッパ21ヵ国完全制覇,ヨーロッパ21ヵ国完全制覇,13,フュッセン
ヨーロッパ21ヵ国完全制覇,ヨーロッパ21ヵ国完全制覇,14,チロル
ヨーロッパ21ヵ国完全制覇,ヨーロッパ21ヵ国完全制覇,15,ファドゥーツ城
ヨーロッパ21ヵ国完全制覇,ヨーロッパ21ヵ国完全制覇,16,マイエンフェルト
ヨーロッパ21ヵ国完全制覇,ヨーロッパ21ヵ国完全制覇,17,フルカ峠
ヨーロッパ21ヵ国完全制覇,ヨーロッパ21ヵ国完全制覇,18,ザースフェー
ヨーロッパ21ヵ国完全制覇,ヨーロッパ21ヵ国完全制覇,19,サヴォーナ
ヨーロッパ21ヵ国完全制覇,ヨーロッパ21ヵ国完全制覇,20,エクス=アン=プロヴァンス
ヨーロッパ21ヵ国完全制覇,ヨーロッパ21ヵ国完全制覇,21,ペルピニャン
ヨーロッパ21ヵ国完全制覇,ヨーロッパ21ヵ国完全制覇,22,ブール=マダム
ヨーロッパ21ヵ国完全制覇,ヨーロッパ21ヵ国完全制覇,23,ポワティエ
マレーシアジャングル探検,マレーシアジャングル探検,1,クアラルンプール
マレーシアジャングル探検,マレーシアジャングル探検,2,クアラ・テンベリン
マレーシアジャングル探検,マレーシアジャングル探検,3,タマンネガラ国立公園
マレーシアジャングル探検,マレーシアジャングル探検,4,グア・テリンガ
香港大観光旅行,香港大観光旅行,1,啓徳空港
香港大観光旅行,香港大観光旅行,2,中環
香港大観光旅行,香港大観光旅行,3,ヴィクトリア・ピーク
香港大観光旅行,香港大観光旅行,4,スターフェリー
香港大観光旅行,香港大観光旅行,5,九龍公園
香港大観光旅行,香港大観光旅行,6,雀鳥花園
香港大観光旅行,香港大観光旅行,7,花墟道
香港大観光旅行,香港大観光旅行,8,通菜街
北極圏突入 〜アラスカ半島620マイル〜,北極圏突入 〜アラスカ半島620マイル〜,1,シアトル
北極圏突入 〜アラスカ半島620マイル〜,北極圏突入 〜アラスカ半島620マイル〜,2,アンカレッジ
北極圏突入 〜アラスカ半島620マイル〜,北極圏突入 〜アラスカ半島620マイル〜,3,ウィッティア
北極圏突入 〜アラスカ半島620マイル〜,北極圏突入 〜アラスカ半島620マイル〜,4,タルキートナ
北極圏突入 〜アラスカ半島620マイル〜,北極圏突入 〜アラスカ半島620マイル〜,5,キャントウェル
北極圏突入 〜アラスカ半島620マイル〜,北極圏突入 〜アラスカ半島620マイル〜,6,デナリ国立公園
北極圏突入 〜アラスカ半島620マイル〜,北極圏突入 〜アラスカ半島620マイル〜,7,フェアバンクス
北極圏突入 〜アラスカ半島620マイル〜,北極圏突入 〜アラスカ半島620マイル〜,8,コールドフット
アメリカ合衆国横断,アメリカ合衆国横断,1,ゴールデンゲートブリッジ
アメリカ合衆国横断,アメリカ合衆国横断,2,ラスベガス
アメリカ合衆国横断,アメリカ合衆国横断,3,フラッグスタッフ
アメリカ合衆国横断,アメリカ合衆国横断,4,サンタフェ
アメリカ合衆国横断,アメリカ合衆国横断,5,クリントン
アメリカ合衆国横断,アメリカ合衆国横断,6,ホットスプリングス
アメリカ合衆国横断,アメリカ合衆国横断,7,バッファロー
アメリカ合衆国横断,アメリカ合衆国横断,8,マンモスケーブ国立公園
アメリカ合衆国横断,アメリカ合衆国横断,9,ナッシュビル
アメリカ合衆国横断,アメリカ合衆国横断,10,マリオン
アメリカ合衆国横断,アメリカ合衆国横断,11,ワシントンD.C.
ヨーロッパ・リベンジ,ヨーロッパ・リベンジ,1,凱旋門
ヨーロッパ・リベンジ,ヨーロッパ・リベンジ,2,ランス
ヨーロッパ・リベンジ,ヨーロッパ・リベンジ,3,ストラスブール
ヨーロッパ・リベンジ,ヨーロッパ・リベンジ,4,フランクフルト
ヨーロッパ・リベンジ,ヨーロッパ・リベンジ,5,アルスフェルト
ヨーロッパ・リベンジ,ヨーロッパ・リベンジ,6,ザバブルク城
ヨーロッパ・リベンジ,ヨーロッパ・リベンジ,7,トレンデルブルク
ヨーロッパ・リベンジ,ヨーロッパ・リベンジ,8,ハンブルク
ヨーロッパ・リベンジ,ヨーロッパ・リベンジ,9,オーデンセ
ヨーロッパ・リベンジ,ヨーロッパ・リベンジ,10,コペンハーゲン
ヨーロッパ・リベンジ,ヨーロッパ・リベンジ,11,マルメ
ヨーロッパ・リベンジ,ヨーロッパ・リベンジ,12,ウッデバラ
ヨーロッパ・リベンジ,ヨーロッパ・リベンジ,13,ムンク美術館
ヨーロッパ・リベンジ,ヨーロッパ・リベンジ,14,リレハンメル
ヨーロッパ・リベンジ,ヨーロッパ・リベンジ,15,トロンハイム
ヨーロッパ・リベンジ,ヨーロッパ・リベンジ,16,ナルヴィク
ヨーロッパ・リベンジ,ヨーロッパ・リベンジ,17,ロヴァニエミ
ヨーロッパ・リベンジ,ヨーロッパ・リベンジ,18,サンタクロース村
ヨーロッパ・リベンジ,ヨーロッパ・リベンジ,19,ユヴァスキュラ
ヨーロッパ・リベンジ,ヨーロッパ・リベンジ,20,ヘルシンキ
中米・コスタリカで幻の鳥を激写する!,中米・コスタリカで幻の鳥を激写する!,1,サンホセ
中米・コスタリカで幻の鳥を激写する!,中米・コスタリカで幻の鳥を激写する!,2,コルコバード国立公園
中米・コスタリカで幻の鳥を激写する!,中米・コスタリカで幻の鳥を激写する!,3,サン・ヘラルド・デ・ドータ
ユーコン川160キロ 〜地獄の6日間〜,ユーコン川160キロ 〜地獄の6日間〜,1,ホワイトホース
ユーコン川160キロ 〜地獄の6日間〜,ユーコン川160キロ 〜地獄の6日間〜,2,レイク・ラバージ
ユーコン川160キロ 〜地獄の6日間〜,ユーコン川160キロ 〜地獄の6日間〜,3,フータリンカ
ユーコン川160キロ 〜地獄の6日間〜,ユーコン川160キロ 〜地獄の6日間〜,4,ビッグ・サーモン
ユーコン川160キロ 〜地獄の6日間〜,ユーコン川160キロ 〜地獄の6日間〜,5,リトル・サーモン
原付ベトナム縦断1800キロ,原付ベトナム縦断1800キロ,1,ハノイ
原付ベトナム縦断1800キロ,原付ベトナム縦断1800キロ,2,タインホア
原付ベトナム縦断1800キロ,原付ベトナム縦断1800キロ,3,ヴィン
原付ベトナム縦断1800キロ,原付ベトナム縦断1800キロ,4,ドンホイ
原付ベトナム縦断1800キロ,原付ベトナム縦断1800キロ,5,フエ
原付ベトナム縦断1800キロ,原付ベトナム縦断1800キロ,6,ハイヴァン峠
原付ベトナム縦断1800キロ,原付ベトナム縦断1800キロ,7,ダナン
原付ベトナム縦断1800キロ,原付ベトナム縦断1800キロ,8,ホイアン
原付ベトナム縦断1800キロ,原付ベトナム縦断1800キロ,9,クイニョン
原付ベトナム縦断1800キロ,原付ベトナム縦断1800キロ,10,ニャチャン
原付ベトナム縦断1800キロ,原付ベトナム縦断1800キロ,11,ファンラン
原付ベトナム縦断1800キロ,原付ベトナム縦断1800キロ,12,ダラット
原付ベトナム縦断1800キロ,原付ベトナム縦断1800キロ,13,ホーチミン
