name,name_kana,lat,lng,region,series,categories,description,key
六本木プリンスホテル,,35.6624568,139.7334981,東京都,サイコロ1,サイコロ,「サイコロ1」でアン・ルイスのインタビュー収録を行った、旅の出発地となったホテル(2006年閉館)。「サイコロ2〜西日本完全制覇〜」でも西城秀樹との対談という名目で大泉洋が呼び出され、ここから旅が始まっている。座標は六本木で代用。,六本木プリンスホテル
新宿高速バスターミナル,,35.6908564,139.6986518,東京都,サイコロ1,サイコロ,新宿駅西口にあった高速バスの発着ターミナル(2016年開業のバスタ新宿とは別の施設)。「サイコロ1」で深夜バスに乗るため訪れた発着地。「サイコロ3」後編(大泉洋拉致後に降り立った地点)・「サイコロ5」・「5周年記念特別企画 札幌〜博多 3夜連続深夜バスだけの旅」でも深夜バスの発着地として登場する。,新宿高速バスターミナル
道後温泉,,33.8507508,132.7852794,愛媛県,サイコロ1,サイコロ,最初の目的地として立ち寄った道後温泉・松山エリアと思われる。,道後温泉
松山駅,,33.8417218,132.7517134,愛媛県,サイコロ1,サイコロ,松山駅で特急宇和海に乗り換えた経由駅と思われる。,松山駅
八幡浜港,,33.4584579,132.4147345,愛媛県,サイコロ1,サイコロ,宇和島運輸フェリーで臼杵へ向かった乗船地と思われる。,八幡浜港
臼杵港,,33.1264865,131.8105296,大分県,サイコロ1,サイコロ,フェリーで到着し、サイコロを蹴り飛ばす「大泉さん謀反」の舞台になった地点と推定される。,臼杵港
小倉駅,,33.8883365,130.8823543,福岡県,サイコロ1,サイコロ,山陽新幹線に乗り換えた経由駅と思われる。,小倉駅
新大阪駅,,34.7334854,135.4978876,大阪府,サイコロ1,サイコロ,寝台急行きたぐにに乗り換えた経由駅と思われる(「サイコロ1」)。「サイコロ4」(特急「サンダーバード」で富山へ)・「サイコロ5」(新幹線で東京へ)・「サイコロ6」(新幹線で新尾道へ)でも乗り換えの経由駅として登場する。,新大阪駅
新潟駅,,37.9129695,139.0602251,新潟県,サイコロ1,サイコロ,寝台急行きたぐにで到着し、新潟港へ向かった経由駅と思われる。,新潟駅
新潟港,,37.9324973,139.064987,新潟県,サイコロ1,サイコロ,小樽港行きフェリーに乗船した港と推定される。,新潟港
小樽港,,43.1990757,141.0160875,北海道,サイコロ1,サイコロ,サイコロ1のゴール地点と推定される。,小樽港
東京駅,,35.6811333,139.7659796,東京都,サイコロ2〜西日本完全制覇〜,サイコロ,「サイコロ2」で六本木から移動し新幹線グリーン車に乗り換えた経由駅と推定される。「サイコロ3」後編・「サイコロ4」(実質ゴール扱い)・「サイコロ5」・「ゴールデンスペシャルサイコロ6」でも経由駅として登場する。,東京駅
新神戸駅,,34.7067867,135.1964643,兵庫県,サイコロ2〜西日本完全制覇〜,サイコロ,グリーン車に乗って移動した先の経由駅と思われる(「サイコロ2」、この後三宮へ)。「サイコロ3」(この後神戸ヘリポートへ移動)でも経由地として登場する。,新神戸駅
三ノ宮駅,,34.6960708,135.1943803,兵庫県,サイコロ2〜西日本完全制覇〜,サイコロ,深夜バス「レッツ号」に乗車した三宮エリアと推定される。,三ノ宮駅
熊本駅,,32.7915678,130.6903106,熊本県,サイコロ2〜西日本完全制覇〜,サイコロ,熊本交通センター下車後の移動経由地と推定される。,熊本駅
三重町駅,,32.978407,131.58089,大分県,サイコロ2〜西日本完全制覇〜,サイコロ,特急あそ号を急遽下車しタクシーで佐伯港へ向かった地点と推定される（現在の三重町エリア）。,三重町駅
佐伯港,,32.9601732,131.8996704,大分県,サイコロ2〜西日本完全制覇〜,サイコロ,フェリーで宿毛港へ向かった乗船地と推定される（座標は佐伯市中心部で代用）。,佐伯港
宿毛港,,32.9211613,132.6966074,高知県,サイコロ2〜西日本完全制覇〜,サイコロ,フェリーで到着した港と思われる。,宿毛港
中村駅,,32.984168,132.942185,高知県,サイコロ2〜西日本完全制覇〜,サイコロ,レンタカーで高知駅へ向かった土佐中村エリアの経由地と推定される。,中村駅
高知駅,,33.568197,133.5433379,高知県,サイコロ2〜西日本完全制覇〜,サイコロ,深夜バス「はりまや号」に乗車した経由駅と思われる(「サイコロ2」)。「サイコロ6」(深夜バス「よさこい号」で大阪・梅田へ)でも経由地として登場する。,高知駅
壇之浦パーキングエリア,,33.9628194,130.9531887,山口県,サイコロ2〜西日本完全制覇〜,サイコロ,「はりまや号」の休憩地点で、伝説の「壇ノ浦レポート」が撮影された地点と推定される。,壇之浦パーキングエリア
博多駅,,33.5861574,130.4177745,福岡県,サイコロ2〜西日本完全制覇〜,サイコロ,深夜バス「はりまや号」で到着した経由駅と思われる(「サイコロ2」、この後山陽新幹線で福山へ)。「サイコロ3」(特急「ハウステンボス」でハウステンボスへ)・「サイコロ4」(旅の終了地点)・「サイコロ5」(特急「つばめ」で西鹿児島へ)・「サイコロ6」(新幹線で新大阪へ)でも経由地として登場する。,博多駅
福山駅,,34.488241,133.3629865,広島県,サイコロ2〜西日本完全制覇〜,サイコロ,新幹線を乗り換え笠岡へ向かった経由駅と思われる。,福山駅
笠岡駅,,34.5053947,133.5042165,岡山県,サイコロ2〜西日本完全制覇〜,サイコロ,高速船で白石島へ向かった乗り継ぎ駅と推定される。,笠岡駅
白石島,,34.4057696,133.5149895,岡山県,サイコロ2〜西日本完全制覇〜,サイコロ,サイコロの目で訪れた笠岡諸島の島と推定される。,白石島
岡山駅,,34.6656902,133.9186326,岡山県,サイコロ2〜西日本完全制覇〜,サイコロ,高松へ向かう特急うずしお号に乗り換えた経由駅と思われる(「サイコロ2」)。「サイコロ3」(新幹線で西明石へ)・「サイコロ4」(新幹線で広島へ)でも経由地として登場する。,岡山駅
高松駅,,34.3516732,134.0473055,香川県,サイコロ2〜西日本完全制覇〜,サイコロ,特急うずしお号で到着した経由駅と思われる(「サイコロ2」)。「サイコロ3」(快速「マリンライナー」で岡山へ)でも経由地として登場する。,高松駅
徳島駅,,34.0737688,134.5511051,徳島県,サイコロ2〜西日本完全制覇〜,サイコロ,1泊した後、小松島港へ向かった経由駅と推定される(「サイコロ2」)。「サイコロ3」(特急「うずしお」で高松へ)でも経由地として登場する。,徳島駅
小松島港,,34.0590574,134.5771381,徳島県,サイコロ2〜西日本完全制覇〜,サイコロ,和歌山港行きフェリーに乗船した港と推定される（時間切れとなった地点）。,小松島港
和歌山港,,34.2175041,135.1438589,和歌山県,サイコロ2〜西日本完全制覇〜,サイコロ,時間切れとなったサイコロ2の最終到達地と推定される。,和歌山港
梶ケ谷,,35.58194,139.605476,神奈川県,サイコロ3〜自律神経完全破壊〜,サイコロ,樋口了一の自宅がある川崎市高津区の訪問地と推定される。,梶ケ谷
天王洲,,35.622294,139.751644,東京都,サイコロ3〜自律神経完全破壊〜,サイコロ,東芝EMIのスタジオ「STUDIO TERRA」があった取材地と推定される。,天王洲
品川バスターミナル,,35.6274838,139.7377655,東京都,サイコロ3〜自律神経完全破壊〜,サイコロ,「サイコロ3」前編で深夜バス「キャメル号」に乗車した、旅の最初のバス乗り場。「ゴールデンスペシャルサイコロ6」でも深夜バス「ノクターン号」の乗車地として登場する。,品川バスターミナル
鳥取駅,,35.4938318,134.2254301,鳥取県,サイコロ3〜自律神経完全破壊〜,サイコロ,深夜バス「キャメル号」で到着した経由駅と思われる。,鳥取駅
京都駅,,34.9871026,135.7606929,京都府,サイコロ3〜自律神経完全破壊〜,サイコロ,特急はくと号・サンダーバード号を乗り継いだ経由駅と思われる(「サイコロ3」前編・後編とも経由)。「サイコロ4」(新幹線で博多へ)でも経由地として登場する。,京都駅
敦賀駅,,35.644981,136.07549,福井県,サイコロ3〜自律神経完全破壊〜,サイコロ,特急しらさぎに乗り換えた経由駅と思われる。,敦賀駅
金沢駅,,36.5755903,136.6495941,石川県,サイコロ3〜自律神経完全破壊〜,サイコロ,深夜バス「加賀号」に乗車した経由駅と思われる。,金沢駅
ハウステンボス駅,,33.0909511,129.7904884,長崎県,サイコロ3〜自律神経完全破壊〜,サイコロ,特急ハウステンボスで到着した経由駅と推定される。,ハウステンボス駅
鳥栖駅,,33.3743656,130.5194915,佐賀県,サイコロ3〜自律神経完全破壊〜,サイコロ,特急つばめに乗り換えた経由駅と思われる。,鳥栖駅
西鹿児島駅,,31.5841834,130.5411155,鹿児島県,サイコロ3〜自律神経完全破壊〜,サイコロ,寝台特急なはに乗り換えた経由駅と推定される(「サイコロ3」、現・鹿児島中央駅)。「サイコロ5」(JR快速「なのはな」で指宿へ)でも経由地として登場する。,西鹿児島駅
明石駅,,34.6484957,134.9931716,兵庫県,サイコロ3〜自律神経完全破壊〜,サイコロ,「サイコロ3」前編で、新幹線西明石駅から乗り換えて淡路島・岩屋港行きの高速船に乗るために向かった駅。,明石駅
岩屋港,,34.5936776,135.0144625,兵庫県,サイコロ3〜自律神経完全破壊〜,サイコロ,前編で時間切れとなった淡路島の到達地と推定される。,岩屋港
津名港,,34.4338791,134.9058014,兵庫県,サイコロ3〜自律神経完全破壊〜,サイコロ,前編で時間切れとなった淡路島から旅(サイコロ)を再開した地点。「サイコロ3」後編は札幌での大泉拉致(車で新千歳空港へ)から始まり、飛行機で本州へ戻ってここから前編の続きを再開した。,津名港
倉敷駅,,34.6011413,133.7659999,岡山県,サイコロ3〜自律神経完全破壊〜,サイコロ,「サイコロ3」後編で深夜バス「マスカット号」に乗車した経由駅。,倉敷駅
神戸ヘリポート,,34.6610189,135.2075144,兵庫県,サイコロ3〜自律神経完全破壊〜,サイコロ,「サイコロ3」後編で、サイコロの旅初のヘリコプター移動の出発地となったヘリポート(2018年廃止)。,神戸ヘリポート
但馬空港,,35.5126611,134.7866907,兵庫県,サイコロ3〜自律神経完全破壊〜,サイコロ,神戸から湯村温泉へ向かうヘリコプターの経由地。着陸直前に大泉洋が機内で嘔吐する「ヘリ嘔吐事件」が起きた。,但馬空港
湯村温泉,,35.5553033,134.4878919,兵庫県,サイコロ3〜自律神経完全破壊〜,サイコロ,ヘリコプターで到着した湯村温泉ヘリポート付近の目的地と推定される。,湯村温泉
浜坂駅,,35.6212881,134.4515978,兵庫県,サイコロ3〜自律神経完全破壊〜,サイコロ,特急はまかぜ号に乗り換えた経由駅と思われる。,浜坂駅
城崎駅,,35.6234235,134.8130838,兵庫県,サイコロ3〜自律神経完全破壊〜,サイコロ,特急きのさき号に乗り換えた城崎温泉エリアの経由駅と推定される。,城崎駅
福島駅,,37.7547658,140.4579374,福島県,サイコロ3〜自律神経完全破壊〜,サイコロ,深夜バス「ギャラクシー号」で到着した経由駅と思われる。,福島駅
山形駅,,38.2525866,140.3268939,山形県,サイコロ3〜自律神経完全破壊〜,サイコロ,山形新幹線つばさに乗り換えた経由駅と思われる。,山形駅
大曲駅,,39.4647769,140.4800697,秋田県,サイコロ3〜自律神経完全破壊〜,サイコロ,特急こまくさ号で到着した経由駅と思われる。,大曲駅
盛岡駅,,39.7017941,141.1369796,岩手県,サイコロ3〜自律神経完全破壊〜,サイコロ,代行バスで到着した経由駅と思われる。,盛岡駅
八戸港,,40.54875,141.5069649,青森県,サイコロ3〜自律神経完全破壊〜,サイコロ,苫小牧港行きフェリーに乗船した港と推定される。 「72時間!原付東日本縦断ラリー」でも登場する。,八戸港
苫小牧港,,42.6450453,141.6232875,北海道,サイコロ3〜自律神経完全破壊〜,サイコロ,後編のゴール地点と推定される。 「72時間!原付東日本縦断ラリー」でも、八戸港からのフェリーで北海道に上陸した地点として登場する。,苫小牧港
千歳インターチェンジ,,42.8177728,141.6474287,北海道,サイコロ4〜日本列島完全制覇〜,サイコロ,大泉へのドッキリのチェックポイントとして設定された通過地点と推定される。,千歳インターチェンジ
新千歳空港,,42.7879821,141.6804217,北海道,サイコロ3〜自律神経完全破壊〜,サイコロ,「サイコロ3」後編で、「道内で企画をやる」と偽って車で連れ出した大泉洋を本州へ飛ばすために使った空港(大泉洋拉致事件)。ここから飛行機で本州へ渡り、前編で時間切れとなった淡路島・津名港から旅を再開した。「サイコロ4〜日本列島完全制覇〜」では「カントリーサインの旅II」の続きと偽って大泉を連れて来た本当の目的地(この後飛行機で出雲へ)、「サイコロ5〜キングオブ深夜バス〜」では福岡空港から飛行機で到着したゴール地点として登場する。,新千歳空港
出雲大社,,35.400153,132.6842572,島根県,サイコロ4〜日本列島完全制覇〜,サイコロ,イレギュラーな開始地として選ばれた出発地と推定される。,出雲大社
出雲市駅,,35.361058,132.75609,島根県,サイコロ4〜日本列島完全制覇〜,サイコロ,特急スーパーやくも号に乗り換えた経由駅と思われる。,出雲市駅
広島駅,,34.3979477,132.4765395,広島県,サイコロ4〜日本列島完全制覇〜,サイコロ,1泊した経由駅と思われる。,広島駅
富山駅,,36.7021672,137.2119454,富山県,サイコロ4〜日本列島完全制覇〜,サイコロ,富山地方鉄道に乗り換えた経由駅と思われる。,富山駅
立山黒部アルペンルート,,36.5670625,137.666413,富山県,サイコロ4〜日本列島完全制覇〜,サイコロ,大泉の“登山家”キャラが初登場したアルペンルートの経由地点と推定される（黒部ダム周辺）。,立山黒部アルペンルート
信濃大町駅,,36.4996686,137.8606508,長野県,サイコロ4〜日本列島完全制覇〜,サイコロ,アルペンルートを抜けた後の経由駅と思われる。,信濃大町駅
大町温泉郷,おおまちおんせんきょう,36.5272873,137.8114982,長野県,サイコロ4〜日本列島完全制覇〜,サイコロ,「サイコロ4」で信濃大町駅からレンタカーで伊勢神宮へ向かう途中に立ち寄った温泉地。長野県大町市の鹿島川沿いにある、葛温泉からの引湯で計画的に作られた温泉地。座標は大町温泉郷バス停で代用。,大町温泉郷
伊勢神宮,,34.4588452,136.7228117,三重県,サイコロ4〜日本列島完全制覇〜,サイコロ,レンタカーで参拝に立ち寄った地点と推定される。,伊勢神宮
伊勢市駅,,34.4910956,136.7090776,三重県,サイコロ4〜日本列島完全制覇〜,サイコロ,JR快速みえ号に乗車した経由駅と思われる。,伊勢市駅
名古屋駅,,35.1727429,136.8818628,愛知県,サイコロ4〜日本列島完全制覇〜,サイコロ,新幹線に乗り換えた経由駅と思われる。,名古屋駅
仙台駅,,38.2611173,140.8818736,宮城県,サイコロ4〜日本列島完全制覇〜,サイコロ,一度北上したものの、大泉が宇都宮行きの目を出して南下することになった経由駅と推定される。,仙台駅
宇都宮駅,,36.5605336,139.9091146,栃木県,サイコロ4〜日本列島完全制覇〜,サイコロ,深夜バス「とちの木号」に乗車した経由駅と思われる。,宇都宮駅
羽田空港,,35.5536173,139.7713306,東京都,サイコロ5〜キングオブ深夜バス〜,サイコロ,以降のサイコロシリーズで開始地点に固定された出発地と推定される(「サイコロ5」「サイコロ6」など)。「東京2泊3日70km」でも出発地として登場する(この後徒歩で田園調布へ)。,羽田空港
指宿温泉,,31.2607607,130.6238611,鹿児島県,サイコロ5〜キングオブ深夜バス〜,サイコロ,JR快速なのはな号で到着した目的地と思われる。,指宿温泉
奄美大島,,28.2315595,129.3566818,鹿児島県,サイコロ5〜キングオブ深夜バス〜,サイコロ,マリックスラインで到達した、サイコロシリーズ最南端の地と推定される。,奄美大島
鹿児島空港,,31.7999476,130.7168467,鹿児島県,サイコロ5〜キングオブ深夜バス〜,サイコロ,日本エアシステムで大阪国際空港へ向かった経由空港と思われる。,鹿児島空港
大阪国際空港,,34.7951571,135.4400043,大阪府,サイコロ5〜キングオブ深夜バス〜,サイコロ,飛行機で到着した経由空港と思われる。,大阪国際空港
下松サービスエリア,,34.04282,131.916544,山口県,サイコロ5〜キングオブ深夜バス〜,サイコロ,2回目の「はかた号」乗車中の休憩地点と推定される。,下松サービスエリア
福岡空港,,33.6001056,130.4463862,福岡県,サイコロ5〜キングオブ深夜バス〜,サイコロ,飛行機で新千歳空港へ向かった経由空港と思われる(「サイコロ5」)。「サイコロ6」(この後博多駅へ移動)でも経由地として登場する。,福岡空港
調布飛行場,,35.672313,139.52976,東京都,ゴールデンスペシャルサイコロ6,サイコロ,新中央航空の飛行機で伊豆大島へ向かった出発地と思われる。,調布飛行場
伊豆大島,,34.7141376,139.3948127,東京都,ゴールデンスペシャルサイコロ6,サイコロ,高速船で熱海へ向かった目的地と思われる。,伊豆大島
熱海駅,,35.1026545,139.0784533,静岡県,ゴールデンスペシャルサイコロ6,サイコロ,新幹線こだま号に乗り換えた経由駅と思われる。,熱海駅
高知空港,,33.547388,133.674378,高知県,ゴールデンスペシャルサイコロ6,サイコロ,東京から飛行機で到着した経由空港と思われる。旅の終盤にも伊丹空港から飛行機で降り立ち、ここが旅の終了地点となった。,高知空港
梅田阪急三番街,,34.7047398,135.4991437,大阪府,ゴールデンスペシャルサイコロ6,サイコロ,高知から深夜バス「よさこい号」で到着した大阪の発着地。,梅田阪急三番街
大阪駅,,34.702842,135.49422,大阪府,ゴールデンスペシャルサイコロ6,サイコロ,梅田阪急三番街から法隆寺へ向かった経由地と推定される。,大阪駅
法隆寺,,34.6144598,135.7351668,奈良県,ゴールデンスペシャルサイコロ6,サイコロ,JR大和路快速で立ち寄った目的地と推定される。,法隆寺
新尾道駅,,34.4307206,133.1904434,広島県,ゴールデンスペシャルサイコロ6,サイコロ,新幹線を降り、しまなみ海道経由でレンタカーに乗り換えた経由駅と推定される。,新尾道駅
耕三寺,,34.3038525,133.0899712,広島県,ゴールデンスペシャルサイコロ6,サイコロ,しまなみ海道経由で立ち寄った寺院と推定される。,耕三寺
松山空港,,33.8305392,132.6997611,愛媛県,ゴールデンスペシャルサイコロ6,サイコロ,耕三寺からしまなみ海道経由で到着し、飛行機で羽田空港へ戻った経由空港と思われる。,松山空港
弘前駅,,40.5979603,140.4838805,青森県,ゴールデンスペシャルサイコロ6,サイコロ,深夜バス「ノクターン号」で到達した、サイコロの旅最北端の地と推定される。,弘前駅
青森空港,,40.7336520,140.6883574,青森県,ゴールデンスペシャルサイコロ6,サイコロ,「サイコロ6」で弘前から福岡へ一気に南下する際に利用した空港。,青森空港
宮の森,,43.044885,141.287113,北海道,粗大ゴミで家を作ろう,北海道企画,拾った粗大ゴミで家を建てた札幌の一等地と推定される。,宮の森
琴似,,43.0762659,141.3019245,北海道,粗大ゴミで家を作ろう,北海道企画,粗大ゴミの収集が行われたエリアの一つと推定される。,琴似
駒岡清掃工場,,42.962783,141.3555341,北海道,粗大ゴミで家を作ろう,北海道企画,集めたゴミの処分先となった清掃工場と推定される。,駒岡清掃工場
二股ラジウム温泉,,42.5766888,140.2396721,北海道,闘痔の旅,その他,「闘痔の旅」で2番目に訪れた長万部町の温泉。露天風呂が清掃中で内湯のみの入浴となった。,二股ラジウム温泉
平田内温泉,,42.1620895,139.9974509,北海道,闘痔の旅,その他,大泉の痔を治すため訪れた温泉の一つと推定される（旧熊石町）。,平田内温泉
水無海浜温泉,,41.8111255,141.1843086,北海道,闘痔の旅,その他,海岸際の浴槽が特徴の温泉として訪れた地点と推定される（旧椴法華村）。,水無海浜温泉
函館港,,41.805997,140.7182096,北海道,闘痔の旅,その他,青函フェリーに乗船した港と推定される。,函館港
青森港,,40.8395454,140.7214793,青森県,闘痔の旅,その他,青函フェリーで到着した港と推定される。,青森港
酸ヶ湯温泉,,40.6506075,140.8504857,青森県,闘痔の旅,その他,青函フェリーで青森港へ渡った後に訪れた温泉と推定される。,酸ヶ湯温泉
恐山温泉,,41.327711,141.0899973,青森県,闘痔の旅,その他,訪れたものの、開山期間外で入浴できなかった温泉と推定される。,恐山温泉
宮崎シーガイア,,31.9589957,131.4701625,宮崎県,宮崎リゾート満喫の旅,その他,パブリシティロケとして各種施設を体験した宿泊リゾート施設と推定される。,宮崎シーガイア
フェニックス自然動物園,,31.982969,131.4779027,宮崎県,宮崎リゾート満喫の旅,その他,3日目に見学した動物園と推定される。,フェニックス自然動物園
北広島市,,42.9853877,141.5629536,北海道,北海道212市町村カントリーサインの旅,北海道企画,企画の冒頭、大泉洋にカントリーサインを説明するための例として訪れた国道36号の札幌市・北広島市境界。,北広島市
夕張市,,43.0563455,141.9739081,北海道,北海道212市町村カントリーサインの旅,北海道企画,抽選で最初に訪れた市町村と思われる。,夕張市
幌加内町,,44.0097989,142.1537544,北海道,北海道212市町村カントリーサインの旅,北海道企画,抽選で訪れた町の一つと思われる。,幌加内町
雨竜町,,43.6438261,141.8899455,北海道,北海道212市町村カントリーサインの旅,北海道企画,抽選で訪れた町の一つと思われる。,雨竜町
名寄市,,44.3558063,142.4631619,北海道,北海道212市町村カントリーサインの旅,北海道企画,抽選で訪れた市と思われる。,名寄市
豊頃町,,42.8008661,143.5060834,北海道,北海道212市町村カントリーサインの旅,北海道企画,鈴井が名寄市から約400km離れたこの町を引き当て「ミスターどうでしょう」の地位を決定づけた地点と推定される。,豊頃町
登別温泉,,42.4949266,141.1440007,北海道,北海道212市町村カントリーサインの旅,北海道企画,ギブアップ後に立ち寄り1泊した温泉地と推定される。,登別温泉
洞爺湖,,42.5661047,140.8197988,北海道,北海道212市町村カントリーサインの旅,北海道企画,ギブアップ後にボート遊びをした地点と推定される。,洞爺湖
豊浦町,,42.5834863,140.7116417,北海道,北海道212市町村カントリーサインの旅,北海道企画,ギブアップ後にイチゴ食べ放題を楽しんだ町と推定される。,豊浦町
大沼公園,,41.9807816,140.670244,北海道,北海道212市町村カントリーサインの旅,北海道企画,ギブアップ後に大沼だんごを食べに立ち寄った地点と推定される。,大沼公園
鹿部町,,42.026622,140.8315881,北海道,北海道212市町村カントリーサインの旅,北海道企画,大泉が引き当て、事実上のギブアップに繋がった町と推定される。,鹿部町
猿払村,,45.3305694,142.1087606,北海道,北海道212市町村カントリーサインの旅,北海道企画,「カントリーサインの旅II」に引き継がれる形で旅を終えた地点と推定される。,猿払村
追分本町,,42.876688,141.811712,北海道,北海道212市町村カントリーサインの旅II,北海道企画,猿払村から引き継いだ後、最初に訪れた町と推定される（旧追分町）。,追分本町
丸瀬布町,,44.0066825,143.3382184,北海道,北海道212市町村カントリーサインの旅II,北海道企画,抽選で訪れた町と推定される（現・遠軽町）。,丸瀬布町
サロマ湖,,44.1478827,143.7575802,北海道,北海道212市町村カントリーサインの旅II,北海道企画,能取湖荘（現・能取の宿かがり屋）の近くで話題になった湖と推定される。,サロマ湖
能取湖,,44.0786786,144.1707967,北海道,北海道212市町村カントリーサインの旅II,北海道企画,丸瀬布から興部へ向かう途中で「綺麗だった」と話題になった湖と推定される。,能取湖
興部町,,44.469895,143.1224932,北海道,北海道212市町村カントリーサインの旅II,北海道企画,抽選で訪れた町と思われる。,興部町
下川町,,44.3026021,142.634994,北海道,北海道212市町村カントリーサインの旅II,北海道企画,抽選で訪れた町と思われる。,下川町
大成町,,42.228209,139.819189,北海道,北海道212市町村カントリーサインの旅II,北海道企画,ファンとの遭遇の末に訪れることになった町と推定される（現・せたな町）。,大成町
上ノ国町,,41.801361,140.1209345,北海道,北海道212市町村カントリーサインの旅II,北海道企画,抽選で訪れた町と思われる。,上ノ国町
生田原町,,43.9214522,143.5344453,北海道,北海道212市町村カントリーサインの旅II,北海道企画,サイコロ4の冒頭に引き継がれる形で旅を終えた地点と推定される（現・遠軽町）。,生田原町
北海道テレビ放送,,43.0266840,141.3737780,北海道,第1回水曜どうでしょうカルトクイズ世界大会,北海道企画,一般のファン約600人が集まり、正面駐車場で1次試験(○×クイズ)、社屋内で2次試験(筆記)と決勝(早押し)が行われた会場。「シェフ大泉 車内でクリスマス・パーティー」(駐車場)・「onちゃんカレンダー」(第1スタジオ)の会場でもある。座標は企画当時の南平岸旧社屋(札幌市豊平区平岸4条13丁目)の代表点で代用。,北海道テレビ放送
田園調布駅,,35.5971943,139.666471,東京都,東京2泊3日70km,その他,田園調布の高級住宅街を通過した際の目印となった駅と推定される。,田園調布駅
グランドプリンスホテル高輪,,35.6318106,139.7346159,東京都,東京2泊3日70km,その他,1日目の宿泊地(当時の高輪プリンスホテル)。予定していた品川プリンスホテルが満室のため急遽変更された。,グランドプリンスホテル高輪
お台場海浜公園,,35.6334847,139.7748017,東京都,東京2泊3日70km,その他,レインボーブリッジを渡って徒歩で到着した地点と推定される。,お台場海浜公園
日の出桟橋,,35.6513748,139.7606156,東京都,東京2泊3日70km,その他,水上バスに乗船するため向かった桟橋と推定される。,日の出桟橋
東京タワー,,35.6584718,139.7454977,東京都,東京2泊3日70km,その他,大泉のみが展望台まで登った地点と推定される。,東京タワー
六本木,,35.6645701,139.7300923,東京都,東京2泊3日70km,その他,日の出桟橋から水上バスで移動した後に目指した3番目の目的地。,六本木
国会議事堂,,35.6759031,139.7449281,東京都,東京2泊3日70km,その他,武道館へ向かう途中で経由した地点と推定される。,国会議事堂
最高裁判所,,35.6802503,139.7437142,東京都,東京2泊3日70km,その他,武道館へ向かう途中で経由した地点と推定される。,最高裁判所
日本武道館,,35.6934086,139.7498597,東京都,東京2泊3日70km,その他,大泉の“登山家”キャラが再登場し「大泉洋ショー」が行われた地点と推定される。,日本武道館
神田神保町,,35.6956696,139.7569835,東京都,東京2泊3日70km,その他,両国国技館へ向かう途中で経由した地点と推定される。,神田神保町
秋葉原,,35.7018928,139.7743684,東京都,東京2泊3日70km,その他,両国国技館へ向かう途中で経由した地点と推定される。,秋葉原
両国国技館,,35.6969958,139.7932345,東京都,東京2泊3日70km,その他,大泉が「土俵入り」を行った地点と推定される。,両国国技館
浅草,,35.7110975,139.7990765,東京都,東京2泊3日70km,その他,浅草ビューホテルに1泊した宿泊地と推定される。,浅草
大泉学園駅,,35.7490256,139.5862998,東京都,東京2泊3日70km,その他,最終目的地として大泉が強行主張した地点と推定される。,大泉学園駅
西公園,,38.2596865,140.8616506,宮城県,桜前線捕獲大作戦,その他,桜前線を追う旅の出発地となった仙台市青葉区の公園。ここで桜が散り始めていたことから岩手県へ向かうことになった。,西公園
一関市,,38.9346961,141.126605,岩手県,桜前線捕獲大作戦,その他,レンタカーで岩手県内を北上する起点となった市と推定される。,一関市
厳美渓,,38.9441263,141.0475643,岩手県,桜前線捕獲大作戦,その他,空飛ぶだんご「郭公だんご」を食べた渓谷と推定される。 「東北2泊3日生き地獄ツアー」でも登場する。,厳美渓
平泉,,38.9983499,141.1078003,岩手県,桜前線捕獲大作戦,その他,前沢へ向かう途中で立ち寄った地点と推定される（中尊寺周辺）。,平泉
前沢,,39.0476653,141.1118461,岩手県,桜前線捕獲大作戦,その他,前沢ガーデンで前沢牛のステーキを食べた地点と推定される。 「東北2泊3日生き地獄ツアー」でも登場する。,前沢
北上市展勝地公園,,39.2761325,141.1282986,岩手県,桜前線捕獲大作戦,その他,桜前線を追って訪れた公園と推定される。,北上市展勝地公園
石割桜,,39.7037896,141.1512335,岩手県,桜前線捕獲大作戦,その他,わんこそば対決の後に訪れた盛岡市内の桜の名所と推定される。,石割桜
田沢湖,,39.7307174,140.69948,秋田県,桜前線捕獲大作戦,その他,桜前線を追い越してしまったことが判明した地点と推定される。,田沢湖
乳頭温泉,,39.8007826,140.7948712,秋田県,桜前線捕獲大作戦,その他,最終的に温泉に入るのがメインとなった目的地と推定される。,乳頭温泉
日勝峠,,42.9744478,142.8065418,北海道,十勝二十番勝負,北海道企画,大泉が車中泊した日勝峠と推定される。,日勝峠
本別町,,43.1246138,143.6110369,北海道,十勝二十番勝負,北海道企画,旅程で訪れた十勝地方の町の一つ。,本別町
帯広市,,42.923809,143.1966324,北海道,十勝二十番勝負,北海道企画,旅程で訪れた十勝地方の中心市。,帯広市
上士幌町,,43.2326983,143.2959429,北海道,十勝二十番勝負,北海道企画,旅程で訪れた十勝地方の町の一つ。,上士幌町
芽室町,,42.911722,143.0507309,北海道,十勝二十番勝負,北海道企画,旅程で訪れた十勝地方の町の一つ。,芽室町
広尾町,,42.285532,143.3116162,北海道,十勝二十番勝負,北海道企画,旅程で訪れた十勝地方の町の一つ。,広尾町
中札内村,,42.6977746,143.1323776,北海道,十勝二十番勝負,北海道企画,旅程で訪れた十勝地方の村。,中札内村
音更町,,42.9942767,143.198146,北海道,十勝二十番勝負,北海道企画,旅程で訪れた十勝地方の町の一つ。,音更町
池田町,,42.9287649,143.4484541,北海道,十勝二十番勝負,北海道企画,ワイン城が名物とされる十勝地方の町と推定される。,池田町
足寄町,,43.2448288,143.5538816,北海道,十勝二十番勝負,北海道企画,旅程で訪れた十勝地方の町の一つ。,足寄町
浦幌町,,42.8085943,143.6583631,北海道,十勝二十番勝負,北海道企画,旅程で訪れた十勝地方の町の一つ。,浦幌町
門別,,42.4970956,142.0520006,北海道,門別沖釣りバカ対決,北海道企画,門別沖での沖釣り対決が行われた日高町門別エリアと推定される。,門別
新篠津村,,43.2253952,141.6490605,北海道,釣りバカ対決 氷上わかさぎ釣り対決,北海道企画,氷上わかさぎ釣り対決の会場となった村と推定される。 釣りバカ対決!わかさぎ釣り2でも同じ新篠津村で開催された。,新篠津村
屋久島,,30.4320621,130.5729638,鹿児島県,釣りバカグランドチャンピオン大会 屋久島24時間耐久魚取り対決,その他,海岸・川の河口・橋上・船上で魚取り対決が行われた島と推定される。,屋久島
栗生,,30.2709933,130.424399,鹿児島県,釣りバカグランドチャンピオン大会 屋久島24時間耐久魚取り対決,その他,潮溜まりでの魚取り対決が行われた地区と推定される。,栗生
浜松町,,35.6565210,139.7558718,東京都,日本全国絵ハガキの旅,その他,1回目の抽選の後、東京へ向かうため乗車した地点(番組では「山手線」と表示されたが実際は京浜東北線)。,浜松町
上発知のしだれ桜,,36.7355368,139.0652986,群馬県,日本全国絵ハガキの旅,その他,1枚目の絵ハガキ「群馬県沼田市・上発知のしだれ桜」の撮影地。座標は沼田市上発知町の代表点で代用。,上発知のしだれ桜
第01番札所 霊山寺,りょうぜんじ,34.1596113,134.502635,徳島県,日本全国絵ハガキの旅,その他,日本全国絵ハガキの旅の2回目の抽選で引き当てた絵ハガキの撮影地と推定され、四国八十八ヵ所巡拝のきっかけになった(1月18日に巡拝と発言から判明)。「四国八十八ヵ所」では1番札所、「四国八十八ヵ所III」ではお礼参りの結願地として登場する。,第01番札所 霊山寺
長町武家屋敷,,36.5636313,136.6507592,石川県,日本全国絵ハガキの旅,その他,3枚目の絵ハガキ「石川県金沢市・長町の武家屋敷」の撮影地。,長町武家屋敷
高松西インターチェンジ,,34.2957112,133.9825701,香川県,日本全国絵ハガキの旅,その他,4枚目の絵ハガキ(愛媛県内子町)へ向かう際に四国へ上陸した地点。番組の字幕では「瀬戸中央道 高松西インターチェンジ」と誤表示された(正しくは高松自動車道)。,高松西インターチェンジ
第02番札所 極楽寺,,34.1561604,134.4902123,徳島県,日本全国絵ハガキの旅,その他,2度目の四国行きとなったことから急遽始めた八十八箇所巡りの1つ目。ここから4番・大日寺まで巡拝した。,第02番札所 極楽寺
第04番札所 大日寺,,34.1400763,134.4434805,徳島県,日本全国絵ハガキの旅,その他,極楽寺から始めた巡拝の最後に訪れた札所。番組内では約3時間で全て巡ったことにされている。,第04番札所 大日寺
第88番札所 大窪寺,おおくぼじ,34.1913639,134.2068728,香川県,日本全国絵ハガキの旅,その他,日本全国絵ハガキの旅で、大日寺から近いことから巡拝した札所と推定される。「四国八十八ヵ所III」では「逆打ち」巡礼の出発点(最初に訪れた札所)として登場する。,第88番札所 大窪寺
内子町,,33.5495987,132.6500056,愛媛県,日本全国絵ハガキの旅,その他,4枚目の絵ハガキ「愛媛県内子町の町並み」の撮影地。,内子町
十二橋,,35.9468365,140.5555421,茨城県,日本全国絵ハガキの旅2,その他,1枚目の絵ハガキ「茨城県潮来市・十二橋を行く娘船頭さん」の撮影地(前川十二橋)。座標は潮来市の代表点で代用。,十二橋
札幌市時計台,,43.0625550,141.3535934,北海道,日本全国絵ハガキの旅2,その他,2枚目に引き当ててしまった絵ハガキの撮影地。北海道に戻ることになり、藤村Dが「6年目にして初めて次の展開がわからなくなった」と困惑した。,札幌市時計台
高千穂町,,32.7117310,131.3076492,宮崎県,日本全国絵ハガキの旅2,その他,3枚目の絵ハガキ「宮崎県高千穂町・刈干切り」の撮影地。宮崎空港からレンタカーで4時間以上かけて向かった。,高千穂町
高千穂峡,,32.7017851,131.3009390,宮崎県,日本全国絵ハガキの旅2,その他,4枚目の撮影までの時間に、無抽選で照らし合わせて撮影した地元の絵ハガキの1つ(真名井の滝)。,高千穂峡
高千穂神社,,32.7066706,131.3018922,宮崎県,日本全国絵ハガキの旅2,その他,4枚目の撮影までの時間に、無抽選で照らし合わせて撮影した地元の絵ハガキの1つ。,高千穂神社
青島,,31.7991110,131.4684250,宮崎県,日本全国絵ハガキの旅2,その他,4枚目の撮影までの時間に、無抽選で照らし合わせて撮影した地元の絵ハガキの1つ(日南海岸・青島)。,青島
サンメッセ日南,,31.6628712,131.4615482,宮崎県,日本全国絵ハガキの旅2,その他,4枚目の撮影までの時間に立ち寄り、大泉洋が崖を転がり落ちる「大泉さんモアイ発見」が撮り直し3回で敢行された地点。,サンメッセ日南
照葉大吊橋,,32.0297753,131.1945317,宮崎県,日本全国絵ハガキの旅2,その他,日本全国絵ハガキの旅2の4枚目の絵ハガキ「宮崎県綾町・照葉大吊橋」の撮影地と推定される。「原付西日本制覇」でも最終日に立ち寄り、鈴井貴之が高所恐怖症であることが判明した。,照葉大吊橋
光塩学園調理製菓専門学校,こうえんがくえんちょうりせいかせんもんがっこう,43.0574716,141.3355696,北海道,シェフ大泉 夏野菜スペシャル,北海道企画,調理・試食本番が行われた専門学校と推定される,光塩学園調理製菓専門学校
仙台港,せんだいこう,38.2735698,141.0055201,宮城県,東北2泊3日生き地獄ツアー,その他,ツアー参加者を乗せたフェリーを出迎えるため、大泉が伊達政宗に扮した地点と推定される,仙台港
鬼の館,おにのやかた,39.2757005,141.0455219,岩手県,東北2泊3日生き地獄ツアー,その他,鬼に扮してバスの車窓から参加者を出迎えた「鬼の茶屋」付近の地点と推定される,鬼の館
繋温泉,つなぎおんせん,39.6753003,141.0200899,岩手県,東北2泊3日生き地獄ツアー,その他,大泉が花瓶に扮して朝食会場に潜んだ繋温泉ホテル付近の地点と推定される,繋温泉
高島市(マキノ町・今津町),たかしまし,35.3529199,136.0356518,滋賀県,クイズ!試験に出るどうでしょう,その他,フィールドワークの行程で最初に訪れた旧マキノ町・今津町付近の地点と推定される,高島市(マキノ町・今津町)
関ケ原町,せきがはらちょう,35.3624035,136.4680349,岐阜県,クイズ!試験に出るどうでしょう,その他,フィールドワークの行程で通過した地点と推定される,関ケ原町
焼津市,やいづし,34.8672304,138.322843,静岡県,クイズ!試験に出るどうでしょう,その他,フィールドワークの行程で訪れた地点と推定される,焼津市
牧之原市(榛原町),まきのはらし,34.7399809,138.224695,静岡県,クイズ!試験に出るどうでしょう,その他,フィールドワークの行程で訪れた旧榛原町付近の地点と推定される,牧之原市(榛原町)
美祢市(秋芳町),みねし,34.1667992,131.2062283,山口県,クイズ!試験に出るどうでしょう,その他,フィールドワークの行程で訪れた旧秋芳町(秋吉台)付近の地点と推定される,美祢市(秋芳町)
霧島市(隼人町),きりしまし,31.7410148,130.7632406,鹿児島県,クイズ!試験に出るどうでしょう,その他,フィールドワークの行程で訪れた旧隼人町付近の地点と推定される,霧島市(隼人町)
福岡市東区,ふくおかしひがしく,33.621689,130.4162581,福岡県,クイズ!試験に出るどうでしょう,その他,時間切れとなった行程の最終到達地点(福岡市東区)付近と推定される,福岡市東区
内灘町,うちなだまち,36.6628934,136.6549747,石川県,試験に出るどうでしょう 石川県・富山県,その他,行程の出発地点として訪れた地点と推定される,内灘町
羽咋市,はくいし,36.8948225,136.7782938,石川県,試験に出るどうでしょう 石川県・富山県,その他,行程で通過した地点と推定される,羽咋市
多田屋,ただや,37.0876879,136.9072403,石川県,試験に出るどうでしょう 石川県・富山県,その他,1泊目の宿泊先である和倉温泉の旅館「多田屋」と推定される,多田屋
輪島市,わじまし,37.3909384,136.8995701,石川県,試験に出るどうでしょう 石川県・富山県,その他,行程で通過した地点と推定される,輪島市
白米千枚田,しろよねせんまいだ,37.425699,136.9990287,石川県,試験に出るどうでしょう 石川県・富山県,その他,看板横のベンチでスケッチが行われた地点と推定される,白米千枚田
魚津市,うおづし,36.8170731,137.4182725,富山県,試験に出るどうでしょう 石川県・富山県,その他,行程で通過した地点と推定される,魚津市
砺波市,となみし,36.6364136,136.9468199,富山県,試験に出るどうでしょう 石川県・富山県,その他,行程で通過した地点と推定される,砺波市
南砺市(平村),なんとし,36.5882176,136.9192079,富山県,試験に出るどうでしょう 石川県・富山県,その他,行程で訪れた旧平村付近の地点と推定される,南砺市(平村)
片山津温泉,かたやまづおんせん,36.343998,136.365452,石川県,試験に出るどうでしょう 石川県・富山県,その他,2泊目の宿泊地であり実力テストを行った片山津温泉と推定される,片山津温泉
清須市(清洲町),きよすし,35.2002235,136.8531268,愛知県,試験に出るどうでしょう 日本史,その他,織田信長ゆかりの地として訪れた旧清洲町付近の地点と推定される,清須市(清洲町)
熱田神宮,あつたじんぐう,35.1251692,136.9092108,愛知県,試験に出るどうでしょう 日本史,その他,名古屋市熱田区で訪れた地点(熱田神宮)と推定される,熱田神宮
豊明市,とよあけし,35.053669,137.0129415,愛知県,試験に出るどうでしょう 日本史,その他,桶狭間の戦いに関連して訪れた地点と推定される,豊明市
湖北町尾上,こほくちょうおのえ,35.448682,136.189847,滋賀県,試験に出るどうでしょう 日本史,その他,行程で訪れた旧湖北町付近の地点と推定される,湖北町尾上
浅井町,あざいちょう,35.253715,136.765937,滋賀県,試験に出るどうでしょう 日本史,その他,浅井氏ゆかりの地として訪れた旧浅井町付近の地点と推定される,浅井町
新城市(鳳来町),しんしろし,34.8988809,137.4977484,愛知県,試験に出るどうでしょう 日本史,その他,三方ヶ原の戦いに関連して訪れた旧鳳来町付近の地点と推定される,新城市(鳳来町)
京都市中京区,きょうとしなかぎょうく,35.011641,135.76819,京都府,試験に出るどうでしょう 日本史,その他,行程で訪れた地点(京都市中京区)と推定される,京都市中京区
有馬温泉,ありまおんせん,34.7978146,135.2476962,兵庫県,試験に出るどうでしょう 日本史,その他,実力テストを行った有馬温泉と推定される,有馬温泉
第12番札所 焼山寺,しょうさんじ,33.985057,134.310411,徳島県,四国八十八ヵ所,その他,巡拝直後に大泉の祖父の訃報が届いた札所と推定される(「四国八十八ヵ所」)。「四国八十八ヵ所III」(結願に向けて再び巡拝し、この後第1番・霊山寺へ)でも登場する。,第12番札所 焼山寺
第21番札所 太龍寺,たいりゅうじ,33.8825075,134.5217889,徳島県,四国八十八ヵ所,その他,ロープウェイに乗れず看板前での参拝で済ませた札所と推定される(全3回とも本堂には未到達),第21番札所 太龍寺
第45番札所 岩屋寺,いわやじ,33.6587706,132.9808992,愛媛県,四国八十八ヵ所,その他,難所として知られ「岩屋寺騒動」が起きた札所と推定される,第45番札所 岩屋寺
第60番札所 横峰寺,よこみねじ,33.8376181,133.1110909,愛媛県,四国八十八ヵ所,その他,冬季通行止めのため全3回とも参拝が叶わなかった札所と推定される,第60番札所 横峰寺
第14番札所 常楽寺,じょうらくじ,34.0503581,134.4759521,徳島県,四国八十八ヵ所II,その他,正体不明の物音・足音が発生した札所と推定される,第14番札所 常楽寺
第38番札所 金剛福寺,こんごうふくじ,32.7257773,133.0184454,高知県,四国八十八ヵ所II,その他,D陣が用意した魔除けの数珠を紛失した札所と推定される,第38番札所 金剛福寺
第40番札所 観自在寺,かんじざいじ,32.9640747,132.5640769,愛媛県,四国八十八ヵ所II,その他,次の札所への道中で大泉が鼻歌・物真似を披露した札所と推定される,第40番札所 観自在寺
第41番札所 龍光寺,りゅうこうじ,33.2952023,132.5986435,愛媛県,四国八十八ヵ所II,その他,観自在寺からの道中と関連して訪れた札所と推定される,第41番札所 龍光寺
第46番札所 浄瑠璃寺,じょうるりじ,33.7536525,132.8191575,愛媛県,四国八十八ヵ所II,その他,道中のショートカットで左後輪が脱輪・パンクした札所と推定される,第46番札所 浄瑠璃寺
第71番札所 弥谷寺,いやだにじ,34.230281,133.7241876,香川県,四国八十八ヵ所II,その他,大泉の背中を何かが触ったとされる怪奇現象が起きた札所と推定される,第71番札所 弥谷寺
第79番札所 天皇寺高照院,てんのうじこうしょういん,34.3108316,133.8830282,香川県,四国八十八ヵ所II,その他,ビデオカメラが異常停止する怪奇現象が起きた札所と推定される,第79番札所 天皇寺高照院
うどん本陣山田屋,うどんほんじんやまだや,34.3535252,134.1297555,香川県,四国八十八ヵ所II,その他,この旅最大の楽しみとして立ち寄ったうどん店と推定される,うどん本陣山田屋
第85番札所 八栗寺,やくりじ,34.3599247,134.1398468,香川県,四国八十八ヵ所II,その他,麓のうどん屋「山田屋」を優先し参拝した札所と推定される,第85番札所 八栗寺
第66番札所 雲辺寺,うんぺんじ,34.0354635,133.7236141,徳島県,四国八十八ヵ所III,その他,前2回はロープウェイの時間が合わず、今回の旅で初めて参拝した札所と推定される,第66番札所 雲辺寺
第50番札所 繁多寺,はんたじ,33.827983,132.8042637,愛媛県,四国八十八ヵ所III,その他,TEAM NACS森崎博之が旅に合流した札所と推定される,第50番札所 繁多寺
第44番札所 大宝寺,だいほうじ,33.6612356,132.9115866,愛媛県,四国八十八ヵ所III,その他,森崎が空腹を訴え食事休憩を挟んだ札所付近と推定される,第44番札所 大宝寺
第43番札所 明石寺,めいせきじ,33.3692339,132.5190216,愛媛県,四国八十八ヵ所III,その他,巡拝の行程で訪れた札所と推定される,第43番札所 明石寺
銀座,ぎんざ,35.6712197,139.7650359,東京都,72時間!原付東日本縦断ラリー,その他,「銀座でお買物をしよう」という名目で連れて来られ、旅が始まった出発地(銀座四丁目交差点)。この後、築地のバイク店「竹田輪業」へ向かった。,銀座
竹田輪業,たけだりんぎょう,35.6691003,139.7723663,東京都,72時間!原付東日本縦断ラリー,その他,銀座での買い物という名目の後に立ち寄った中央区築地のバイク店。ここでスーパーカブ2台を購入して旅が本格的に始まり、以降の原付シリーズでも同じカブが使われた(ナンバーは購入地の中央区で登録)。,竹田輪業
少林山達磨寺,しょうりんざんだるまじ,36.3297563,138.9577258,群馬県,72時間!原付東日本縦断ラリー,その他,高崎だるまを購入しおみくじを引いた達磨寺と推定される,少林山達磨寺
越後湯沢温泉,えちごゆざわおんせん,36.9358057,138.8079000,新潟県,72時間!原付東日本縦断ラリー,その他,鈴井のガス欠エンストの後、1日目に宿泊した越後湯沢の温泉街と推定される,湯沢温泉
出雲崎町,いずもざきまち,37.5306685,138.7095075,新潟県,72時間!原付東日本縦断ラリー,その他,大泉に「毘」、鈴井に「龍」の旗が掲げられた通過地点と推定される,出雲崎町
だるま屋ウィリー事件現場,だるまやウィリーじけんげんば,38.472913,139.504885,新潟県,72時間!原付東日本縦断ラリー,その他,大泉のカブが片側交互通行の発進でウィリーし暴走・激突した現場(記事記載の座標による)と推定される,だるま屋ウィリー事件現場
酒田駅,,38.9219999,139.8460919,山形県,72時間!原付東日本縦断ラリー,その他,だるま屋ウィリー事件などで遅れ、2日目の宿泊地となった酒田市の経由地。,酒田駅
八郎潟調整池,はちろうがたちょうせいち,39.9387872,139.9647595,秋田県,72時間!原付東日本縦断ラリー,その他,本州再横断ルートで経由した八郎潟(飯田川)付近の地点と推定される,八郎潟調整池
羊ヶ丘通,ひつじがおかどおり,43.0010181,141.4332067,北海道,72時間!原付東日本縦断ラリー,その他,札幌ドーム建設現場を横目にゴール直前に経由した羊ヶ丘通と推定される,羊ヶ丘通
金閣寺,きんかくじ,35.0393292,135.730192,京都府,原付西日本制覇,その他,本当の企画発表(カブでの旅)が行われた駐車場付近と推定される,金閣寺
出石,いずし,35.0029427,134.5538905,兵庫県,原付西日本制覇,その他,出石そばを食べ、そば粉を積荷とした出石の地点と推定される,出石
城崎温泉,きのさきおんせん,35.6234235,134.8130838,兵庫県,原付西日本制覇,その他,1日目の宿泊地であった城崎温泉付近の地点と推定される,城崎温泉
鳥取砂丘,とっとりさきゅう,35.5281705,134.2197206,鳥取県,原付西日本制覇,その他,砂を積荷にし、後年不適切行為として問題化した鳥取砂丘と推定される,鳥取砂丘
三朝温泉,みささおんせん,35.409097,133.893458,鳥取県,原付西日本制覇,その他,河原風呂で休憩した三朝温泉付近の地点と推定される,三朝温泉
玉造温泉,たまつくりおんせん,35.430964,133.011418,島根県,原付西日本制覇,その他,2日目の宿泊地で満開の桜に出会った玉造温泉付近の地点と推定される,玉造温泉
出雲市,いずもし,35.3668891,132.7548827,島根県,原付西日本制覇,その他,出雲そば割子を食べ、そばを積み増しした地点と推定される,出雲市
琴ヶ浜,,35.1307486,132.3883347,島根県,原付西日本制覇,その他,3日目に立ち寄り、鳴き砂を採取した浜(重量のため一部を廃棄した)。,琴ヶ浜
萩市,はぎし,34.4074815,131.399194,山口県,原付西日本制覇,その他,3日目に時間切れとなりカブを現地の宿に置いて中断した萩市と推定される,萩市
関門海峡,かんもんかいきょう,33.9353641,130.9302957,山口県,原付西日本制覇,その他,カブが通行できず出演陣が関門人道トンネルを歩いて渡った関門海峡と推定される,関門海峡
由布院温泉,ゆふいんおんせん,33.262957,131.3555458,大分県,原付西日本制覇,その他,4日目の宿泊地であった由布院温泉付近の地点と推定される,由布院温泉
竹田市,たけたし,32.9736821,131.3979534,大分県,原付西日本制覇,その他,『後藤姫だるま工房』で高崎だるまと姫だるまの祝言が行われた竹田市付近と推定される,竹田市
都農町,つのちょう,32.2564265,131.5597189,宮崎県,原付西日本制覇,その他,藤村Dが道を間違え続けた都農町付近の地点と推定される,都農町
綾町,あやちょう,31.9990573,131.2528353,宮崎県,原付西日本制覇,その他,お気に入りの宿「綾陽亭」に宿泊した綾町と推定される,綾町
根占港,,31.2141708,130.7650998,鹿児島県,原付西日本制覇,その他,大隅半島から薩摩半島へ渡るフェリーに乗船した港。,根占港
山川港,,31.2048389,130.6347964,鹿児島県,原付西日本制覇,その他,根占港からのフェリーで薩摩半島に上陸した港。,山川港
指宿市,いぶすきし,31.2527953,130.6333097,鹿児島県,原付西日本制覇,その他,フェリー経由でのゴール地点となった指宿市と推定される,指宿市
さっぽろテレビ塔,さっぽろテレビとう,43.0611339,141.3564063,北海道,30時間テレビの裏側全部見せます!,北海道企画,鈴井のラジオ生放送のため生CMの中継地点として使われたテレビ塔と推定される,さっぽろテレビ塔
喜界島,きかいじま,28.3014246,129.9782063,鹿児島県,リヤカーで喜界島一周,その他,反時計回りに3日間かけて徒歩で一周した喜界島と推定される,喜界島
ムチャカナ公園,むちゃかなこうえん,28.3662858,130.0091872,鹿児島県,リヤカーで喜界島一周,その他,2日目にキャンプ地としたムチャカナ公園付近と推定される,ムチャカナ公園
函館市,はこだてし,41.768793,140.729008,北海道,対決列島〜甘いもの国盗り物語〜,その他,初戦のソフトクリーム早食い対決が行われた函館市と推定される,函館市
青森駅,あおもりえき,40.8293458,140.7322049,青森県,対決列島〜甘いもの国盗り物語〜,その他,「対決列島〜甘いもの国盗り物語〜」で青函フェリー後に通過した青森市内の経由地と推定される。「5周年記念特別企画 札幌〜博多 3夜連続深夜バスだけの旅」でも、2日目にフェリー下船後バスへ乗り換えた地点として登場する。,青森駅
道の駅かづの,みちのえきかづの,40.1802133,140.7852207,秋田県,対決列島〜甘いもの国盗り物語〜,その他,きりたんぽ対決が行われた道の駅「あんとらあ」付近と推定される,道の駅かづの
小岩井農場,こいわいのうじょう,39.7526015,141.0132753,岩手県,対決列島〜甘いもの国盗り物語〜,その他,牛乳早飲み・牛乳まんじゅう対決が行われた小岩井農場と推定される,小岩井農場
仙台城跡,せんだいじょうあと,38.2528625,140.8567402,宮城県,対決列島〜甘いもの国盗り物語〜,その他,ずんだもちのハンデ戦対決が行われた青葉城跡と推定される,仙台城跡
菓子屋横町,かしやよこちょう,35.9246076,139.4811184,埼玉県,対決列島〜甘いもの国盗り物語〜,その他,関東大会として駄菓子対決が行われた川越市の菓子屋横町と推定される,菓子屋横町
下呂温泉,げろおんせん,35.8084673,137.2499485,岐阜県,対決列島〜甘いもの国盗り物語〜,その他,宿泊先の旅館でおやき対決(騙し討ち)が行われた下呂温泉と推定される,下呂温泉
三木市,みきし,34.796887,134.9901983,兵庫県,対決列島〜甘いもの国盗り物語〜,その他,近畿大会として明石焼き+牛乳対決が行われた三木市と推定される,三木市
瀬戸大橋,せとおおはし,34.4359573,133.8080155,香川県,対決列島〜甘いもの国盗り物語〜,その他,四国へ向かう道中、小林旭の楽曲とともに渡った瀬戸大橋と推定される,瀬戸大橋
北熊本サービスエリア,,32.8945195,130.7183602,熊本県,対決列島〜甘いもの国盗り物語〜,その他,九州大会としてスイカ対決が行われた熊本市内のサービスエリア。,北熊本サービスエリア
天文館むじゃき,てんもんかんむじゃき,31.5892373,130.555995,鹿児島県,対決列島〜甘いもの国盗り物語〜,その他,夏季限定の750ml白くまを急遽買いに走った「天文館むじゃき」と推定される,天文館むじゃき
西郷公園,さいごうこうえん,31.5839791,130.5369022,鹿児島県,対決列島〜甘いもの国盗り物語〜,その他,最終決戦である白くま対決が実際に行われた西郷公園と推定される,西郷公園
長万部,おしゃまんべ,42.5130728,140.3746488,北海道,5周年記念特別企画 札幌〜博多 3夜連続深夜バスだけの旅,その他,1日目の休憩地点となった長万部と推定される,長万部
森町,もりまち,42.1051532,140.5765977,北海道,5周年記念特別企画 札幌〜博多 3夜連続深夜バスだけの旅,その他,1日目最後の休憩地点で大泉がKO扱いとなった森町と推定される,森町
函館駅,はこだてえき,41.7742918,140.7275933,北海道,5周年記念特別企画 札幌〜博多 3夜連続深夜バスだけの旅,その他,1日目の終点である函館駅前バスターミナル付近と推定される,函館駅
東京駅八重洲南口,とうきょうえきやえすみなみぐち,35.6795865,139.7681969,東京都,5周年記念特別企画 札幌〜博多 3夜連続深夜バスだけの旅,その他,2日目の終点であった東京駅八重洲南口と推定される,東京駅八重洲南口
博多バスターミナル,はかたバスターミナル,33.5915137,130.4198171,福岡県,5周年記念特別企画 札幌〜博多 3夜連続深夜バスだけの旅,その他,3日間の深夜バスの旅の最終ゴール地点である博多駅交通センター付近と推定される,博多バスターミナル
札幌,さっぽろ,43.0618,141.3545,北海道,サイコロ3〜自律神経完全破壊〜,サイコロ,「サイコロ3」後編の出発地。前編で淡路島まで進んだ4日後、「道内で企画をやる」と偽って大泉を自宅付近で車に乗せ、車中で真相を明かして新千歳空港へ向かった(大泉洋拉致事件)。,札幌
