key,source,basis,place,article,sentence,coord_source
+チック姉さん,Wikipedia由来,エリア,札幌市,+チック姉さん,Wikipedia(ja)のカテゴリ「札幌市を舞台とした作品」に属する,osm(wikidata:Q37951)
.hack//Liminality,Wikipedia由来,エリア,横浜市,.hack//Liminality,Wikipedia(ja)のカテゴリ「横浜市を舞台とした作品」に属する,osm(wikidata:Q38283)
200m先の熱,Wikipedia由来,エリア,川崎市,200m先の熱,Wikipedia(ja)のカテゴリ「川崎市を舞台とした作品」に属する,osm(wikidata:Q164234)
3月のライオン,Wikipedia由来,エリア,中央区,3月のライオン,Wikipedia(ja)のカテゴリ「中央区を舞台とした作品」に属する,osm(名前一致)
3月のライオン_2,Wikipedia由来,エリア,渋谷区,3月のライオン,Wikipedia(ja)のカテゴリ「渋谷区を舞台とした作品」に属する,osm(wikidata:Q193638)
4TEEN,Wikipedia由来,エリア,中央区,4TEEN,Wikipedia(ja)のカテゴリ「中央区を舞台とした作品」に属する,osm(名前一致)
750ライダー,Wikipedia由来,エリア,大田区,750ライダー,Wikipedia(ja)のカテゴリ「大田区を舞台とした作品」に属する,osm(wikidata:Q217234)
AKB49〜恋愛禁止条例〜,Wikipedia由来,エリア,名古屋市,AKB49〜恋愛禁止条例〜,Wikipedia(ja)のカテゴリ「名古屋市を舞台とした作品」に属する,osm(wikidata:Q11751)
AKB49〜恋愛禁止条例〜_2,Wikipedia由来,エリア,大阪市,AKB49〜恋愛禁止条例〜,Wikipedia(ja)のカテゴリ「大阪市を舞台とした作品」に属する,osm(wikidata:Q35765)
AKB49〜恋愛禁止条例〜_3,Wikipedia由来,エリア,福岡市,AKB49〜恋愛禁止条例〜,Wikipedia(ja)のカテゴリ「福岡市を舞台とした作品」に属する,osm(wikidata:Q26600)
BLUE GIANT,Wikipedia由来,エリア,仙台市,BLUE GIANT,Wikipedia(ja)のカテゴリ「仙台市を舞台とした作品」に属する,osm(wikidata:Q46747)
BanG Dream!(金泉湯),公式選定,モデル,金泉湯,BanG Dream!,銭湯・金泉湯は六花の下宿先「旭湯」の一部モデルとなっている,osm(名前一致)
BanG Dream!(飛鳥山公園),公式選定,舞台,飛鳥山公園,BanG Dream!,戸山姉妹の自宅の最寄り駅は飛鳥山停留場がモデルとなっており、その近くの飛鳥山公園も作中で使用される,osm(wikidata:Q901172)
Buddy Daddies,Wikipedia由来,エリア,福岡市,Buddy Daddies,Wikipedia(ja)のカテゴリ「福岡市を舞台とした作品」に属する,osm(wikidata:Q26600)
B・B,Wikipedia由来,エリア,横須賀市,B・B,Wikipedia(ja)のカテゴリ「横須賀市を舞台とした作品」に属する,osm(wikidata:Q200578)
Cosmic Baton Girl コメットさん☆,Wikipedia由来,エリア,鎌倉市,Cosmic Baton Girl コメットさん☆,Wikipedia(ja)のカテゴリ「鎌倉市を舞台とした作品」に属する,osm(wikidata:Q200267)
DAN DOH!!,Wikipedia由来,エリア,熊本市,DAN DOH!!,Wikipedia(ja)のカテゴリ「熊本市を舞台とした作品」に属する,osm(wikidata:Q199889)
DRAGON JAM,Wikipedia由来,エリア,鎌倉市,DRAGON JAM,Wikipedia(ja)のカテゴリ「鎌倉市を舞台とした作品」に属する,osm(wikidata:Q200267)
Do It Yourself!! -どぅー・いっと・ゆあせるふ-,公式選定,エリア,新潟県,Do It Yourself!! -どぅー・いっと・ゆあせるふ-,jawikiのカテゴリ「新潟県を舞台とした作品」に属する。点として特定できる記述が無いため代表点とした,osm(wikidata:Q132705)
F.COMPO,Wikipedia由来,エリア,豊島区,F.COMPO,Wikipedia(ja)のカテゴリ「豊島区を舞台とした作品」に属する,osm(wikidata:Q236680)
G Blood,Wikipedia由来,エリア,横浜市,G Blood,Wikipedia(ja)のカテゴリ「横浜市を舞台とした作品」に属する,osm(wikidata:Q38283)
GATE 7,Wikipedia由来,エリア,京都市,GATE 7,Wikipedia(ja)のカテゴリ「京都市を舞台とした作品」に属する,osm(wikidata:Q34600)
GHOST GIRL ゴーストガール,Wikipedia由来,エリア,横浜市,GHOST GIRL ゴーストガール,Wikipedia(ja)のカテゴリ「横浜市を舞台とした作品」に属する,osm(wikidata:Q38283)
Good Morning ティーチャー,Wikipedia由来,エリア,千葉市,Good Morning ティーチャー,Wikipedia(ja)のカテゴリ「千葉市を舞台とした作品」に属する,osm(wikidata:Q170616)
H2,Wikipedia由来,エリア,練馬区,H2 (漫画),Wikipedia(ja)のカテゴリ「練馬区を舞台とした作品」に属する,osm(wikidata:Q232655)
HELLO WORLD,Wikipedia由来,エリア,京都市,HELLO WORLD (映画),Wikipedia(ja)のカテゴリ「京都市を舞台とした作品」に属する,osm(wikidata:Q34600)
I'll,Wikipedia由来,エリア,小田原市,I'll,Wikipedia(ja)のカテゴリ「小田原市を舞台とした作品」に属する,osm(wikidata:Q267258)
Inote! -アイノテ!-,Wikipedia由来,エリア,京都市,Inote! -アイノテ!-,Wikipedia(ja)のカテゴリ「京都市を舞台とした作品」に属する,osm(wikidata:Q34600)
Just Because!,Wikipedia由来,エリア,鎌倉市,Just Because!,Wikipedia(ja)のカテゴリ「鎌倉市を舞台とした作品」に属する,osm(wikidata:Q200267)
Jドリーム,Wikipedia由来,エリア,さいたま市,Jドリーム,Wikipedia(ja)のカテゴリ「さいたま市を舞台とした作品」に属する,osm(wikidata:Q134635)
KING OF PRISM-Your Endless Call-み〜んなきらめけ!プリズム☆ツアーズ,Wikipedia由来,エリア,横浜市,KING OF PRISM-Your Endless Call-み〜んなきらめけ!プリズム☆ツアーズ,Wikipedia(ja)のカテゴリ「横浜市を舞台とした作品」に属する,osm(wikidata:Q38283)
KIPPO,Wikipedia由来,エリア,広島市,KIPPO,Wikipedia(ja)のカテゴリ「広島市を舞台とした作品」に属する,osm(wikidata:Q34664)
LOSERS,Wikipedia由来,エリア,大阪市,LOSERS,Wikipedia(ja)のカテゴリ「大阪市を舞台とした作品」に属する,osm(wikidata:Q35765)
Let's豪徳寺!,Wikipedia由来,エリア,世田谷区,Let's豪徳寺!,Wikipedia(ja)のカテゴリ「世田谷区を舞台とした作品」に属する,osm(wikidata:Q231645)
MFゴースト,公式選定,舞台,箱根ターンパイク,MFゴースト,作中の公道レースの舞台として登場する,jawiki
MOUSE,Wikipedia由来,エリア,世田谷区,MOUSE (漫画),Wikipedia(ja)のカテゴリ「世田谷区を舞台とした作品」に属する,osm(wikidata:Q231645)
NEW GAME!,Wikipedia由来,エリア,杉並区,NEW GAME!,Wikipedia(ja)のカテゴリ「杉並区を舞台とした作品」に属する,osm(wikidata:Q232631)
NHKにようこそ!,Wikipedia由来,エリア,川崎市,NHKにようこそ!,Wikipedia(ja)のカテゴリ「川崎市を舞台とした作品」に属する,osm(wikidata:Q164234)
ONE OUTS,Wikipedia由来,エリア,さいたま市,ONE OUTS,Wikipedia(ja)のカテゴリ「さいたま市を舞台とした作品」に属する,osm(wikidata:Q134635)
One Room,Wikipedia由来,エリア,練馬区,One Room,Wikipedia(ja)のカテゴリ「練馬区を舞台とした作品」に属する,osm(wikidata:Q232655)
PLAY!,Wikipedia由来,エリア,さいたま市,PLAY!,Wikipedia(ja)のカテゴリ「さいたま市を舞台とした作品」に属する,osm(wikidata:Q134635)
R-16,Wikipedia由来,エリア,横浜市,R-16 (漫画),Wikipedia(ja)のカテゴリ「横浜市を舞台とした作品」に属する,osm(wikidata:Q38283)
RELEASE THE SPYCE,Wikipedia由来,エリア,川崎市,RELEASE THE SPYCE,Wikipedia(ja)のカテゴリ「川崎市を舞台とした作品」に属する,osm(wikidata:Q164234)
REVENGER,Wikipedia由来,エリア,長崎市,REVENGER,Wikipedia(ja)のカテゴリ「長崎市を舞台とした作品」に属する,osm(wikidata:Q38234)
ROOKIES,Wikipedia由来,エリア,世田谷区,ROOKIES,Wikipedia(ja)のカテゴリ「世田谷区を舞台とした作品」に属する,osm(wikidata:Q231645)
SEX,Wikipedia由来,エリア,横須賀市,SEX (漫画),Wikipedia(ja)のカテゴリ「横須賀市を舞台とした作品」に属する,osm(wikidata:Q200578)
SHI-NO -シノ-,Wikipedia由来,エリア,大阪市,SHI-NO -シノ-,Wikipedia(ja)のカテゴリ「大阪市を舞台とした作品」に属する,osm(wikidata:Q35765)
SHIROBAKO,公式選定,エリア,武蔵野市,SHIROBAKO,jawikiのカテゴリ「武蔵野市を舞台とした作品」に属する。点として特定できる記述が無いため代表点とした,osm(wikidata:Q210661)
SIDOOH/士道,Wikipedia由来,エリア,京都市,SIDOOH/士道,Wikipedia(ja)のカテゴリ「京都市を舞台とした作品」に属する,osm(wikidata:Q34600)
SLAM DUNK,Wikipedia由来,エリア,広島市,SLAM DUNK,Wikipedia(ja)のカテゴリ「広島市を舞台とした作品」に属する,osm(wikidata:Q34664)
SSSS.GRIDMAN,Wikipedia由来,エリア,練馬区,SSSS.GRIDMAN,Wikipedia(ja)のカテゴリ「練馬区を舞台とした作品」に属する,osm(wikidata:Q232655)
THE BAND (漫画),Wikipedia由来,エリア,名古屋市,THE BAND (漫画),Wikipedia(ja)のカテゴリ「名古屋市を舞台とした作品」に属する,osm(wikidata:Q11751)
Thirty Minutes Over Tokyo,Wikipedia由来,エリア,大阪市,Thirty Minutes Over Tokyo,Wikipedia(ja)のカテゴリ「大阪市を舞台とした作品」に属する,osm(wikidata:Q35765)
Turkey!,公式選定,エリア,長野県,Turkey!,jawikiのカテゴリ「長野県を舞台とした作品」に属する。点として特定できる記述が無いため代表点とした,osm(wikidata:Q127877)
UMA大戦 ククルとナギ,Wikipedia由来,エリア,京都市,UMA大戦 ククルとナギ,Wikipedia(ja)のカテゴリ「京都市を舞台とした作品」に属する,osm(wikidata:Q34600)
W'z《ウィズ》,Wikipedia由来,エリア,大阪市,W'z《ウィズ》,Wikipedia(ja)のカテゴリ「大阪市を舞台とした作品」に属する,osm(wikidata:Q35765)
WHO!?,Wikipedia由来,エリア,墨田区,WHO!?,Wikipedia(ja)のカテゴリ「墨田区を舞台とした作品」に属する,osm(wikidata:Q235135)
〈小市民〉シリーズ,公式選定,エリア,岐阜県,〈小市民〉シリーズ,jawikiのカテゴリ「岐阜県を舞台とした作品」に属する。点として特定できる記述が無いため代表点とした,osm(wikidata:Q131277)
あいつとララバイ,Wikipedia由来,エリア,横浜市,あいつとララバイ,Wikipedia(ja)のカテゴリ「横浜市を舞台とした作品」に属する,osm(wikidata:Q38283)
あおざくら 防衛大学校物語,Wikipedia由来,エリア,横須賀市,あおざくら 防衛大学校物語,Wikipedia(ja)のカテゴリ「横須賀市を舞台とした作品」に属する,osm(wikidata:Q200578)
あさきゆめみし,Wikipedia由来,エリア,京都市,あさきゆめみし,Wikipedia(ja)のカテゴリ「京都市を舞台とした作品」に属する,osm(wikidata:Q34600)
あさきゆめみし_2,Wikipedia由来,エリア,神戸市,あさきゆめみし,Wikipedia(ja)のカテゴリ「神戸市を舞台とした作品」に属する,osm(wikidata:Q48320)
あさドラ!,Wikipedia由来,エリア,名古屋市,あさドラ!,Wikipedia(ja)のカテゴリ「名古屋市を舞台とした作品」に属する,osm(wikidata:Q11751)
あした、裸足でこい。,Wikipedia由来,エリア,杉並区,あした、裸足でこい。,Wikipedia(ja)のカテゴリ「杉並区を舞台とした作品」に属する,osm(wikidata:Q232631)
あすなろ白書,Wikipedia由来,エリア,川崎市,あすなろ白書,Wikipedia(ja)のカテゴリ「川崎市を舞台とした作品」に属する,osm(wikidata:Q164234)
あだち勉物語 〜あだち充を漫画家にした男〜,Wikipedia由来,エリア,新宿区,あだち勉物語 〜あだち充を漫画家にした男〜,Wikipedia(ja)のカテゴリ「新宿区を舞台とした作品」に属する,osm(wikidata:Q179645)
あっちこっち,Wikipedia由来,エリア,千葉市,あっちこっち,Wikipedia(ja)のカテゴリ「千葉市を舞台とした作品」に属する,osm(wikidata:Q170616)
あのコと一緒,Wikipedia由来,エリア,名古屋市,あのコと一緒,Wikipedia(ja)のカテゴリ「名古屋市を舞台とした作品」に属する,osm(wikidata:Q11751)
あの夜行バスに乗って,Wikipedia由来,エリア,名古屋市,あの夜行バスに乗って,Wikipedia(ja)のカテゴリ「名古屋市を舞台とした作品」に属する,osm(wikidata:Q11751)
あの日見た花の名前を僕達はまだ知らない。,公式選定,エリア,秩父市,あの日見た花の名前を僕達はまだ知らない。,jawikiのカテゴリ「秩父市を舞台とした作品」に属する。点として特定できる記述が無いため代表点とした,osm(wikidata:Q647079)
あの頃。男子かしまし物語,Wikipedia由来,エリア,大阪市,あの頃。男子かしまし物語,Wikipedia(ja)のカテゴリ「大阪市を舞台とした作品」に属する,osm(wikidata:Q35765)
あひるの空,Wikipedia由来,エリア,川崎市,あひるの空,Wikipedia(ja)のカテゴリ「川崎市を舞台とした作品」に属する,osm(wikidata:Q164234)
あぶさん,Wikipedia由来,エリア,大阪市,あぶさん,Wikipedia(ja)のカテゴリ「大阪市を舞台とした作品」に属する,osm(wikidata:Q35765)
あぶさん_2,Wikipedia由来,エリア,福岡市,あぶさん,Wikipedia(ja)のカテゴリ「福岡市を舞台とした作品」に属する,osm(wikidata:Q26600)
あるいとう,Wikipedia由来,エリア,神戸市,あるいとう,Wikipedia(ja)のカテゴリ「神戸市を舞台とした作品」に属する,osm(wikidata:Q48320)
あるまいとせんめんき,Wikipedia由来,エリア,杉並区,あるまいとせんめんき,Wikipedia(ja)のカテゴリ「杉並区を舞台とした作品」に属する,osm(wikidata:Q232631)
いいひと。,Wikipedia由来,エリア,札幌市,いいひと。,Wikipedia(ja)のカテゴリ「札幌市を舞台とした作品」に属する,osm(wikidata:Q37951)
いいゆだね!,Wikipedia由来,エリア,墨田区,いいゆだね!,Wikipedia(ja)のカテゴリ「墨田区を舞台とした作品」に属する,osm(wikidata:Q235135)
いとしいキミ,Wikipedia由来,エリア,福岡市,いとしいキミ (末次由紀の漫画),Wikipedia(ja)のカテゴリ「福岡市を舞台とした作品」に属する,osm(wikidata:Q26600)
いなり、こんこん、恋いろは。,Wikipedia由来,エリア,京都市,いなり、こんこん、恋いろは。,Wikipedia(ja)のカテゴリ「京都市を舞台とした作品」に属する,osm(wikidata:Q34600)
うさぎドロップ,Wikipedia由来,エリア,名古屋市,うさぎドロップ,Wikipedia(ja)のカテゴリ「名古屋市を舞台とした作品」に属する,osm(wikidata:Q11751)
うた∽かた,Wikipedia由来,エリア,鎌倉市,うた∽かた,Wikipedia(ja)のカテゴリ「鎌倉市を舞台とした作品」に属する,osm(wikidata:Q200267)
うちの大家族,Wikipedia由来,エリア,千葉市,うちの大家族,Wikipedia(ja)のカテゴリ「千葉市を舞台とした作品」に属する,osm(wikidata:Q170616)
お〜い!竜馬,Wikipedia由来,エリア,京都市,お〜い!竜馬,Wikipedia(ja)のカテゴリ「京都市を舞台とした作品」に属する,osm(wikidata:Q34600)
お〜い!竜馬_2,Wikipedia由来,エリア,長崎市,お〜い!竜馬,Wikipedia(ja)のカテゴリ「長崎市を舞台とした作品」に属する,osm(wikidata:Q38234)
おおかみこどもの雨と雪,公式選定,エリア,上市町,おおかみこどもの雨と雪,作品記事に「細田の出身地である富山県中新川郡上市町と隣の立山町の景観が描かれている」とある。モデルとなった家は個人宅のため点にせず代表点とした,osm(wikidata:Q1204302)
おおきく振りかぶって,Wikipedia由来,エリア,さいたま市,おおきく振りかぶって,Wikipedia(ja)のカテゴリ「さいたま市を舞台とした作品」に属する,osm(wikidata:Q134635)
おこしやす,Wikipedia由来,エリア,京都市,おこしやす,Wikipedia(ja)のカテゴリ「京都市を舞台とした作品」に属する,osm(wikidata:Q34600)
おこしやす、ちとせちゃん,Wikipedia由来,エリア,京都市,おこしやす、ちとせちゃん,Wikipedia(ja)のカテゴリ「京都市を舞台とした作品」に属する,osm(wikidata:Q34600)
おしりかじり虫,Wikipedia由来,エリア,大阪市,おしりかじり虫,Wikipedia(ja)のカテゴリ「大阪市を舞台とした作品」に属する,osm(wikidata:Q35765)
おすもじっ!◆司の一貫◆,Wikipedia由来,エリア,京都市,おすもじっ!◆司の一貫◆,Wikipedia(ja)のカテゴリ「京都市を舞台とした作品」に属する,osm(wikidata:Q34600)
おはようおかえり,Wikipedia由来,エリア,京都市,おはようおかえり,Wikipedia(ja)のカテゴリ「京都市を舞台とした作品」に属する,osm(wikidata:Q34600)
おばけ煙突,Wikipedia由来,エリア,足立区,おばけ煙突 (漫画),Wikipedia(ja)のカテゴリ「足立区を舞台とした作品」に属する,osm(wikidata:Q213464)
おぼっちゃまくん(世田谷区),Wikipedia由来,エリア,世田谷区,おぼっちゃまくん,Wikipedia(ja)のカテゴリ「世田谷区を舞台とした作品」に属する,osm(wikidata:Q231645)
おぼっちゃまくん(大田区),Wikipedia由来,エリア,大田区,おぼっちゃまくん,Wikipedia(ja)のカテゴリ「大田区を舞台とした作品」に属する,osm(wikidata:Q217234)
おまかせ! ピース電器店,Wikipedia由来,エリア,杉並区,おまかせ! ピース電器店,Wikipedia(ja)のカテゴリ「杉並区を舞台とした作品」に属する,osm(wikidata:Q232631)
お礼は見てのお帰り,Wikipedia由来,エリア,大阪市,お礼は見てのお帰り,Wikipedia(ja)のカテゴリ「大阪市を舞台とした作品」に属する,osm(wikidata:Q35765)
かくかくしかじか,Wikipedia由来,エリア,金沢市,かくかくしかじか,Wikipedia(ja)のカテゴリ「金沢市を舞台とした作品」に属する,osm(wikidata:Q191130)
かくしごと,Wikipedia由来,エリア,鎌倉市,かくしごと,Wikipedia(ja)のカテゴリ「鎌倉市を舞台とした作品」に属する,osm(wikidata:Q200267)
かぐや様は告らせたい〜天才たちの恋愛頭脳戦〜,Wikipedia由来,エリア,港区,かぐや様は告らせたい〜天才たちの恋愛頭脳戦〜,Wikipedia(ja)のカテゴリ「港区を舞台とした作品」に属する,osm(名前一致)
かげきしょうじょ!!,Wikipedia由来,エリア,神戸市,かげきしょうじょ!!,Wikipedia(ja)のカテゴリ「神戸市を舞台とした作品」に属する,osm(wikidata:Q48320)
かってに改蔵,Wikipedia由来,エリア,練馬区,かってに改蔵,Wikipedia(ja)のカテゴリ「練馬区を舞台とした作品」に属する,osm(wikidata:Q232655)
かみちゅ!,Wikipedia由来,エリア,尾道市,かみちゅ!,Wikipedia(ja)のカテゴリ「尾道市を舞台とした作品」に属する,osm(wikidata:Q696694)
からかい上手の高木さん,公式選定,エリア,香川県,からかい上手の高木さん (アニメ),jawikiのカテゴリ「香川県を舞台とした作品」に属する。点として特定できる記述が無いため代表点とした,osm(wikidata:Q161454)
からん,Wikipedia由来,エリア,京都市,からん,Wikipedia(ja)のカテゴリ「京都市を舞台とした作品」に属する,osm(wikidata:Q34600)
かりん歩,Wikipedia由来,エリア,名古屋市,かりん歩,Wikipedia(ja)のカテゴリ「名古屋市を舞台とした作品」に属する,osm(wikidata:Q11751)
かんなぎ,Wikipedia由来,エリア,仙台市,かんなぎ (漫画),Wikipedia(ja)のカテゴリ「仙台市を舞台とした作品」に属する,osm(wikidata:Q46747)
がきデカ,Wikipedia由来,エリア,練馬区,がきデカ,Wikipedia(ja)のカテゴリ「練馬区を舞台とした作品」に属する,osm(wikidata:Q232655)
がんばっていきまっしょい,公式選定,エリア,松山市,がんばっていきまっしょい,jawikiのカテゴリ「松山市を舞台とした作品」に属する。点として特定できる記述が無いため代表点とした,osm(wikidata:Q200022)
きみの声をとどけたい,Wikipedia由来,エリア,鎌倉市,きみの声をとどけたい,Wikipedia(ja)のカテゴリ「鎌倉市を舞台とした作品」に属する,osm(wikidata:Q200267)
きみの色,公式選定,エリア,五島市,きみの色,作品記事に「長崎、および五島でのロケハンは2021年10月と2022年3月の2度にわたって行われた」とある,osm(wikidata:Q201659)
けものとチャット,Wikipedia由来,エリア,千葉市,けものとチャット,Wikipedia(ja)のカテゴリ「千葉市を舞台とした作品」に属する,osm(wikidata:Q170616)
こちら大阪社会部,Wikipedia由来,エリア,大阪市,こちら大阪社会部,Wikipedia(ja)のカテゴリ「大阪市を舞台とした作品」に属する,osm(wikidata:Q35765)
こちら葛飾区亀有公園前派出所,Wikipedia由来,エリア,葛飾区,こちら葛飾区亀有公園前派出所,Wikipedia(ja)のカテゴリ「葛飾区を舞台とした作品」に属する,osm(wikidata:Q232628)
ことこと かるてっと,Wikipedia由来,エリア,京都市,ことこと かるてっと,Wikipedia(ja)のカテゴリ「京都市を舞台とした作品」に属する,osm(wikidata:Q34600)
こみっくがーるず,Wikipedia由来,エリア,文京区,こみっくがーるず,Wikipedia(ja)のカテゴリ「文京区を舞台とした作品」に属する,osm(wikidata:Q212713)
ごんたくれ,Wikipedia由来,エリア,大阪市,ごんたくれ (漫画),Wikipedia(ja)のカテゴリ「大阪市を舞台とした作品」に属する,osm(wikidata:Q35765)
ご指名です!,Wikipedia由来,エリア,港区,ご指名です!,Wikipedia(ja)のカテゴリ「港区を舞台とした作品」に属する,osm(名前一致)
さくら!咲きますッ,Wikipedia由来,エリア,さいたま市,さくら!咲きますッ,Wikipedia(ja)のカテゴリ「さいたま市を舞台とした作品」に属する,osm(wikidata:Q134635)
さくらがんばる!,Wikipedia由来,エリア,世田谷区,さくらがんばる!,Wikipedia(ja)のカテゴリ「世田谷区を舞台とした作品」に属する,osm(wikidata:Q231645)
さよならみどりちゃん,Wikipedia由来,エリア,横浜市,さよならみどりちゃん,Wikipedia(ja)のカテゴリ「横浜市を舞台とした作品」に属する,osm(wikidata:Q38283)
さよならララ,Wikipedia由来,エリア,大津市,さよならララ,Wikipedia(ja)のカテゴリ「大津市を舞台とした作品」に属する,osm(wikidata:Q202907)
さよなら私のクラマー,公式選定,エリア,埼玉県,さよなら私のクラマー,jawikiのカテゴリ「埼玉県を舞台とした作品」に属する。点として特定できる記述が無いため代表点とした,osm(wikidata:Q128186)
さよなら絶望先生,Wikipedia由来,エリア,文京区,さよなら絶望先生,Wikipedia(ja)のカテゴリ「文京区を舞台とした作品」に属する,osm(wikidata:Q212713)
しまなみ誰そ彼,Wikipedia由来,エリア,尾道市,しまなみ誰そ彼,Wikipedia(ja)のカテゴリ「尾道市を舞台とした作品」に属する,osm(wikidata:Q696694)
じゃりン子チエ,Wikipedia由来,エリア,大阪市,じゃりン子チエ,Wikipedia(ja)のカテゴリ「大阪市を舞台とした作品」に属する,osm(wikidata:Q35765)
すべてがFになる,Wikipedia由来,エリア,名古屋市,すべてがFになる,Wikipedia(ja)のカテゴリ「名古屋市を舞台とした作品」に属する,osm(wikidata:Q11751)
するめいか,Wikipedia由来,エリア,江東区,するめいか (漫画),Wikipedia(ja)のカテゴリ「江東区を舞台とした作品」に属する,osm(wikidata:Q215175)
その時、カノジョは。,Wikipedia由来,エリア,福岡市,その時、カノジョは。,Wikipedia(ja)のカテゴリ「福岡市を舞台とした作品」に属する,osm(wikidata:Q26600)
その着せ替え人形は恋をする,公式選定,エリア,さいたま市,その着せ替え人形は恋をする,jawikiのカテゴリ「さいたま市を舞台とした作品」に属する。点として特定できる記述が無いため代表点とした,osm(wikidata:Q134635)
それが声優!,Wikipedia由来,エリア,杉並区,それが声優!,Wikipedia(ja)のカテゴリ「杉並区を舞台とした作品」に属する,osm(wikidata:Q232631)
それでも町は廻っている,Wikipedia由来,エリア,大田区,それでも町は廻っている,Wikipedia(ja)のカテゴリ「大田区を舞台とした作品」に属する,osm(wikidata:Q217234)
それゆけ!宇宙戦艦ヤマモト・ヨーコ,Wikipedia由来,エリア,足立区,それゆけ!宇宙戦艦ヤマモト・ヨーコ,Wikipedia(ja)のカテゴリ「足立区を舞台とした作品」に属する,osm(wikidata:Q213464)
たとえばこんなラヴ・ソング,Wikipedia由来,エリア,杉並区,たとえばこんなラヴ・ソング,Wikipedia(ja)のカテゴリ「杉並区を舞台とした作品」に属する,osm(wikidata:Q232631)
たまこまーけっと,Wikipedia由来,エリア,京都市,たまこまーけっと,Wikipedia(ja)のカテゴリ「京都市を舞台とした作品」に属する,osm(wikidata:Q34600)
たまゆら,Wikipedia由来,エリア,横須賀市,たまゆら (アニメ),Wikipedia(ja)のカテゴリ「横須賀市を舞台とした作品」に属する,osm(wikidata:Q200578)
だからパパには敵わない,Wikipedia由来,エリア,札幌市,だからパパには敵わない,Wikipedia(ja)のカテゴリ「札幌市を舞台とした作品」に属する,osm(wikidata:Q37951)
だんちがい,Wikipedia由来,エリア,立川市,だんちがい,Wikipedia(ja)のカテゴリ「立川市を舞台とした作品」に属する,osm(wikidata:Q269634)
ちぃちゃんのおしながき,Wikipedia由来,エリア,練馬区,ちぃちゃんのおしながき,Wikipedia(ja)のカテゴリ「練馬区を舞台とした作品」に属する,osm(wikidata:Q232655)
ちはやふる,Wikipedia由来,エリア,大津市,ちはやふる,Wikipedia(ja)のカテゴリ「大津市を舞台とした作品」に属する,osm(wikidata:Q202907)
ちびまる子ちゃん,Wikipedia由来,エリア,静岡市,ちびまる子ちゃん,Wikipedia(ja)のカテゴリ「静岡市を舞台とした作品」に属する,osm(wikidata:Q174691)
ちびまる子ちゃん イタリアから来た少年,Wikipedia由来,エリア,京都市,ちびまる子ちゃん イタリアから来た少年,Wikipedia(ja)のカテゴリ「京都市を舞台とした作品」に属する,osm(wikidata:Q34600)
ちびまる子ちゃん イタリアから来た少年_2,Wikipedia由来,エリア,大阪市,ちびまる子ちゃん イタリアから来た少年,Wikipedia(ja)のカテゴリ「大阪市を舞台とした作品」に属する,osm(wikidata:Q35765)
ちみも,Wikipedia由来,エリア,鎌倉市,ちみも,Wikipedia(ja)のカテゴリ「鎌倉市を舞台とした作品」に属する,osm(wikidata:Q200267)
つるピカハゲ丸,Wikipedia由来,エリア,練馬区,つるピカハゲ丸,Wikipedia(ja)のカテゴリ「練馬区を舞台とした作品」に属する,osm(wikidata:Q232655)
てっぱん!,Wikipedia由来,エリア,大阪市,てっぱん!,Wikipedia(ja)のカテゴリ「大阪市を舞台とした作品」に属する,osm(wikidata:Q35765)
てんむす,Wikipedia由来,エリア,名古屋市,てんむす,Wikipedia(ja)のカテゴリ「名古屋市を舞台とした作品」に属する,osm(wikidata:Q11751)
てーきゅう,Wikipedia由来,エリア,江東区,てーきゅう,Wikipedia(ja)のカテゴリ「江東区を舞台とした作品」に属する,osm(wikidata:Q215175)
であいもん,Wikipedia由来,エリア,京都市,であいもん,Wikipedia(ja)のカテゴリ「京都市を舞台とした作品」に属する,osm(wikidata:Q34600)
とある科学の超電磁砲,公式選定,エリア,立川市,アニメツーリズム協会,jawiki「アニメツーリズム協会」の2018年度版選定地リストで東京都立川市が選定地,osm(wikidata:Q269634)
とある魔術の禁書目録,Wikipedia由来,エリア,立川市,とある魔術の禁書目録 (アニメ),Wikipedia(ja)のカテゴリ「立川市を舞台とした作品」に属する,osm(wikidata:Q269634)
とっとこハム太郎,Wikipedia由来,エリア,横浜市,とっとこハム太郎 (アニメ),Wikipedia(ja)のカテゴリ「横浜市を舞台とした作品」に属する,osm(wikidata:Q38283)
とめはねっ! 鈴里高校書道部,Wikipedia由来,エリア,鎌倉市,とめはねっ! 鈴里高校書道部,Wikipedia(ja)のカテゴリ「鎌倉市を舞台とした作品」に属する,osm(wikidata:Q200267)
とんかつDJアゲ太郎,Wikipedia由来,エリア,渋谷区,とんかつDJアゲ太郎,Wikipedia(ja)のカテゴリ「渋谷区を舞台とした作品」に属する,osm(wikidata:Q193638)
どてらい男,Wikipedia由来,エリア,大阪市,どてらい男,Wikipedia(ja)のカテゴリ「大阪市を舞台とした作品」に属する,osm(wikidata:Q35765)
どりる,Wikipedia由来,エリア,大阪市,どりる,Wikipedia(ja)のカテゴリ「大阪市を舞台とした作品」に属する,osm(wikidata:Q35765)
どんぐりの家,Wikipedia由来,エリア,さいたま市,どんぐりの家,Wikipedia(ja)のカテゴリ「さいたま市を舞台とした作品」に属する,osm(wikidata:Q134635)
ど根性ガエル(練馬区),Wikipedia由来,エリア,練馬区,ど根性ガエル,Wikipedia(ja)のカテゴリ「練馬区を舞台とした作品」に属する,osm(wikidata:Q232655)
ど根性ガエル(葛飾区),Wikipedia由来,エリア,葛飾区,ど根性ガエル,Wikipedia(ja)のカテゴリ「葛飾区を舞台とした作品」に属する,osm(wikidata:Q232628)
なぎさMe公認,Wikipedia由来,エリア,鎌倉市,なぎさMe公認,Wikipedia(ja)のカテゴリ「鎌倉市を舞台とした作品」に属する,osm(wikidata:Q200267)
なりひらばし電器商店,Wikipedia由来,エリア,墨田区,なりひらばし電器商店,Wikipedia(ja)のカテゴリ「墨田区を舞台とした作品」に属する,osm(wikidata:Q235135)
ねこ・ねこ・幻想曲,Wikipedia由来,エリア,札幌市,ねこ・ねこ・幻想曲,Wikipedia(ja)のカテゴリ「札幌市を舞台とした作品」に属する,osm(wikidata:Q37951)
ねこ耳少女シリーズ,Wikipedia由来,エリア,横浜市,ねこ耳少女シリーズ,Wikipedia(ja)のカテゴリ「横浜市を舞台とした作品」に属する,osm(wikidata:Q38283)
ねらわれた学園,Wikipedia由来,エリア,鎌倉市,ねらわれた学園 (2012年の映画),Wikipedia(ja)のカテゴリ「鎌倉市を舞台とした作品」に属する,osm(wikidata:Q200267)
のの美捜査中!,Wikipedia由来,エリア,練馬区,のの美捜査中!,Wikipedia(ja)のカテゴリ「練馬区を舞台とした作品」に属する,osm(wikidata:Q232655)
のんちゃんのり弁,Wikipedia由来,エリア,墨田区,のんちゃんのり弁,Wikipedia(ja)のカテゴリ「墨田区を舞台とした作品」に属する,osm(wikidata:Q235135)
はたらく魔王さま!,Wikipedia由来,エリア,渋谷区,はたらく魔王さま!,Wikipedia(ja)のカテゴリ「渋谷区を舞台とした作品」に属する,osm(wikidata:Q193638)
はだかのくすりゆび,Wikipedia由来,エリア,神戸市,はだかのくすりゆび,Wikipedia(ja)のカテゴリ「神戸市を舞台とした作品」に属する,osm(wikidata:Q48320)
はぴぷり,Wikipedia由来,エリア,世田谷区,はぴぷり,Wikipedia(ja)のカテゴリ「世田谷区を舞台とした作品」に属する,osm(wikidata:Q231645)
はるかリフレイン,Wikipedia由来,エリア,鎌倉市,はるかリフレイン,Wikipedia(ja)のカテゴリ「鎌倉市を舞台とした作品」に属する,osm(wikidata:Q200267)
はんなりギロリの頼子さん,Wikipedia由来,エリア,京都市,はんなりギロリの頼子さん,Wikipedia(ja)のカテゴリ「京都市を舞台とした作品」に属する,osm(wikidata:Q34600)
ぱいどん,Wikipedia由来,エリア,千代田区,ぱいどん,Wikipedia(ja)のカテゴリ「千代田区を舞台とした作品」に属する,osm(wikidata:Q214051)
ぱすてる,Wikipedia由来,エリア,尾道市,ぱすてる,Wikipedia(ja)のカテゴリ「尾道市を舞台とした作品」に属する,osm(wikidata:Q696694)
ぱにぽに,Wikipedia由来,エリア,大田区,ぱにぽに,Wikipedia(ja)のカテゴリ「大田区を舞台とした作品」に属する,osm(wikidata:Q217234)
ぱられる,Wikipedia由来,エリア,尾道市,ぱられる,Wikipedia(ja)のカテゴリ「尾道市を舞台とした作品」に属する,osm(wikidata:Q696694)
ひぐらしのなく頃に(白川八幡神社),公式選定,モデル,白川八幡神社,ひぐらしのなく頃に,本作に登場する「古手神社」のモデルとなった、白川八幡神社,osm(wikidata:Q11579699)
ひぐらしのなく頃に(白川郷),公式選定,モデル,白川郷,ひぐらしのなく頃に,雛見沢村の風景のモデルとなった白川郷（岐阜県大野郡白川村）,osm(wikidata:Q1002193)
ひとひらの恋が降る,Wikipedia由来,エリア,札幌市,ひとひらの恋が降る,Wikipedia(ja)のカテゴリ「札幌市を舞台とした作品」に属する,osm(wikidata:Q37951)
ひなビタ♪,公式選定,エリア,倉吉市,アニメツーリズム協会,jawiki「アニメツーリズム協会」の2018年度版選定地リストで鳥取県倉吉市が選定地,osm(wikidata:Q642006)
ひらやすみ,Wikipedia由来,エリア,杉並区,ひらやすみ,Wikipedia(ja)のカテゴリ「杉並区を舞台とした作品」に属する,osm(wikidata:Q232631)
ふしぎの国のバード,Wikipedia由来,エリア,横浜市,ふしぎの国のバード,Wikipedia(ja)のカテゴリ「横浜市を舞台とした作品」に属する,osm(wikidata:Q38283)
ふしぎトーボくん,Wikipedia由来,エリア,足立区,ふしぎトーボくん,Wikipedia(ja)のカテゴリ「足立区を舞台とした作品」に属する,osm(wikidata:Q213464)
ふれる。,Wikipedia由来,エリア,新宿区,ふれる。,Wikipedia(ja)のカテゴリ「新宿区を舞台とした作品」に属する,osm(wikidata:Q179645)
ぶっちぎり?!,Wikipedia由来,エリア,横浜市,ぶっちぎり?!,Wikipedia(ja)のカテゴリ「横浜市を舞台とした作品」に属する,osm(wikidata:Q38283)
へるしーへありーすけありー,Wikipedia由来,エリア,熊本市,へるしーへありーすけありー,Wikipedia(ja)のカテゴリ「熊本市を舞台とした作品」に属する,osm(wikidata:Q199889)
ぼくの地球を守って,Wikipedia由来,エリア,川崎市,ぼくの地球を守って,Wikipedia(ja)のカテゴリ「川崎市を舞台とした作品」に属する,osm(wikidata:Q164234)
ぼくらのよあけ,Wikipedia由来,エリア,杉並区,ぼくらのよあけ,Wikipedia(ja)のカテゴリ「杉並区を舞台とした作品」に属する,osm(wikidata:Q232631)
ぼくらマンガ家 トキワ荘物語,Wikipedia由来,エリア,豊島区,ぼくらマンガ家 トキワ荘物語,Wikipedia(ja)のカテゴリ「豊島区を舞台とした作品」に属する,osm(wikidata:Q236680)
ぼっち・ざ・ろっく!,公式選定,エリア,世田谷区,ぼっち・ざ・ろっく!,jawikiのカテゴリ「世田谷区を舞台とした作品」に属する。点として特定できる記述が無いため代表点とした,osm(wikidata:Q231645)
ぼっち・ざ・ろっく!_2,公式選定,エリア,横浜市,ぼっち・ざ・ろっく!,jawikiのカテゴリ「横浜市を舞台とした作品」に属する。点として特定できる記述が無いため代表点とした,osm(wikidata:Q38283)
ぽんのみち,Wikipedia由来,エリア,尾道市,ぽんのみち,Wikipedia(ja)のカテゴリ「尾道市を舞台とした作品」に属する,osm(wikidata:Q696694)
まことちゃん,Wikipedia由来,エリア,新宿区,まことちゃん,Wikipedia(ja)のカテゴリ「新宿区を舞台とした作品」に属する,osm(wikidata:Q179645)
まじかる☆タルるートくん,Wikipedia由来,エリア,名古屋市,まじかる☆タルるートくん,Wikipedia(ja)のカテゴリ「名古屋市を舞台とした作品」に属する,osm(wikidata:Q11751)
まなびや,Wikipedia由来,エリア,鎌倉市,まなびや,Wikipedia(ja)のカテゴリ「鎌倉市を舞台とした作品」に属する,osm(wikidata:Q200267)
まねきねこ不動産,Wikipedia由来,エリア,仙台市,まねきねこ不動産,Wikipedia(ja)のカテゴリ「仙台市を舞台とした作品」に属する,osm(wikidata:Q46747)
まひろ体験,Wikipedia由来,エリア,札幌市,まひろ体験,Wikipedia(ja)のカテゴリ「札幌市を舞台とした作品」に属する,osm(wikidata:Q37951)
まほらば,Wikipedia由来,エリア,港区,まほらば,Wikipedia(ja)のカテゴリ「港区を舞台とした作品」に属する,osm(名前一致)
まみあな四重奏団,Wikipedia由来,エリア,港区,まみあな四重奏団,Wikipedia(ja)のカテゴリ「港区を舞台とした作品」に属する,osm(名前一致)
まめきちまめこニートの日常,Wikipedia由来,エリア,名古屋市,まめきちまめこニートの日常,Wikipedia(ja)のカテゴリ「名古屋市を舞台とした作品」に属する,osm(wikidata:Q11751)
まんが道(墨田区),Wikipedia由来,エリア,墨田区,まんが道,Wikipedia(ja)のカテゴリ「墨田区を舞台とした作品」に属する,osm(wikidata:Q235135)
まんが道(豊島区),Wikipedia由来,エリア,豊島区,まんが道,Wikipedia(ja)のカテゴリ「豊島区を舞台とした作品」に属する,osm(wikidata:Q236680)
まんだら屋の良太,Wikipedia由来,エリア,北九州市,まんだら屋の良太,Wikipedia(ja)のカテゴリ「北九州市を舞台とした作品」に属する,osm(wikidata:Q188806)
みツわの,Wikipedia由来,エリア,京都市,みツわの,Wikipedia(ja)のカテゴリ「京都市を舞台とした作品」に属する,osm(wikidata:Q34600)
やくならマグカップも,公式選定,エリア,岐阜県,やくならマグカップも,jawikiのカテゴリ「岐阜県を舞台とした作品」に属する。点として特定できる記述が無いため代表点とした,osm(wikidata:Q131277)
やっとかめ探偵団,Wikipedia由来,エリア,名古屋市,やっとかめ探偵団,Wikipedia(ja)のカテゴリ「名古屋市を舞台とした作品」に属する,osm(wikidata:Q11751)
やはり俺の青春ラブコメはまちがっている。,公式選定,エリア,千葉市,やはり俺の青春ラブコメはまちがっている。,jawikiのカテゴリ「千葉市を舞台とした作品」に属する。点として特定できる記述が無いため代表点とした,osm(wikidata:Q170616)
ゆるキャン△,公式選定,モデル,モリパーク アウトドアヴィレッジ,ゆるキャン△,市内のアウトドア用品店「モリパーク」内の「アウトドアヴィレッジ」にあるアウトドアショップがモデルとなっている,osm(検索)※要目視
よしえサン,Wikipedia由来,エリア,名古屋市,よしえサン,Wikipedia(ja)のカテゴリ「名古屋市を舞台とした作品」に属する,osm(wikidata:Q11751)
よふかしのうた,Wikipedia由来,エリア,さいたま市,よふかしのうた (漫画),Wikipedia(ja)のカテゴリ「さいたま市を舞台とした作品」に属する,osm(wikidata:Q134635)
らき☆すた,公式選定,モデル,鷲宮神社,らき☆すた,アニメ版でのモデルは埼玉県久喜市（旧北葛飾郡鷲宮町）にある鷲宮神社,osm(wikidata:Q611108)
らんま1/2,Wikipedia由来,エリア,練馬区,らんま1/2,Wikipedia(ja)のカテゴリ「練馬区を舞台とした作品」に属する,osm(wikidata:Q232655)
りゅうおうのおしごと!,Wikipedia由来,エリア,大阪市,りゅうおうのおしごと!,Wikipedia(ja)のカテゴリ「大阪市を舞台とした作品」に属する,osm(wikidata:Q35765)
るろうに剣心 -明治剣客浪漫譚-,Wikipedia由来,エリア,京都市,るろうに剣心 -明治剣客浪漫譚-,Wikipedia(ja)のカテゴリ「京都市を舞台とした作品」に属する,osm(wikidata:Q34600)
わが家は祇園の拝み屋さん,Wikipedia由来,エリア,京都市,わが家は祇園の拝み屋さん,Wikipedia(ja)のカテゴリ「京都市を舞台とした作品」に属する,osm(wikidata:Q34600)
わさんぼん〜和菓子屋顛末記〜,Wikipedia由来,エリア,京都市,わさんぼん〜和菓子屋顛末記〜,Wikipedia(ja)のカテゴリ「京都市を舞台とした作品」に属する,osm(wikidata:Q34600)
アイデン&ティティ,Wikipedia由来,エリア,杉並区,アイデン&ティティ,Wikipedia(ja)のカテゴリ「杉並区を舞台とした作品」に属する,osm(wikidata:Q232631)
アイドルマスター ミリオンライブ! Blooming Clover,Wikipedia由来,エリア,江東区,アイドルマスター ミリオンライブ! Blooming Clover,Wikipedia(ja)のカテゴリ「江東区を舞台とした作品」に属する,osm(wikidata:Q215175)
アイドル事変,Wikipedia由来,エリア,新潟市,アイドル事変,Wikipedia(ja)のカテゴリ「新潟市を舞台とした作品」に属する,osm(wikidata:Q179691)
アクエリオンロゴス,Wikipedia由来,エリア,杉並区,アクエリオンロゴス,Wikipedia(ja)のカテゴリ「杉並区を舞台とした作品」に属する,osm(wikidata:Q232631)
アクセル・ワールド,Wikipedia由来,エリア,杉並区,アクセル・ワールド,Wikipedia(ja)のカテゴリ「杉並区を舞台とした作品」に属する,osm(wikidata:Q232631)
アグネス白書,Wikipedia由来,エリア,札幌市,アグネス白書,Wikipedia(ja)のカテゴリ「札幌市を舞台とした作品」に属する,osm(wikidata:Q37951)
アドルフに告ぐ,Wikipedia由来,エリア,神戸市,アドルフに告ぐ,Wikipedia(ja)のカテゴリ「神戸市を舞台とした作品」に属する,osm(wikidata:Q48320)
アベノ橋魔法☆商店街,Wikipedia由来,エリア,大阪市,アベノ橋魔法☆商店街,Wikipedia(ja)のカテゴリ「大阪市を舞台とした作品」に属する,osm(wikidata:Q35765)
アンゴルモア 元寇合戦記,公式選定,エリア,長崎県,アンゴルモア 元寇合戦記,jawikiのカテゴリ「長崎県を舞台とした作品」に属する。点として特定できる記述が無いため代表点とした,osm(wikidata:Q169376)
アーサーGARAGE,Wikipedia由来,エリア,北九州市,アーサーGARAGE,Wikipedia(ja)のカテゴリ「北九州市を舞台とした作品」に属する,osm(wikidata:Q188806)
イエスタデイをうたって,Wikipedia由来,エリア,世田谷区,イエスタデイをうたって,Wikipedia(ja)のカテゴリ「世田谷区を舞台とした作品」に属する,osm(wikidata:Q231645)
イシュタルの娘〜小野於通伝〜,Wikipedia由来,エリア,京都市,イシュタルの娘〜小野於通伝〜,Wikipedia(ja)のカテゴリ「京都市を舞台とした作品」に属する,osm(wikidata:Q34600)
イシュタルの娘〜小野於通伝〜_2,Wikipedia由来,エリア,大阪市,イシュタルの娘〜小野於通伝〜,Wikipedia(ja)のカテゴリ「大阪市を舞台とした作品」に属する,osm(wikidata:Q35765)
インビンシブル,Wikipedia由来,エリア,北九州市,インビンシブル (漫画),Wikipedia(ja)のカテゴリ「北九州市を舞台とした作品」に属する,osm(wikidata:Q188806)
インフェクション,Wikipedia由来,エリア,仙台市,インフェクション (漫画),Wikipedia(ja)のカテゴリ「仙台市を舞台とした作品」に属する,osm(wikidata:Q46747)
インベスターZ,Wikipedia由来,エリア,札幌市,インベスターZ,Wikipedia(ja)のカテゴリ「札幌市を舞台とした作品」に属する,osm(wikidata:Q37951)
ウインドミル,Wikipedia由来,エリア,さいたま市,ウインドミル (漫画),Wikipedia(ja)のカテゴリ「さいたま市を舞台とした作品」に属する,osm(wikidata:Q134635)
ウクレア!,Wikipedia由来,エリア,新潟市,ウクレア!,Wikipedia(ja)のカテゴリ「新潟市を舞台とした作品」に属する,osm(wikidata:Q179691)
ウマ娘 シンデレラグレイ,公式選定,エリア,岐阜県,ウマ娘 シンデレラグレイ,jawikiのカテゴリ「岐阜県を舞台とした作品」に属する。点として特定できる記述が無いため代表点とした,osm(wikidata:Q131277)
エリアの騎士,Wikipedia由来,エリア,鎌倉市,エリアの騎士,Wikipedia(ja)のカテゴリ「鎌倉市を舞台とした作品」に属する,osm(wikidata:Q200267)
エルフェンリート,Wikipedia由来,エリア,鎌倉市,エルフェンリート,Wikipedia(ja)のカテゴリ「鎌倉市を舞台とした作品」に属する,osm(wikidata:Q200267)
エース!,Wikipedia由来,エリア,葛飾区,エース!,Wikipedia(ja)のカテゴリ「葛飾区を舞台とした作品」に属する,osm(wikidata:Q232628)
エースをねらえ!,Wikipedia由来,エリア,さいたま市,エースをねらえ!,Wikipedia(ja)のカテゴリ「さいたま市を舞台とした作品」に属する,osm(wikidata:Q134635)
オチビサン,Wikipedia由来,エリア,鎌倉市,オチビサン,Wikipedia(ja)のカテゴリ「鎌倉市を舞台とした作品」に属する,osm(wikidata:Q200267)
カイチュー!,Wikipedia由来,エリア,小田原市,カイチュー!,Wikipedia(ja)のカテゴリ「小田原市を舞台とした作品」に属する,osm(wikidata:Q267258)
カイトアンサ,Wikipedia由来,エリア,立川市,カイトアンサ,Wikipedia(ja)のカテゴリ「立川市を舞台とした作品」に属する,osm(wikidata:Q269634)
カタコイ・カノン,Wikipedia由来,エリア,神戸市,カタコイ・カノン,Wikipedia(ja)のカテゴリ「神戸市を舞台とした作品」に属する,osm(wikidata:Q48320)
カブのイサキ,Wikipedia由来,エリア,横須賀市,カブのイサキ,Wikipedia(ja)のカテゴリ「横須賀市を舞台とした作品」に属する,osm(wikidata:Q200578)
カルラ舞う!,Wikipedia由来,エリア,仙台市,カルラ舞う!,Wikipedia(ja)のカテゴリ「仙台市を舞台とした作品」に属する,osm(wikidata:Q46747)
ガクラン八年組,Wikipedia由来,エリア,横浜市,ガクラン八年組,Wikipedia(ja)のカテゴリ「横浜市を舞台とした作品」に属する,osm(wikidata:Q38283)
ガッチャマン クラウズ,Wikipedia由来,エリア,立川市,ガッチャマン クラウズ,Wikipedia(ja)のカテゴリ「立川市を舞台とした作品」に属する,osm(wikidata:Q269634)
ガラスの仮面,Wikipedia由来,エリア,横浜市,ガラスの仮面,Wikipedia(ja)のカテゴリ「横浜市を舞台とした作品」に属する,osm(wikidata:Q38283)
ガンダムビルドファイターズ,Wikipedia由来,エリア,静岡市,ガンダムビルドファイターズ,Wikipedia(ja)のカテゴリ「静岡市を舞台とした作品」に属する,osm(wikidata:Q174691)
ガールズ&パンツァー,公式選定,エリア,大洗町,ガールズ&パンツァー,jawikiのカテゴリ「大洗町を舞台とした作品」に属する。点として特定できる記述が無いため代表点とした,osm(wikidata:Q1349185)
ガールズバンドクライ,公式選定,エリア,川崎市,ガールズバンドクライ,jawikiのカテゴリ「川崎市を舞台とした作品」に属する。点として特定できる記述が無いため代表点とした,osm(wikidata:Q164234)
キスよりさきに恋よりはやく,Wikipedia由来,エリア,尾道市,キスよりさきに恋よりはやく,Wikipedia(ja)のカテゴリ「尾道市を舞台とした作品」に属する,osm(wikidata:Q696694)
キン肉マン,Wikipedia由来,エリア,大田区,キン肉マン,Wikipedia(ja)のカテゴリ「大田区を舞台とした作品」に属する,osm(wikidata:Q217234)
ギャラクティックマンション,Wikipedia由来,エリア,練馬区,ギャラクティックマンション,Wikipedia(ja)のカテゴリ「練馬区を舞台とした作品」に属する,osm(wikidata:Q232655)
クッキングパパ,Wikipedia由来,エリア,大阪市,クッキングパパ,Wikipedia(ja)のカテゴリ「大阪市を舞台とした作品」に属する,osm(wikidata:Q35765)
クッキングパパ_2,Wikipedia由来,エリア,福岡市,クッキングパパ,Wikipedia(ja)のカテゴリ「福岡市を舞台とした作品」に属する,osm(wikidata:Q26600)
クニミツの政,Wikipedia由来,エリア,小田原市,クニミツの政,Wikipedia(ja)のカテゴリ「小田原市を舞台とした作品」に属する,osm(wikidata:Q267258)
クララ白書,Wikipedia由来,エリア,札幌市,クララ白書,Wikipedia(ja)のカテゴリ「札幌市を舞台とした作品」に属する,osm(wikidata:Q37951)
クロスオーバーレブ!,Wikipedia由来,エリア,福岡市,クロスオーバーレブ!,Wikipedia(ja)のカテゴリ「福岡市を舞台とした作品」に属する,osm(wikidata:Q26600)
クロックワーク・プラネット,Wikipedia由来,エリア,京都市,クロックワーク・プラネット,Wikipedia(ja)のカテゴリ「京都市を舞台とした作品」に属する,osm(wikidata:Q34600)
グッド・ハロー,Wikipedia由来,エリア,横浜市,グッド・ハロー,Wikipedia(ja)のカテゴリ「横浜市を舞台とした作品」に属する,osm(wikidata:Q38283)
ケッパレ 松原さん!,Wikipedia由来,エリア,仙台市,ケッパレ 松原さん!,Wikipedia(ja)のカテゴリ「仙台市を舞台とした作品」に属する,osm(wikidata:Q46747)
ケンタウロスの伝説,Wikipedia由来,エリア,横浜市,ケンタウロスの伝説,Wikipedia(ja)のカテゴリ「横浜市を舞台とした作品」に属する,osm(wikidata:Q38283)
コイ☆セント,Wikipedia由来,エリア,奈良市,コイ☆セント,Wikipedia(ja)のカテゴリ「奈良市を舞台とした作品」に属する,osm(wikidata:Q169134)
コクリコ坂から,Wikipedia由来,エリア,横浜市,コクリコ坂から,Wikipedia(ja)のカテゴリ「横浜市を舞台とした作品」に属する,osm(wikidata:Q38283)
コボちゃん,Wikipedia由来,エリア,世田谷区,コボちゃん,Wikipedia(ja)のカテゴリ「世田谷区を舞台とした作品」に属する,osm(wikidata:Q231645)
コンシェルジュ プラチナム,Wikipedia由来,エリア,港区,コンシェルジュ プラチナム,Wikipedia(ja)のカテゴリ「港区を舞台とした作品」に属する,osm(名前一致)
コードネームはセーラーV,Wikipedia由来,エリア,港区,コードネームはセーラーV,Wikipedia(ja)のカテゴリ「港区を舞台とした作品」に属する,osm(名前一致)
ゴリポン君,Wikipedia由来,エリア,足立区,ゴリポン君,Wikipedia(ja)のカテゴリ「足立区を舞台とした作品」に属する,osm(wikidata:Q213464)
ゴールFH,Wikipedia由来,エリア,静岡市,ゴールFH,Wikipedia(ja)のカテゴリ「静岡市を舞台とした作品」に属する,osm(wikidata:Q174691)
ゴールデンゴールド,Wikipedia由来,エリア,尾道市,ゴールデンゴールド,Wikipedia(ja)のカテゴリ「尾道市を舞台とした作品」に属する,osm(wikidata:Q696694)
サイコドクター 楷恭介,Wikipedia由来,エリア,港区,サイコドクター 楷恭介,Wikipedia(ja)のカテゴリ「港区を舞台とした作品」に属する,osm(名前一致)
サザエさん,Wikipedia由来,エリア,世田谷区,サザエさん,Wikipedia(ja)のカテゴリ「世田谷区を舞台とした作品」に属する,osm(wikidata:Q231645)
サザエさん_2,Wikipedia由来,エリア,福岡市,サザエさん,Wikipedia(ja)のカテゴリ「福岡市を舞台とした作品」に属する,osm(wikidata:Q26600)
サザエさんうちあけ話,Wikipedia由来,エリア,福岡市,サザエさんうちあけ話,Wikipedia(ja)のカテゴリ「福岡市を舞台とした作品」に属する,osm(wikidata:Q26600)
サマーウォーズ,公式選定,エリア,上田市,サマーウォーズ,jawikiのカテゴリ「上田市を舞台とした作品」に属する。点として特定できる記述が無いため代表点とした,osm(wikidata:Q844852)
サムライダー,Wikipedia由来,エリア,札幌市,サムライダー,Wikipedia(ja)のカテゴリ「札幌市を舞台とした作品」に属する,osm(wikidata:Q37951)
サンキューピッチ,Wikipedia由来,エリア,横浜市,サンキューピッチ,Wikipedia(ja)のカテゴリ「横浜市を舞台とした作品」に属する,osm(wikidata:Q38283)
サンブンノイチ,Wikipedia由来,エリア,川崎市,サンブンノイチ,Wikipedia(ja)のカテゴリ「川崎市を舞台とした作品」に属する,osm(wikidata:Q164234)
サーティーガール,Wikipedia由来,エリア,大田区,サーティーガール,Wikipedia(ja)のカテゴリ「大田区を舞台とした作品」に属する,osm(wikidata:Q217234)
サード・ガール,Wikipedia由来,エリア,神戸市,サード・ガール,Wikipedia(ja)のカテゴリ「神戸市を舞台とした作品」に属する,osm(wikidata:Q48320)
ザ・サムライ,Wikipedia由来,エリア,福岡市,ザ・サムライ,Wikipedia(ja)のカテゴリ「福岡市を舞台とした作品」に属する,osm(wikidata:Q26600)
シグルイ,Wikipedia由来,エリア,静岡市,シグルイ,Wikipedia(ja)のカテゴリ「静岡市を舞台とした作品」に属する,osm(wikidata:Q174691)
シバトラ,Wikipedia由来,エリア,杉並区,シバトラ,Wikipedia(ja)のカテゴリ「杉並区を舞台とした作品」に属する,osm(wikidata:Q232631)
シバトラ_2,Wikipedia由来,エリア,横浜市,シバトラ,Wikipedia(ja)のカテゴリ「横浜市を舞台とした作品」に属する,osm(wikidata:Q38283)
シンバシノミコ,Wikipedia由来,エリア,港区,シンバシノミコ,Wikipedia(ja)のカテゴリ「港区を舞台とした作品」に属する,osm(名前一致)
ジョジョリオン,Wikipedia由来,エリア,仙台市,ジョジョリオン,Wikipedia(ja)のカテゴリ「仙台市を舞台とした作品」に属する,osm(wikidata:Q46747)
ジョゼと虎と魚たち,Wikipedia由来,エリア,大阪市,ジョゼと虎と魚たち,Wikipedia(ja)のカテゴリ「大阪市を舞台とした作品」に属する,osm(wikidata:Q35765)
スカイガールズ,Wikipedia由来,エリア,横須賀市,スカイガールズ,Wikipedia(ja)のカテゴリ「横須賀市を舞台とした作品」に属する,osm(wikidata:Q200578)
スクライド,Wikipedia由来,エリア,横浜市,スクライド,Wikipedia(ja)のカテゴリ「横浜市を舞台とした作品」に属する,osm(wikidata:Q38283)
ストーリー311,Wikipedia由来,エリア,仙台市,ストーリー311,Wikipedia(ja)のカテゴリ「仙台市を舞台とした作品」に属する,osm(wikidata:Q46747)
スナックバス江,Wikipedia由来,エリア,札幌市,スナックバス江,Wikipedia(ja)のカテゴリ「札幌市を舞台とした作品」に属する,osm(wikidata:Q37951)
スパイの妻,Wikipedia由来,エリア,神戸市,スパイの妻,Wikipedia(ja)のカテゴリ「神戸市を舞台とした作品」に属する,osm(wikidata:Q48320)
スローモーションをもう一度,Wikipedia由来,エリア,葛飾区,スローモーションをもう一度,Wikipedia(ja)のカテゴリ「葛飾区を舞台とした作品」に属する,osm(wikidata:Q232628)
スローループ,公式選定,エリア,横須賀市,スローループ,jawikiのカテゴリ「横須賀市を舞台とした作品」に属する。点として特定できる記述が無いため代表点とした,osm(wikidata:Q200578)
ズタボロ,Wikipedia由来,エリア,立川市,ズタボロ,Wikipedia(ja)のカテゴリ「立川市を舞台とした作品」に属する,osm(wikidata:Q269634)
セイクリッドセブン,Wikipedia由来,エリア,鎌倉市,セイクリッドセブン,Wikipedia(ja)のカテゴリ「鎌倉市を舞台とした作品」に属する,osm(wikidata:Q200267)
セクシーボイスアンドロボ,Wikipedia由来,エリア,杉並区,セクシーボイスアンドロボ,Wikipedia(ja)のカテゴリ「杉並区を舞台とした作品」に属する,osm(wikidata:Q232631)
セケンノハテマデ,Wikipedia由来,エリア,港区,セケンノハテマデ,Wikipedia(ja)のカテゴリ「港区を舞台とした作品」に属する,osm(名前一致)
セトギワ花ヨメ,Wikipedia由来,エリア,神戸市,セトギワ花ヨメ,Wikipedia(ja)のカテゴリ「神戸市を舞台とした作品」に属する,osm(wikidata:Q48320)
セラフィムコール,Wikipedia由来,エリア,横浜市,セラフィムコール,Wikipedia(ja)のカテゴリ「横浜市を舞台とした作品」に属する,osm(wikidata:Q38283)
センゴク男子 花の乱,Wikipedia由来,エリア,京都市,センゴク男子 花の乱,Wikipedia(ja)のカテゴリ「京都市を舞台とした作品」に属する,osm(wikidata:Q34600)
セーラー服通り,Wikipedia由来,エリア,横浜市,セーラー服通り,Wikipedia(ja)のカテゴリ「横浜市を舞台とした作品」に属する,osm(wikidata:Q38283)
ソラとウミのアイダ,Wikipedia由来,エリア,尾道市,ソラとウミのアイダ,Wikipedia(ja)のカテゴリ「尾道市を舞台とした作品」に属する,osm(wikidata:Q696694)
ソラノヤ,Wikipedia由来,エリア,名古屋市,ソラノヤ,Wikipedia(ja)のカテゴリ「名古屋市を舞台とした作品」に属する,osm(wikidata:Q11751)
タッチ,Wikipedia由来,エリア,練馬区,タッチ (漫画),Wikipedia(ja)のカテゴリ「練馬区を舞台とした作品」に属する,osm(wikidata:Q232655)
タビと道づれ,Wikipedia由来,エリア,尾道市,タビと道づれ,Wikipedia(ja)のカテゴリ「尾道市を舞台とした作品」に属する,osm(wikidata:Q696694)
ダイヤモンドは砕けない,Wikipedia由来,エリア,仙台市,ダイヤモンドは砕けない,Wikipedia(ja)のカテゴリ「仙台市を舞台とした作品」に属する,osm(wikidata:Q46747)
チェイサーゲーム,Wikipedia由来,エリア,福岡市,チェイサーゲーム,Wikipedia(ja)のカテゴリ「福岡市を舞台とした作品」に属する,osm(wikidata:Q26600)
チグハグトリック,Wikipedia由来,エリア,名古屋市,チグハグトリック,Wikipedia(ja)のカテゴリ「名古屋市を舞台とした作品」に属する,osm(wikidata:Q11751)
チンプイ,Wikipedia由来,エリア,杉並区,チンプイ,Wikipedia(ja)のカテゴリ「杉並区を舞台とした作品」に属する,osm(wikidata:Q232631)
ツヨシしっかりしなさい,Wikipedia由来,エリア,練馬区,ツヨシしっかりしなさい,Wikipedia(ja)のカテゴリ「練馬区を舞台とした作品」に属する,osm(wikidata:Q232655)
テツぼん(千代田区),Wikipedia由来,エリア,千代田区,テツぼん,Wikipedia(ja)のカテゴリ「千代田区を舞台とした作品」に属する,osm(wikidata:Q214051)
テツぼん(杉並区),Wikipedia由来,エリア,杉並区,テツぼん,Wikipedia(ja)のカテゴリ「杉並区を舞台とした作品」に属する,osm(wikidata:Q232631)
デアマンテ〜天領華闘牌〜,Wikipedia由来,エリア,長崎市,デアマンテ〜天領華闘牌〜,Wikipedia(ja)のカテゴリ「長崎市を舞台とした作品」に属する,osm(wikidata:Q38234)
デジモンアドベンチャー,公式選定,エリア,練馬区,デジモンアドベンチャー,jawikiのカテゴリ「練馬区を舞台とした作品」に属する。点として特定できる記述が無いため代表点とした,osm(wikidata:Q232655)
デジモンセイバーズ,Wikipedia由来,エリア,横浜市,デジモンセイバーズ,Wikipedia(ja)のカテゴリ「横浜市を舞台とした作品」に属する,osm(wikidata:Q38283)
デジモンフロンティア,Wikipedia由来,エリア,渋谷区,デジモンフロンティア,Wikipedia(ja)のカテゴリ「渋谷区を舞台とした作品」に属する,osm(wikidata:Q193638)
デメキン,Wikipedia由来,エリア,福岡市,デメキン (小説),Wikipedia(ja)のカテゴリ「福岡市を舞台とした作品」に属する,osm(wikidata:Q26600)
デュラララ!!,公式選定,エリア,豊島区,アニメツーリズム協会,jawiki「アニメツーリズム協会」の2018年度版選定地リストで東京都豊島区が選定地,osm(wikidata:Q236680)
デラシネマ,Wikipedia由来,エリア,京都市,デラシネマ,Wikipedia(ja)のカテゴリ「京都市を舞台とした作品」に属する,osm(wikidata:Q34600)
トモダチごっこ,Wikipedia由来,エリア,仙台市,トモダチごっこ,Wikipedia(ja)のカテゴリ「仙台市を舞台とした作品」に属する,osm(wikidata:Q46747)
トラとミケ,Wikipedia由来,エリア,名古屋市,トラとミケ,Wikipedia(ja)のカテゴリ「名古屋市を舞台とした作品」に属する,osm(wikidata:Q11751)
トライアルかおる!,Wikipedia由来,エリア,静岡市,トライアルかおる!,Wikipedia(ja)のカテゴリ「静岡市を舞台とした作品」に属する,osm(wikidata:Q174691)
ドアマイガーD,Wikipedia由来,エリア,京都市,ドアマイガーD,Wikipedia(ja)のカテゴリ「京都市を舞台とした作品」に属する,osm(wikidata:Q34600)
ドグラ・マグラ,Wikipedia由来,エリア,福岡市,ドグラ・マグラ,Wikipedia(ja)のカテゴリ「福岡市を舞台とした作品」に属する,osm(wikidata:Q26600)
ドラえもん,Wikipedia由来,エリア,練馬区,ドラえもん,Wikipedia(ja)のカテゴリ「練馬区を舞台とした作品」に属する,osm(wikidata:Q232655)
ナゾトキネ,Wikipedia由来,エリア,立川市,ナゾトキネ,Wikipedia(ja)のカテゴリ「立川市を舞台とした作品」に属する,osm(wikidata:Q269634)
ナッちゃん,Wikipedia由来,エリア,大田区,ナッちゃん,Wikipedia(ja)のカテゴリ「大田区を舞台とした作品」に属する,osm(wikidata:Q217234)
ナナマル サンバツ,Wikipedia由来,エリア,さいたま市,ナナマル サンバツ,Wikipedia(ja)のカテゴリ「さいたま市を舞台とした作品」に属する,osm(wikidata:Q134635)
ナニワ金融道,Wikipedia由来,エリア,大阪市,ナニワ金融道,Wikipedia(ja)のカテゴリ「大阪市を舞台とした作品」に属する,osm(wikidata:Q35765)
ネコあね。,Wikipedia由来,エリア,鎌倉市,ネコあね。,Wikipedia(ja)のカテゴリ「鎌倉市を舞台とした作品」に属する,osm(wikidata:Q200267)
ネコぱら,Wikipedia由来,エリア,横浜市,ネコぱら,Wikipedia(ja)のカテゴリ「横浜市を舞台とした作品」に属する,osm(wikidata:Q38283)
ノエイン もうひとりの君へ,Wikipedia由来,エリア,函館市,ノエイン もうひとりの君へ,Wikipedia(ja)のカテゴリ「函館市を舞台とした作品」に属する,osm(wikidata:Q26418)
ハイキュー!!,Wikipedia由来,エリア,仙台市,ハイキュー!!,Wikipedia(ja)のカテゴリ「仙台市を舞台とした作品」に属する,osm(wikidata:Q46747)
ハイスクールミステリー学園七不思議,Wikipedia由来,エリア,新宿区,ハイスクールミステリー学園七不思議,Wikipedia(ja)のカテゴリ「新宿区を舞台とした作品」に属する,osm(wikidata:Q179645)
ハイスクール・フリート,公式選定,エリア,横須賀市,ハイスクール・フリート,jawikiのカテゴリ「横須賀市を舞台とした作品」に属する。点として特定できる記述が無いため代表点とした,osm(wikidata:Q200578)
ハカイジュウ,Wikipedia由来,エリア,大阪市,ハカイジュウ,Wikipedia(ja)のカテゴリ「大阪市を舞台とした作品」に属する,osm(wikidata:Q35765)
ハカイジュウ_2,Wikipedia由来,エリア,立川市,ハカイジュウ,Wikipedia(ja)のカテゴリ「立川市を舞台とした作品」に属する,osm(wikidata:Q269634)
ハクバノ王子サマ,Wikipedia由来,エリア,小田原市,ハクバノ王子サマ,Wikipedia(ja)のカテゴリ「小田原市を舞台とした作品」に属する,osm(wikidata:Q267258)
ハチミツとクローバー,Wikipedia由来,エリア,杉並区,ハチミツとクローバー,Wikipedia(ja)のカテゴリ「杉並区を舞台とした作品」に属する,osm(wikidata:Q232631)
ハッスル,Wikipedia由来,エリア,京都市,ハッスル (漫画),Wikipedia(ja)のカテゴリ「京都市を舞台とした作品」に属する,osm(wikidata:Q34600)
ハッピータイガー,Wikipedia由来,エリア,横浜市,ハッピータイガー,Wikipedia(ja)のカテゴリ「横浜市を舞台とした作品」に属する,osm(wikidata:Q38283)
ハナヤマタ,Wikipedia由来,エリア,鎌倉市,ハナヤマタ,Wikipedia(ja)のカテゴリ「鎌倉市を舞台とした作品」に属する,osm(wikidata:Q200267)
ハマトラ,Wikipedia由来,エリア,横浜市,ハマトラ (アニメ),Wikipedia(ja)のカテゴリ「横浜市を舞台とした作品」に属する,osm(wikidata:Q38283)
ハヤテのごとく!,Wikipedia由来,エリア,練馬区,ハヤテのごとく!,Wikipedia(ja)のカテゴリ「練馬区を舞台とした作品」に属する,osm(wikidata:Q232655)
ハル,Wikipedia由来,エリア,京都市,ハル (アニメ),Wikipedia(ja)のカテゴリ「京都市を舞台とした作品」に属する,osm(wikidata:Q34600)
ハンドシェイカー,Wikipedia由来,エリア,大阪市,ハンドシェイカー,Wikipedia(ja)のカテゴリ「大阪市を舞台とした作品」に属する,osm(wikidata:Q35765)
バイトくん,Wikipedia由来,エリア,大阪市,バイトくん,Wikipedia(ja)のカテゴリ「大阪市を舞台とした作品」に属する,osm(wikidata:Q35765)
バカ姉弟,Wikipedia由来,エリア,豊島区,バカ姉弟,Wikipedia(ja)のカテゴリ「豊島区を舞台とした作品」に属する,osm(wikidata:Q236680)
バジーノイズ,Wikipedia由来,エリア,神戸市,バジーノイズ,Wikipedia(ja)のカテゴリ「神戸市を舞台とした作品」に属する,osm(wikidata:Q48320)
バブル,Wikipedia由来,エリア,港区,バブル (2022年の映画),Wikipedia(ja)のカテゴリ「港区を舞台とした作品」に属する,osm(名前一致)
バンパイヤ,Wikipedia由来,エリア,練馬区,バンパイヤ,Wikipedia(ja)のカテゴリ「練馬区を舞台とした作品」に属する,osm(wikidata:Q232655)
バンビ〜ノ!,Wikipedia由来,エリア,港区,バンビ〜ノ!,Wikipedia(ja)のカテゴリ「港区を舞台とした作品」に属する,osm(名前一致)
パスポート・ブルー,Wikipedia由来,エリア,仙台市,パスポート・ブルー,Wikipedia(ja)のカテゴリ「仙台市を舞台とした作品」に属する,osm(wikidata:Q46747)
パパのいうことを聞きなさい!,Wikipedia由来,エリア,立川市,パパのいうことを聞きなさい!,Wikipedia(ja)のカテゴリ「立川市を舞台とした作品」に属する,osm(wikidata:Q269634)
パラドン,Wikipedia由来,エリア,江東区,パラドン,Wikipedia(ja)のカテゴリ「江東区を舞台とした作品」に属する,osm(wikidata:Q215175)
パリピ孔明,Wikipedia由来,エリア,渋谷区,パリピ孔明,Wikipedia(ja)のカテゴリ「渋谷区を舞台とした作品」に属する,osm(wikidata:Q193638)
ビブリア古書堂の事件手帖,Wikipedia由来,エリア,鎌倉市,ビブリア古書堂の事件手帖,Wikipedia(ja)のカテゴリ「鎌倉市を舞台とした作品」に属する,osm(wikidata:Q200267)
ファインダー -京都女学院物語-,Wikipedia由来,エリア,京都市,ファインダー -京都女学院物語-,Wikipedia(ja)のカテゴリ「京都市を舞台とした作品」に属する,osm(wikidata:Q34600)
ファミコンランナー高橋名人物語,Wikipedia由来,エリア,札幌市,ファミコンランナー高橋名人物語,Wikipedia(ja)のカテゴリ「札幌市を舞台とした作品」に属する,osm(wikidata:Q37951)
ファントムバスターズ,Wikipedia由来,エリア,鎌倉市,ファントムバスターズ,Wikipedia(ja)のカテゴリ「鎌倉市を舞台とした作品」に属する,osm(wikidata:Q200267)
フジログ,Wikipedia由来,エリア,さいたま市,フジログ,Wikipedia(ja)のカテゴリ「さいたま市を舞台とした作品」に属する,osm(wikidata:Q134635)
フロイト1/2,Wikipedia由来,エリア,小田原市,フロイト1/2,Wikipedia(ja)のカテゴリ「小田原市を舞台とした作品」に属する,osm(wikidata:Q267258)
フロウ・ブルーで待ってる,Wikipedia由来,エリア,豊島区,フロウ・ブルーで待ってる,Wikipedia(ja)のカテゴリ「豊島区を舞台とした作品」に属する,osm(wikidata:Q236680)
ブラッディ+メアリー,Wikipedia由来,エリア,横浜市,ブラッディ+メアリー,Wikipedia(ja)のカテゴリ「横浜市を舞台とした作品」に属する,osm(wikidata:Q38283)
ブルバスター,公式選定,取材,藍島,ブルバスター,中尾浩之監督は作品のイメージを掴むため、北九州市内の工場地帯や藍島をロケハンしている,osm(wikidata:Q11622569)
プリティーリズム・オーロラドリーム,Wikipedia由来,エリア,横浜市,プリティーリズム・オーロラドリーム,Wikipedia(ja)のカテゴリ「横浜市を舞台とした作品」に属する,osm(wikidata:Q38283)
ペコロスの母に会いに行く,Wikipedia由来,エリア,長崎市,ペコロスの母に会いに行く,Wikipedia(ja)のカテゴリ「長崎市を舞台とした作品」に属する,osm(wikidata:Q38234)
ホクサイと飯さえあれば,Wikipedia由来,エリア,足立区,ホクサイと飯さえあれば,Wikipedia(ja)のカテゴリ「足立区を舞台とした作品」に属する,osm(wikidata:Q213464)
ボンボン坂高校演劇部,Wikipedia由来,エリア,世田谷区,ボンボン坂高校演劇部,Wikipedia(ja)のカテゴリ「世田谷区を舞台とした作品」に属する,osm(wikidata:Q231645)
ボールパークでつかまえて!,Wikipedia由来,エリア,千葉市,ボールパークでつかまえて!,Wikipedia(ja)のカテゴリ「千葉市を舞台とした作品」に属する,osm(wikidata:Q170616)
マカロニほうれん荘,Wikipedia由来,エリア,杉並区,マカロニほうれん荘,Wikipedia(ja)のカテゴリ「杉並区を舞台とした作品」に属する,osm(wikidata:Q232631)
マコとルミとチイ,Wikipedia由来,エリア,練馬区,マコとルミとチイ,Wikipedia(ja)のカテゴリ「練馬区を舞台とした作品」に属する,osm(wikidata:Q232655)
マネーウォーズ,Wikipedia由来,エリア,さいたま市,マネーウォーズ,Wikipedia(ja)のカテゴリ「さいたま市を舞台とした作品」に属する,osm(wikidata:Q134635)
ミギとダリ,Wikipedia由来,エリア,神戸市,ミギとダリ,Wikipedia(ja)のカテゴリ「神戸市を舞台とした作品」に属する,osm(wikidata:Q48320)
ミッドナイトレストラン7to7,Wikipedia由来,エリア,大阪市,ミッドナイトレストラン7to7,Wikipedia(ja)のカテゴリ「大阪市を舞台とした作品」に属する,osm(wikidata:Q35765)
ミラクルジャイアンツ童夢くん,Wikipedia由来,エリア,文京区,ミラクルジャイアンツ童夢くん,Wikipedia(ja)のカテゴリ「文京区を舞台とした作品」に属する,osm(wikidata:Q212713)
メイド刑事,Wikipedia由来,エリア,京都市,メイド刑事,Wikipedia(ja)のカテゴリ「京都市を舞台とした作品」に属する,osm(wikidata:Q34600)
メイプル戦記,Wikipedia由来,エリア,札幌市,メイプル戦記,Wikipedia(ja)のカテゴリ「札幌市を舞台とした作品」に属する,osm(wikidata:Q37951)
メダリスト,Wikipedia由来,エリア,名古屋市,メダリスト (漫画),Wikipedia(ja)のカテゴリ「名古屋市を舞台とした作品」に属する,osm(wikidata:Q11751)
モブ子の恋,Wikipedia由来,エリア,広島市,モブ子の恋,Wikipedia(ja)のカテゴリ「広島市を舞台とした作品」に属する,osm(wikidata:Q34664)
モリのアサガオ,Wikipedia由来,エリア,大阪市,モリのアサガオ,Wikipedia(ja)のカテゴリ「大阪市を舞台とした作品」に属する,osm(wikidata:Q35765)
ヤネウラ3ちゃん,Wikipedia由来,エリア,大阪市,ヤネウラ3ちゃん,Wikipedia(ja)のカテゴリ「大阪市を舞台とした作品」に属する,osm(wikidata:Q35765)
ヤマノススメ,公式選定,エリア,埼玉県,ヤマノススメ (アニメ),jawikiのカテゴリ「埼玉県を舞台とした作品」に属する。点として特定できる記述が無いため代表点とした,osm(wikidata:Q128186)
ヨコハマ買い出し紀行(横浜市),Wikipedia由来,エリア,横浜市,ヨコハマ買い出し紀行,Wikipedia(ja)のカテゴリ「横浜市を舞台とした作品」に属する,osm(wikidata:Q38283)
ヨコハマ買い出し紀行(横須賀市),Wikipedia由来,エリア,横須賀市,ヨコハマ買い出し紀行,Wikipedia(ja)のカテゴリ「横須賀市を舞台とした作品」に属する,osm(wikidata:Q200578)
ラブオールプレー,Wikipedia由来,エリア,横浜市,ラブオールプレー,Wikipedia(ja)のカテゴリ「横浜市を舞台とした作品」に属する,osm(wikidata:Q38283)
ラブライブ!,公式選定,エリア,千代田区,ラブライブ!,jawikiのカテゴリ「千代田区を舞台とした作品」に属する。点として特定できる記述が無いため代表点とした,osm(wikidata:Q214051)
ラブライブ!サンシャイン!!,公式選定,エリア,函館市,ラブライブ!サンシャイン!!,jawikiのカテゴリ「函館市を舞台とした作品」に属する。点として特定できる記述が無いため代表点とした,osm(wikidata:Q26418)
ラブライブ!サンシャイン!!_2,公式選定,エリア,沼津市,ラブライブ!サンシャイン!!,jawikiのカテゴリ「沼津市を舞台とした作品」に属する。点として特定できる記述が無いため代表点とした,osm(wikidata:Q241037)
ラブライブ!スーパースター!!,公式選定,エリア,茨城県,ラブライブ!スーパースター!!,jawikiのカテゴリ「茨城県を舞台とした作品」に属する。点として特定できる記述が無いため代表点とした,osm(wikidata:Q83273)
ラブライブ!虹ヶ咲学園スクールアイドル同好会,公式選定,モデル,東京ビッグサイト,ラブライブ!虹ヶ咲学園スクールアイドル同好会,同好会のメンバーが通う虹ヶ咲学園のモデルは「東京国際展示場（東京ビッグサイト）」となっている,osm(wikidata:Q1359125)
ラヴァーズ・キス,Wikipedia由来,エリア,鎌倉市,ラヴァーズ・キス,Wikipedia(ja)のカテゴリ「鎌倉市を舞台とした作品」に属する,osm(wikidata:Q200267)
リコリス・リコイル,公式選定,エリア,墨田区,リコリス・リコイル,jawikiのカテゴリ「墨田区を舞台とした作品」に属する。点として特定できる記述が無いため代表点とした,osm(wikidata:Q235135)
リラックマとカオルさん,Wikipedia由来,エリア,杉並区,リラックマとカオルさん,Wikipedia(ja)のカテゴリ「杉並区を舞台とした作品」に属する,osm(wikidata:Q232631)
レジデン都市505,Wikipedia由来,エリア,練馬区,レジデン都市505,Wikipedia(ja)のカテゴリ「練馬区を舞台とした作品」に属する,osm(wikidata:Q232655)
レプリカだって、恋をする。,Wikipedia由来,エリア,静岡市,レプリカだって、恋をする。,Wikipedia(ja)のカテゴリ「静岡市を舞台とした作品」に属する,osm(wikidata:Q174691)
ロボットガールズZ,Wikipedia由来,エリア,練馬区,ロボットガールズZ,Wikipedia(ja)のカテゴリ「練馬区を舞台とした作品」に属する,osm(wikidata:Q232655)
ロマンチカクロック,Wikipedia由来,エリア,鎌倉市,ロマンチカクロック,Wikipedia(ja)のカテゴリ「鎌倉市を舞台とした作品」に属する,osm(wikidata:Q200267)
ロン先生の虫眼鏡,Wikipedia由来,エリア,鎌倉市,ロン先生の虫眼鏡 (漫画),Wikipedia(ja)のカテゴリ「鎌倉市を舞台とした作品」に属する,osm(wikidata:Q200267)
ワルボロ,Wikipedia由来,エリア,立川市,ワルボロ,Wikipedia(ja)のカテゴリ「立川市を舞台とした作品」に属する,osm(wikidata:Q269634)
一休さん(京田辺市),公式選定,エリア,京田辺市,アニメツーリズム協会,jawiki「アニメツーリズム協会」の2018年度版選定地リストで京都府京田辺市が選定地,osm(wikidata:Q816728)
一休さん(京都市),Wikipedia由来,エリア,京都市,一休さん (テレビアニメ),Wikipedia(ja)のカテゴリ「京都市を舞台とした作品」に属する,osm(wikidata:Q34600)
七人のナナ,Wikipedia由来,エリア,京都市,七人のナナ,Wikipedia(ja)のカテゴリ「京都市を舞台とした作品」に属する,osm(wikidata:Q34600)
七帝柔道記,Wikipedia由来,エリア,札幌市,七帝柔道記,Wikipedia(ja)のカテゴリ「札幌市を舞台とした作品」に属する,osm(wikidata:Q37951)
三角の距離は限りないゼロ,Wikipedia由来,エリア,杉並区,三角の距離は限りないゼロ,Wikipedia(ja)のカテゴリ「杉並区を舞台とした作品」に属する,osm(wikidata:Q232631)
下北GLORY DAYS,Wikipedia由来,エリア,世田谷区,下北GLORY DAYS,Wikipedia(ja)のカテゴリ「世田谷区を舞台とした作品」に属する,osm(wikidata:Q231645)
世界征服〜謀略のズヴィズダー〜,Wikipedia由来,エリア,立川市,世界征服〜謀略のズヴィズダー〜,Wikipedia(ja)のカテゴリ「立川市を舞台とした作品」に属する,osm(wikidata:Q269634)
中央モノローグ線,Wikipedia由来,エリア,杉並区,中央モノローグ線,Wikipedia(ja)のカテゴリ「杉並区を舞台とした作品」に属する,osm(wikidata:Q232631)
主に泣いてます,Wikipedia由来,エリア,墨田区,主に泣いてます,Wikipedia(ja)のカテゴリ「墨田区を舞台とした作品」に属する,osm(wikidata:Q235135)
乙女怪獣キャラメリゼ,Wikipedia由来,エリア,中央区,乙女怪獣キャラメリゼ,Wikipedia(ja)のカテゴリ「中央区を舞台とした作品」に属する,osm(名前一致)
事件屋稼業,Wikipedia由来,エリア,横浜市,事件屋稼業 (漫画),Wikipedia(ja)のカテゴリ「横浜市を舞台とした作品」に属する,osm(wikidata:Q38283)
京洛れぎおん,Wikipedia由来,エリア,京都市,京洛れぎおん,Wikipedia(ja)のカテゴリ「京都市を舞台とした作品」に属する,osm(wikidata:Q34600)
京男と居候,Wikipedia由来,エリア,京都市,京男と居候,Wikipedia(ja)のカテゴリ「京都市を舞台とした作品」に属する,osm(wikidata:Q34600)
京都寺町三条のホームズ,Wikipedia由来,エリア,京都市,京都寺町三条のホームズ,Wikipedia(ja)のカテゴリ「京都市を舞台とした作品」に属する,osm(wikidata:Q34600)
京都府警あやかし課の事件簿,Wikipedia由来,エリア,京都市,京都府警あやかし課の事件簿,Wikipedia(ja)のカテゴリ「京都市を舞台とした作品」に属する,osm(wikidata:Q34600)
京騒戯画,Wikipedia由来,エリア,京都市,京騒戯画,Wikipedia(ja)のカテゴリ「京都市を舞台とした作品」に属する,osm(wikidata:Q34600)
亭主元気で犬がいい,Wikipedia由来,エリア,足立区,亭主元気で犬がいい,Wikipedia(ja)のカテゴリ「足立区を舞台とした作品」に属する,osm(wikidata:Q213464)
侵略!イカ娘,Wikipedia由来,エリア,鎌倉市,侵略!イカ娘,Wikipedia(ja)のカテゴリ「鎌倉市を舞台とした作品」に属する,osm(wikidata:Q200267)
信長,Wikipedia由来,エリア,京都市,信長 (漫画),Wikipedia(ja)のカテゴリ「京都市を舞台とした作品」に属する,osm(wikidata:Q34600)
俺の妹がこんなに可愛いわけがない,公式選定,エリア,千葉市,俺の妹がこんなに可愛いわけがない,jawikiのカテゴリ「千葉市を舞台とした作品」に属する。点として特定できる記述が無いため代表点とした,osm(wikidata:Q170616)
僕とシッポと神楽坂,Wikipedia由来,エリア,新宿区,僕とシッポと神楽坂,Wikipedia(ja)のカテゴリ「新宿区を舞台とした作品」に属する,osm(wikidata:Q179645)
僕の部屋がダンジョンの休憩所になってしまった件,Wikipedia由来,エリア,立川市,僕の部屋がダンジョンの休憩所になってしまった件,Wikipedia(ja)のカテゴリ「立川市を舞台とした作品」に属する,osm(wikidata:Q269634)
僕は旅をする,Wikipedia由来,エリア,金沢市,僕は旅をする,Wikipedia(ja)のカテゴリ「金沢市を舞台とした作品」に属する,osm(wikidata:Q191130)
八十亀ちゃんかんさつにっき,Wikipedia由来,エリア,名古屋市,八十亀ちゃんかんさつにっき,Wikipedia(ja)のカテゴリ「名古屋市を舞台とした作品」に属する,osm(wikidata:Q11751)
八重の桜,Wikipedia由来,エリア,京都市,八重の桜,Wikipedia(ja)のカテゴリ「京都市を舞台とした作品」に属する,osm(wikidata:Q34600)
公家侍秘録,Wikipedia由来,エリア,京都市,公家侍秘録,Wikipedia(ja)のカテゴリ「京都市を舞台とした作品」に属する,osm(wikidata:Q34600)
凪のあすから,公式選定,エリア,熊野市,アニメツーリズム協会,jawiki「アニメツーリズム協会」の2018年度版選定地リストで三重県熊野市が選定地,osm(wikidata:Q819672)
凪のお暇,Wikipedia由来,エリア,立川市,凪のお暇,Wikipedia(ja)のカテゴリ「立川市を舞台とした作品」に属する,osm(wikidata:Q269634)
初恋*れ〜るとりっぷ,Wikipedia由来,エリア,仙台市,初恋*れ〜るとりっぷ,Wikipedia(ja)のカテゴリ「仙台市を舞台とした作品」に属する,osm(wikidata:Q46747)
初恋DOGs,Wikipedia由来,エリア,横浜市,初恋DOGs,Wikipedia(ja)のカテゴリ「横浜市を舞台とした作品」に属する,osm(wikidata:Q38283)
前橋ウィッチーズ,公式選定,エリア,前橋市,前橋ウィッチーズ,jawikiのカテゴリ「前橋市を舞台とした作品」に属する。点として特定できる記述が無いため代表点とした,osm(wikidata:Q201613)
劇場版MAJOR メジャー 友情の一球,Wikipedia由来,エリア,福岡市,劇場版MAJOR メジャー 友情の一球,Wikipedia(ja)のカテゴリ「福岡市を舞台とした作品」に属する,osm(wikidata:Q26600)
動物のお医者さん,Wikipedia由来,エリア,札幌市,動物のお医者さん,Wikipedia(ja)のカテゴリ「札幌市を舞台とした作品」に属する,osm(wikidata:Q37951)
包丁人味平,Wikipedia由来,エリア,名古屋市,包丁人味平,Wikipedia(ja)のカテゴリ「名古屋市を舞台とした作品」に属する,osm(wikidata:Q11751)
包丁人味平_2,Wikipedia由来,エリア,札幌市,包丁人味平,Wikipedia(ja)のカテゴリ「札幌市を舞台とした作品」に属する,osm(wikidata:Q37951)
千歳くんはラムネ瓶のなか,公式選定,エリア,福井県,千歳くんはラムネ瓶のなか,jawikiのカテゴリ「福井県を舞台とした作品」に属する。点として特定できる記述が無いため代表点とした,osm(wikidata:Q133879)
南鎌倉高校女子自転車部,Wikipedia由来,エリア,鎌倉市,南鎌倉高校女子自転車部,Wikipedia(ja)のカテゴリ「鎌倉市を舞台とした作品」に属する,osm(wikidata:Q200267)
博多っ子純情,Wikipedia由来,エリア,福岡市,博多っ子純情,Wikipedia(ja)のカテゴリ「福岡市を舞台とした作品」に属する,osm(wikidata:Q26600)
博多豚骨ラーメンズ,Wikipedia由来,エリア,福岡市,博多豚骨ラーメンズ,Wikipedia(ja)のカテゴリ「福岡市を舞台とした作品」に属する,osm(wikidata:Q26600)
友子の場合,Wikipedia由来,エリア,さいたま市,友子の場合,Wikipedia(ja)のカテゴリ「さいたま市を舞台とした作品」に属する,osm(wikidata:Q134635)
双亡亭壊すべし,Wikipedia由来,エリア,豊島区,双亡亭壊すべし,Wikipedia(ja)のカテゴリ「豊島区を舞台とした作品」に属する,osm(wikidata:Q236680)
各駅停車,Wikipedia由来,エリア,鎌倉市,各駅停車 (漫画),Wikipedia(ja)のカテゴリ「鎌倉市を舞台とした作品」に属する,osm(wikidata:Q200267)
同人少女JB,Wikipedia由来,エリア,川崎市,同人少女JB,Wikipedia(ja)のカテゴリ「川崎市を舞台とした作品」に属する,osm(wikidata:Q164234)
名探偵コナン 100万ドルの五稜星,Wikipedia由来,エリア,函館市,名探偵コナン 100万ドルの五稜星,Wikipedia(ja)のカテゴリ「函館市を舞台とした作品」に属する,osm(wikidata:Q26418)
名探偵コナン から紅の恋歌,Wikipedia由来,エリア,京都市,名探偵コナン から紅の恋歌,Wikipedia(ja)のカテゴリ「京都市を舞台とした作品」に属する,osm(wikidata:Q34600)
名探偵コナン 世紀末の魔術師,Wikipedia由来,エリア,大阪市,名探偵コナン 世紀末の魔術師,Wikipedia(ja)のカテゴリ「大阪市を舞台とした作品」に属する,osm(wikidata:Q35765)
名探偵コナン 大怪獣ゴメラVS仮面ヤイバー,Wikipedia由来,エリア,大阪市,名探偵コナン 大怪獣ゴメラVS仮面ヤイバー,Wikipedia(ja)のカテゴリ「大阪市を舞台とした作品」に属する,osm(wikidata:Q35765)
名探偵コナン 江戸川コナン失踪事件 〜史上最悪の2日間〜,Wikipedia由来,エリア,横浜市,名探偵コナン 江戸川コナン失踪事件 〜史上最悪の2日間〜,Wikipedia(ja)のカテゴリ「横浜市を舞台とした作品」に属する,osm(wikidata:Q38283)
名探偵コナン 紅の修学旅行,Wikipedia由来,エリア,京都市,名探偵コナン 紅の修学旅行,Wikipedia(ja)のカテゴリ「京都市を舞台とした作品」に属する,osm(wikidata:Q34600)
名探偵コナン 緋色の弾丸,Wikipedia由来,エリア,名古屋市,名探偵コナン 緋色の弾丸,Wikipedia(ja)のカテゴリ「名古屋市を舞台とした作品」に属する,osm(wikidata:Q11751)
名探偵コナン 迷宮の十字路,Wikipedia由来,エリア,京都市,名探偵コナン 迷宮の十字路,Wikipedia(ja)のカテゴリ「京都市を舞台とした作品」に属する,osm(wikidata:Q34600)
名探偵コナン 銀翼の奇術師,Wikipedia由来,エリア,函館市,名探偵コナン 銀翼の奇術師,Wikipedia(ja)のカテゴリ「函館市を舞台とした作品」に属する,osm(wikidata:Q26418)
君の手がささやいている,Wikipedia由来,エリア,仙台市,君の手がささやいている,Wikipedia(ja)のカテゴリ「仙台市を舞台とした作品」に属する,osm(wikidata:Q46747)
君の膵臓をたべたい,Wikipedia由来,エリア,福岡市,君の膵臓をたべたい,Wikipedia(ja)のカテゴリ「福岡市を舞台とした作品」に属する,osm(wikidata:Q26600)
君は放課後インソムニア,公式選定,エリア,石川県,君は放課後インソムニア,jawikiのカテゴリ「石川県を舞台とした作品」に属する。点として特定できる記述が無いため代表点とした,osm(wikidata:Q131281)
吸血姫美夕,Wikipedia由来,エリア,京都市,吸血姫美夕,Wikipedia(ja)のカテゴリ「京都市を舞台とした作品」に属する,osm(wikidata:Q34600)
吸血姫美夕_2,Wikipedia由来,エリア,鎌倉市,吸血姫美夕,Wikipedia(ja)のカテゴリ「鎌倉市を舞台とした作品」に属する,osm(wikidata:Q200267)
吸血鬼すぐ死ぬ,Wikipedia由来,エリア,横浜市,吸血鬼すぐ死ぬ,Wikipedia(ja)のカテゴリ「横浜市を舞台とした作品」に属する,osm(wikidata:Q38283)
和菓子のアン,Wikipedia由来,エリア,千代田区,和菓子のアン,Wikipedia(ja)のカテゴリ「千代田区を舞台とした作品」に属する,osm(wikidata:Q214051)
四月は君の嘘,公式選定,エリア,練馬区,四月は君の嘘,jawikiのカテゴリ「練馬区を舞台とした作品」に属する。点として特定できる記述が無いため代表点とした,osm(wikidata:Q232655)
四畳半タイムマシンブルース,Wikipedia由来,エリア,京都市,四畳半タイムマシンブルース,Wikipedia(ja)のカテゴリ「京都市を舞台とした作品」に属する,osm(wikidata:Q34600)
四畳半神話大系,Wikipedia由来,エリア,京都市,四畳半神話大系,Wikipedia(ja)のカテゴリ「京都市を舞台とした作品」に属する,osm(wikidata:Q34600)
土曜ワイド殺人事件,Wikipedia由来,エリア,京都市,土曜ワイド殺人事件,Wikipedia(ja)のカテゴリ「京都市を舞台とした作品」に属する,osm(wikidata:Q34600)
坂本ですが?,Wikipedia由来,エリア,西宮市,坂本ですが?,Wikipedia(ja)のカテゴリ「西宮市を舞台とした作品」に属する,osm(wikidata:Q243853)
壬生義士伝,Wikipedia由来,エリア,京都市,壬生義士伝,Wikipedia(ja)のカテゴリ「京都市を舞台とした作品」に属する,osm(wikidata:Q34600)
夏のあらし!,Wikipedia由来,エリア,横浜市,夏のあらし!,Wikipedia(ja)のカテゴリ「横浜市を舞台とした作品」に属する,osm(wikidata:Q38283)
夏目友人帳,公式選定,エリア,熊本県,夏目友人帳,jawikiのカテゴリ「熊本県を舞台とした作品」に属する。点として特定できる記述が無いため代表点とした,osm(wikidata:Q130308)
多数欠,Wikipedia由来,エリア,杉並区,多数欠,Wikipedia(ja)のカテゴリ「杉並区を舞台とした作品」に属する,osm(wikidata:Q232631)
夜は短し歩けよ乙女,Wikipedia由来,エリア,京都市,夜は短し歩けよ乙女,Wikipedia(ja)のカテゴリ「京都市を舞台とした作品」に属する,osm(wikidata:Q34600)
夜行観覧車,Wikipedia由来,エリア,横浜市,夜行観覧車,Wikipedia(ja)のカテゴリ「横浜市を舞台とした作品」に属する,osm(wikidata:Q38283)
夢かもしんない,Wikipedia由来,エリア,杉並区,夢かもしんない,Wikipedia(ja)のカテゴリ「杉並区を舞台とした作品」に属する,osm(wikidata:Q232631)
夢見るメイドのティータイム,Wikipedia由来,エリア,名古屋市,夢見るメイドのティータイム,Wikipedia(ja)のカテゴリ「名古屋市を舞台とした作品」に属する,osm(wikidata:Q11751)
大奥,Wikipedia由来,エリア,中央区,大奥 (漫画),Wikipedia(ja)のカテゴリ「中央区を舞台とした作品」に属する,osm(名前一致)
大奥_2,Wikipedia由来,エリア,千代田区,大奥 (漫画),Wikipedia(ja)のカテゴリ「千代田区を舞台とした作品」に属する,osm(wikidata:Q214051)
大奥_3,Wikipedia由来,エリア,長崎市,大奥 (漫画),Wikipedia(ja)のカテゴリ「長崎市を舞台とした作品」に属する,osm(wikidata:Q38234)
大東京ビンボー生活マニュアル,Wikipedia由来,エリア,杉並区,大東京ビンボー生活マニュアル,Wikipedia(ja)のカテゴリ「杉並区を舞台とした作品」に属する,osm(wikidata:Q232631)
大東京鬼嫁伝,Wikipedia由来,エリア,中央区,大東京鬼嫁伝,Wikipedia(ja)のカテゴリ「中央区を舞台とした作品」に属する,osm(名前一致)
大正野球娘。,Wikipedia由来,エリア,港区,大正野球娘。,Wikipedia(ja)のカテゴリ「港区を舞台とした作品」に属する,osm(名前一致)
大阪豆ゴハン,Wikipedia由来,エリア,大阪市,大阪豆ゴハン,Wikipedia(ja)のカテゴリ「大阪市を舞台とした作品」に属する,osm(wikidata:Q35765)
大須のぶーちゃん,Wikipedia由来,エリア,名古屋市,大須のぶーちゃん,Wikipedia(ja)のカテゴリ「名古屋市を舞台とした作品」に属する,osm(wikidata:Q11751)
天体戦士サンレッド,Wikipedia由来,エリア,川崎市,天体戦士サンレッド,Wikipedia(ja)のカテゴリ「川崎市を舞台とした作品」に属する,osm(wikidata:Q164234)
天使のアッパーカット,Wikipedia由来,エリア,鎌倉市,天使のアッパーカット,Wikipedia(ja)のカテゴリ「鎌倉市を舞台とした作品」に属する,osm(wikidata:Q200267)
天才バカボン,Wikipedia由来,エリア,新宿区,天才バカボン,Wikipedia(ja)のカテゴリ「新宿区を舞台とした作品」に属する,osm(wikidata:Q179645)
夫婦以上、恋人未満。,Wikipedia由来,エリア,福岡市,夫婦以上、恋人未満。,Wikipedia(ja)のカテゴリ「福岡市を舞台とした作品」に属する,osm(wikidata:Q26600)
女子高生,Wikipedia由来,エリア,練馬区,女子高生 (漫画),Wikipedia(ja)のカテゴリ「練馬区を舞台とした作品」に属する,osm(wikidata:Q232655)
女子高生の無駄づかい,公式選定,エリア,埼玉県,女子高生の無駄づかい,jawikiのカテゴリ「埼玉県を舞台とした作品」に属する。点として特定できる記述が無いため代表点とした,osm(wikidata:Q128186)
姉、ちゃんとしようよっ!,Wikipedia由来,エリア,鎌倉市,姉、ちゃんとしようよっ!,Wikipedia(ja)のカテゴリ「鎌倉市を舞台とした作品」に属する,osm(wikidata:Q200267)
姉妹坂,Wikipedia由来,エリア,京都市,姉妹坂,Wikipedia(ja)のカテゴリ「京都市を舞台とした作品」に属する,osm(wikidata:Q34600)
宇宙よりも遠い場所,公式選定,エリア,群馬県,宇宙よりも遠い場所,jawikiのカテゴリ「群馬県を舞台とした作品」に属する。点として特定できる記述が無いため代表点とした,osm(wikidata:Q129499)
宇宙パトロールルル子,Wikipedia由来,エリア,杉並区,宇宙パトロールルル子,Wikipedia(ja)のカテゴリ「杉並区を舞台とした作品」に属する,osm(wikidata:Q232631)
宙のまにまに,Wikipedia由来,エリア,さいたま市,宙のまにまに,Wikipedia(ja)のカテゴリ「さいたま市を舞台とした作品」に属する,osm(wikidata:Q134635)
将太の寿司,Wikipedia由来,エリア,世田谷区,将太の寿司,Wikipedia(ja)のカテゴリ「世田谷区を舞台とした作品」に属する,osm(wikidata:Q231645)
小さな巨人 (テレビドラマ),Wikipedia由来,エリア,江東区,小さな巨人 (テレビドラマ),Wikipedia(ja)のカテゴリ「江東区を舞台とした作品」に属する,osm(wikidata:Q215175)
小さな巨人 (テレビドラマ)_2,Wikipedia由来,エリア,港区,小さな巨人 (テレビドラマ),Wikipedia(ja)のカテゴリ「港区を舞台とした作品」に属する,osm(名前一致)
小山荘のきらわれ者,Wikipedia由来,エリア,神戸市,小山荘のきらわれ者,Wikipedia(ja)のカテゴリ「神戸市を舞台とした作品」に属する,osm(wikidata:Q48320)
小田原観光大使になれるかな,Wikipedia由来,エリア,小田原市,小田原観光大使になれるかな,Wikipedia(ja)のカテゴリ「小田原市を舞台とした作品」に属する,osm(wikidata:Q267258)
少女ファイト,Wikipedia由来,エリア,練馬区,少女ファイト,Wikipedia(ja)のカテゴリ「練馬区を舞台とした作品」に属する,osm(wikidata:Q232655)
少年よギターを抱け,Wikipedia由来,エリア,札幌市,少年よギターを抱け,Wikipedia(ja)のカテゴリ「札幌市を舞台とした作品」に属する,osm(wikidata:Q37951)
少年陰陽師,Wikipedia由来,エリア,京都市,少年陰陽師,Wikipedia(ja)のカテゴリ「京都市を舞台とした作品」に属する,osm(wikidata:Q34600)
山田全自動の福岡暮らし,Wikipedia由来,エリア,福岡市,山田全自動の福岡暮らし,Wikipedia(ja)のカテゴリ「福岡市を舞台とした作品」に属する,osm(wikidata:Q26600)
岡崎に捧ぐ,Wikipedia由来,エリア,横浜市,岡崎に捧ぐ,Wikipedia(ja)のカテゴリ「横浜市を舞台とした作品」に属する,osm(wikidata:Q38283)
市立戦隊ダイテンジン,Wikipedia由来,エリア,福岡市,市立戦隊ダイテンジン,Wikipedia(ja)のカテゴリ「福岡市を舞台とした作品」に属する,osm(wikidata:Q26600)
帝一の國,Wikipedia由来,エリア,港区,帝一の國,Wikipedia(ja)のカテゴリ「港区を舞台とした作品」に属する,osm(名前一致)
幇間探偵しゃろく,Wikipedia由来,エリア,墨田区,幇間探偵しゃろく,Wikipedia(ja)のカテゴリ「墨田区を舞台とした作品」に属する,osm(wikidata:Q235135)
幕張,Wikipedia由来,エリア,千葉市,幕張 (漫画),Wikipedia(ja)のカテゴリ「千葉市を舞台とした作品」に属する,osm(wikidata:Q170616)
幕張サボテンキャンパス,Wikipedia由来,エリア,千葉市,幕張サボテンキャンパス,Wikipedia(ja)のカテゴリ「千葉市を舞台とした作品」に属する,osm(wikidata:Q170616)
幻魔大戦(新宿区),Wikipedia由来,エリア,新宿区,幻魔大戦 (映画),Wikipedia(ja)のカテゴリ「新宿区を舞台とした作品」に属する,osm(wikidata:Q179645)
幻魔大戦(武蔵野市),Wikipedia由来,エリア,武蔵野市,幻魔大戦 (映画),Wikipedia(ja)のカテゴリ「武蔵野市を舞台とした作品」に属する,osm(wikidata:Q210661)
広島さん、友達になってください,Wikipedia由来,エリア,広島市,広島さん、友達になってください,Wikipedia(ja)のカテゴリ「広島市を舞台とした作品」に属する,osm(wikidata:Q34664)
弁当屋さんのおもてなし,Wikipedia由来,エリア,札幌市,弁当屋さんのおもてなし,Wikipedia(ja)のカテゴリ「札幌市を舞台とした作品」に属する,osm(wikidata:Q37951)
弱虫ペダル,公式選定,エリア,千葉県,弱虫ペダル,jawikiのカテゴリ「千葉県を舞台とした作品」に属する。点として特定できる記述が無いため代表点とした,osm(wikidata:Q80011)
彼女、お借りします,Wikipedia由来,エリア,練馬区,彼女、お借りします,Wikipedia(ja)のカテゴリ「練馬区を舞台とした作品」に属する,osm(wikidata:Q232655)
彼氏彼女の事情,Wikipedia由来,エリア,川崎市,彼氏彼女の事情,Wikipedia(ja)のカテゴリ「川崎市を舞台とした作品」に属する,osm(wikidata:Q164234)
御茶ノ水ロック,Wikipedia由来,エリア,千代田区,御茶ノ水ロック,Wikipedia(ja)のカテゴリ「千代田区を舞台とした作品」に属する,osm(wikidata:Q214051)
心が叫びたがってるんだ。(大慈寺),公式選定,舞台,大慈寺,心が叫びたがってるんだ。,横瀬駅や大慈寺（秩父三十四箇所札所十番）など、秩父郡横瀬町の風景も多く登場する,osm(検索)※要目視
心が叫びたがってるんだ。(横瀬駅),公式選定,舞台,横瀬駅,心が叫びたがってるんだ。,横瀬駅や大慈寺（秩父三十四箇所札所十番）など、秩父郡横瀬町の風景も多く登場する,osm(wikidata:Q8016151)
忍者ハットリくん+パーマン 忍者怪獣ジッポウVSミラクル卵,Wikipedia由来,エリア,新宿区,忍者ハットリくん+パーマン 忍者怪獣ジッポウVSミラクル卵,Wikipedia(ja)のカテゴリ「新宿区を舞台とした作品」に属する,osm(wikidata:Q179645)
忘却シリーズ,Wikipedia由来,エリア,札幌市,忘却シリーズ,Wikipedia(ja)のカテゴリ「札幌市を舞台とした作品」に属する,osm(wikidata:Q37951)
応天の門,Wikipedia由来,エリア,京都市,応天の門,Wikipedia(ja)のカテゴリ「京都市を舞台とした作品」に属する,osm(wikidata:Q34600)
思い、思われ、ふり、ふられ,Wikipedia由来,エリア,神戸市,思い、思われ、ふり、ふられ,Wikipedia(ja)のカテゴリ「神戸市を舞台とした作品」に属する,osm(wikidata:Q48320)
恋と選挙とチョコレート,Wikipedia由来,エリア,江東区,恋と選挙とチョコレート,Wikipedia(ja)のカテゴリ「江東区を舞台とした作品」に属する,osm(wikidata:Q215175)
恋は雨上がりのように(川崎市),Wikipedia由来,エリア,川崎市,恋は雨上がりのように,Wikipedia(ja)のカテゴリ「川崎市を舞台とした作品」に属する,osm(wikidata:Q164234)
恋は雨上がりのように(横浜市),Wikipedia由来,エリア,横浜市,恋は雨上がりのように,Wikipedia(ja)のカテゴリ「横浜市を舞台とした作品」に属する,osm(wikidata:Q38283)
恋染紅葉,Wikipedia由来,エリア,鎌倉市,恋染紅葉,Wikipedia(ja)のカテゴリ「鎌倉市を舞台とした作品」に属する,osm(wikidata:Q200267)
悪魔のようなあいつ,Wikipedia由来,エリア,横浜市,悪魔のようなあいつ,Wikipedia(ja)のカテゴリ「横浜市を舞台とした作品」に属する,osm(wikidata:Q38283)
惡の華,Wikipedia由来,エリア,さいたま市,惡の華,Wikipedia(ja)のカテゴリ「さいたま市を舞台とした作品」に属する,osm(wikidata:Q134635)
愛のアランフェス,Wikipedia由来,エリア,新宿区,愛のアランフェス,Wikipedia(ja)のカテゴリ「新宿区を舞台とした作品」に属する,osm(wikidata:Q179645)
成瀬は天下を取りにいく,Wikipedia由来,エリア,大津市,成瀬は天下を取りにいく,Wikipedia(ja)のカテゴリ「大津市を舞台とした作品」に属する,osm(wikidata:Q202907)
探偵オペラ ミルキィホームズ,Wikipedia由来,エリア,横浜市,探偵オペラ ミルキィホームズ (アニメ),Wikipedia(ja)のカテゴリ「横浜市を舞台とした作品」に属する,osm(wikidata:Q38283)
探偵オペラ ミルキィホームズ 2,Wikipedia由来,エリア,横浜市,探偵オペラ ミルキィホームズ 2 (漫画),Wikipedia(ja)のカテゴリ「横浜市を舞台とした作品」に属する,osm(wikidata:Q38283)
探偵オペラ ミルキィホームズ on stage!,Wikipedia由来,エリア,横浜市,探偵オペラ ミルキィホームズ on stage!,Wikipedia(ja)のカテゴリ「横浜市を舞台とした作品」に属する,osm(wikidata:Q38283)
探偵事務所5,Wikipedia由来,エリア,川崎市,探偵事務所5,Wikipedia(ja)のカテゴリ「川崎市を舞台とした作品」に属する,osm(wikidata:Q164234)
推しが武道館いってくれたら死ぬ,公式選定,エリア,岡山市,推しが武道館いってくれたら死ぬ,jawikiのカテゴリ「岡山市を舞台とした作品」に属する。点として特定できる記述が無いため代表点とした,osm(wikidata:Q200078)
推しが死んだ朝,Wikipedia由来,エリア,川崎市,推しが死んだ朝,Wikipedia(ja)のカテゴリ「川崎市を舞台とした作品」に属する,osm(wikidata:Q164234)
放課後ていぼう日誌(佐敷駅),公式選定,モデル,佐敷駅,放課後ていぼう日誌,「三敷駅」「山浦駅」のモデルとなった佐敷駅や海浦駅,osm(wikidata:Q10885935)
放課後ていぼう日誌(海浦駅),公式選定,モデル,海浦駅,放課後ていぼう日誌,「三敷駅」「山浦駅」のモデルとなった佐敷駅や海浦駅,osm(wikidata:Q11559047)
教師諸君!!,Wikipedia由来,エリア,鎌倉市,教師諸君!!,Wikipedia(ja)のカテゴリ「鎌倉市を舞台とした作品」に属する,osm(wikidata:Q200267)
数字であそぼ。,Wikipedia由来,エリア,京都市,数字であそぼ。,Wikipedia(ja)のカテゴリ「京都市を舞台とした作品」に属する,osm(wikidata:Q34600)
文豪の食彩,Wikipedia由来,エリア,江東区,文豪の食彩,Wikipedia(ja)のカテゴリ「江東区を舞台とした作品」に属する,osm(wikidata:Q215175)
文豪ストレイドッグス,公式選定,エリア,横浜市,文豪ストレイドッグス,jawikiのカテゴリ「横浜市を舞台とした作品」に属する。点として特定できる記述が無いため代表点とした,osm(wikidata:Q38283)
新しい上司はど天然,Wikipedia由来,エリア,渋谷区,新しい上司はど天然,Wikipedia(ja)のカテゴリ「渋谷区を舞台とした作品」に属する,osm(wikidata:Q193638)
新世紀エヴァンゲリオン,公式選定,エリア,箱根町,アニメツーリズム協会,jawiki「アニメツーリズム協会」の2018年度版選定地リストで神奈川県箱根町が選定地,osm(wikidata:Q671040)
新幹線変形ロボ シンカリオン,Wikipedia由来,エリア,さいたま市,新幹線変形ロボ シンカリオン,Wikipedia(ja)のカテゴリ「さいたま市を舞台とした作品」に属する,osm(wikidata:Q134635)
日和ちゃんのお願いは絶対,Wikipedia由来,エリア,尾道市,日和ちゃんのお願いは絶対,Wikipedia(ja)のカテゴリ「尾道市を舞台とした作品」に属する,osm(wikidata:Q696694)
星屑テレパス,Wikipedia由来,エリア,静岡市,星屑テレパス,Wikipedia(ja)のカテゴリ「静岡市を舞台とした作品」に属する,osm(wikidata:Q174691)
星空のカラス,Wikipedia由来,エリア,千代田区,星空のカラス,Wikipedia(ja)のカテゴリ「千代田区を舞台とした作品」に属する,osm(wikidata:Q214051)
春琴抄,Wikipedia由来,エリア,大阪市,春琴抄,Wikipedia(ja)のカテゴリ「大阪市を舞台とした作品」に属する,osm(wikidata:Q35765)
時空の旅人,Wikipedia由来,エリア,京都市,時空の旅人,Wikipedia(ja)のカテゴリ「京都市を舞台とした作品」に属する,osm(wikidata:Q34600)
曇天に笑う,Wikipedia由来,エリア,大津市,曇天に笑う,Wikipedia(ja)のカテゴリ「大津市を舞台とした作品」に属する,osm(wikidata:Q202907)
最強の詩,Wikipedia由来,エリア,福岡市,最強の詩,Wikipedia(ja)のカテゴリ「福岡市を舞台とした作品」に属する,osm(wikidata:Q26600)
最終兵器彼女,Wikipedia由来,エリア,札幌市,最終兵器彼女,Wikipedia(ja)のカテゴリ「札幌市を舞台とした作品」に属する,osm(wikidata:Q37951)
月がきれい,公式選定,エリア,川越市,月がきれい,jawikiのカテゴリ「川越市を舞台とした作品」に属する。点として特定できる記述が無いため代表点とした,osm(wikidata:Q319740)
月下の棋士,Wikipedia由来,エリア,渋谷区,月下の棋士,Wikipedia(ja)のカテゴリ「渋谷区を舞台とした作品」に属する,osm(wikidata:Q193638)
月下の棋士_2,Wikipedia由来,エリア,神戸市,月下の棋士,Wikipedia(ja)のカテゴリ「神戸市を舞台とした作品」に属する,osm(wikidata:Q48320)
月面兎兵器ミーナ,Wikipedia由来,エリア,中央区,月面兎兵器ミーナ,Wikipedia(ja)のカテゴリ「中央区を舞台とした作品」に属する,osm(名前一致)
有頂天家族,Wikipedia由来,エリア,京都市,有頂天家族,Wikipedia(ja)のカテゴリ「京都市を舞台とした作品」に属する,osm(wikidata:Q34600)
札幌乙女ごはん。,Wikipedia由来,エリア,札幌市,札幌乙女ごはん。,Wikipedia(ja)のカテゴリ「札幌市を舞台とした作品」に属する,osm(wikidata:Q37951)
東京マグニチュード8.0,Wikipedia由来,エリア,世田谷区,東京マグニチュード8.0,Wikipedia(ja)のカテゴリ「世田谷区を舞台とした作品」に属する,osm(wikidata:Q231645)
東京大学物語,Wikipedia由来,エリア,函館市,東京大学物語,Wikipedia(ja)のカテゴリ「函館市を舞台とした作品」に属する,osm(wikidata:Q26418)
東京大学物語_2,Wikipedia由来,エリア,文京区,東京大学物語,Wikipedia(ja)のカテゴリ「文京区を舞台とした作品」に属する,osm(wikidata:Q212713)
東京物語,Wikipedia由来,エリア,横浜市,東京物語 (漫画),Wikipedia(ja)のカテゴリ「横浜市を舞台とした作品」に属する,osm(wikidata:Q38283)
東京自転車少女。,Wikipedia由来,エリア,練馬区,東京自転車少女。,Wikipedia(ja)のカテゴリ「練馬区を舞台とした作品」に属する,osm(wikidata:Q232655)
果てしなき渇き,Wikipedia由来,エリア,さいたま市,果てしなき渇き,Wikipedia(ja)のカテゴリ「さいたま市を舞台とした作品」に属する,osm(wikidata:Q134635)
株式会社マジルミエ,Wikipedia由来,エリア,横浜市,株式会社マジルミエ,Wikipedia(ja)のカテゴリ「横浜市を舞台とした作品」に属する,osm(wikidata:Q38283)
桃源暗鬼,Wikipedia由来,エリア,京都市,桃源暗鬼,Wikipedia(ja)のカテゴリ「京都市を舞台とした作品」に属する,osm(wikidata:Q34600)
桜井芽衣の作り方,Wikipedia由来,エリア,尾道市,桜井芽衣の作り方,Wikipedia(ja)のカテゴリ「尾道市を舞台とした作品」に属する,osm(wikidata:Q696694)
桜蘭高校ホスト部,Wikipedia由来,エリア,文京区,桜蘭高校ホスト部,Wikipedia(ja)のカテゴリ「文京区を舞台とした作品」に属する,osm(wikidata:Q212713)
森はなに色,Wikipedia由来,エリア,横浜市,森はなに色,Wikipedia(ja)のカテゴリ「横浜市を舞台とした作品」に属する,osm(wikidata:Q38283)
極悪がんぼ,Wikipedia由来,エリア,広島市,極悪がんぼ,Wikipedia(ja)のカテゴリ「広島市を舞台とした作品」に属する,osm(wikidata:Q34664)
模型戦士ガンプラビルダーズ ビギニングG,Wikipedia由来,エリア,静岡市,模型戦士ガンプラビルダーズ ビギニングG,Wikipedia(ja)のカテゴリ「静岡市を舞台とした作品」に属する,osm(wikidata:Q174691)
横浜ばっくれ隊,Wikipedia由来,エリア,横浜市,横浜ばっくれ隊,Wikipedia(ja)のカテゴリ「横浜市を舞台とした作品」に属する,osm(wikidata:Q38283)
横浜物語,Wikipedia由来,エリア,横浜市,横浜物語,Wikipedia(ja)のカテゴリ「横浜市を舞台とした作品」に属する,osm(wikidata:Q38283)
機械人形ナナミちゃん,Wikipedia由来,エリア,練馬区,機械人形ナナミちゃん,Wikipedia(ja)のカテゴリ「練馬区を舞台とした作品」に属する,osm(wikidata:Q232655)
毎日かあさん,Wikipedia由来,エリア,武蔵野市,毎日かあさん,Wikipedia(ja)のカテゴリ「武蔵野市を舞台とした作品」に属する,osm(wikidata:Q210661)
氷菓,公式選定,エリア,高山市,氷菓 (小説),高山市の記事に「TVアニメ版の作品に登場した街並みが当市と京都府をモデルとしている」とある,osm(wikidata:Q622594)
永久のユウグレ,Wikipedia由来,エリア,函館市,永久のユウグレ,Wikipedia(ja)のカテゴリ「函館市を舞台とした作品」に属する,osm(wikidata:Q26418)
永沢君,Wikipedia由来,エリア,静岡市,永沢君,Wikipedia(ja)のカテゴリ「静岡市を舞台とした作品」に属する,osm(wikidata:Q174691)
永遠の詩,Wikipedia由来,エリア,横浜市,永遠の詩 (漫画),Wikipedia(ja)のカテゴリ「横浜市を舞台とした作品」に属する,osm(wikidata:Q38283)
江 姫たちの戦国,Wikipedia由来,エリア,大阪市,江 姫たちの戦国 (小説),Wikipedia(ja)のカテゴリ「大阪市を舞台とした作品」に属する,osm(wikidata:Q35765)
江戸前エルフ,公式選定,エリア,月島,江戸前エルフ,jawikiのカテゴリ「月島を舞台とした作品」に属する。点として特定できる記述が無いため代表点とした,osm(wikidata:Q1048979)
沖縄で好きになった子が方言すぎてツラすぎる,公式選定,エリア,沖縄県,沖縄で好きになった子が方言すぎてツラすぎる,jawikiのカテゴリ「沖縄県を舞台とした作品」に属する。点として特定できる記述が無いため代表点とした,osm(wikidata:Q766445)
波よ聞いてくれ,Wikipedia由来,エリア,札幌市,波よ聞いてくれ,Wikipedia(ja)のカテゴリ「札幌市を舞台とした作品」に属する,osm(wikidata:Q37951)
泣くようぐいす,Wikipedia由来,エリア,千葉市,泣くようぐいす,Wikipedia(ja)のカテゴリ「千葉市を舞台とした作品」に属する,osm(wikidata:Q170616)
浦和の調ちゃん,Wikipedia由来,エリア,さいたま市,浦和の調ちゃん,Wikipedia(ja)のカテゴリ「さいたま市を舞台とした作品」に属する,osm(wikidata:Q134635)
海よりも深く,Wikipedia由来,エリア,札幌市,海よりも深く,Wikipedia(ja)のカテゴリ「札幌市を舞台とした作品」に属する,osm(wikidata:Q37951)
海街diary,Wikipedia由来,エリア,鎌倉市,海街diary,Wikipedia(ja)のカテゴリ「鎌倉市を舞台とした作品」に属する,osm(wikidata:Q200267)
涼宮ハルヒの憂鬱,Wikipedia由来,エリア,西宮市,涼宮ハルヒの憂鬱 (アニメ),Wikipedia(ja)のカテゴリ「西宮市を舞台とした作品」に属する,osm(wikidata:Q243853)
涼宮ハルヒシリーズ(甲陽園駅),公式選定,モデル,甲陽園駅,涼宮ハルヒシリーズ,モデルは阪急甲陽線甲陽園駅とされ、アニメ版のロケハンが同駅周辺でも行われた,osm(wikidata:Q6455342)
涼宮ハルヒシリーズ(西宮北口駅),公式選定,モデル,西宮北口駅,涼宮ハルヒシリーズ,モデルは阪急神戸本線今津線の西宮北口駅（北西口）とされ、アニメ版のロケハンも現地で行われた,osm(wikidata:Q7040671)
淀川ベルトコンベア・ガール,Wikipedia由来,エリア,大阪市,淀川ベルトコンベア・ガール,Wikipedia(ja)のカテゴリ「大阪市を舞台とした作品」に属する,osm(wikidata:Q35765)
源平伝NEO,Wikipedia由来,エリア,鎌倉市,源平伝NEO,Wikipedia(ja)のカテゴリ「鎌倉市を舞台とした作品」に属する,osm(wikidata:Q200267)
源氏物語千年紀 Genji,Wikipedia由来,エリア,京都市,源氏物語千年紀 Genji,Wikipedia(ja)のカテゴリ「京都市を舞台とした作品」に属する,osm(wikidata:Q34600)
潮が舞い子が舞い,Wikipedia由来,エリア,神戸市,潮が舞い子が舞い,Wikipedia(ja)のカテゴリ「神戸市を舞台とした作品」に属する,osm(wikidata:Q48320)
火垂るの墓,Wikipedia由来,エリア,西宮市,火垂るの墓,Wikipedia(ja)のカテゴリ「西宮市を舞台とした作品」に属する,osm(wikidata:Q243853)
炎の闘球児 ドッジ弾平,Wikipedia由来,エリア,鎌倉市,炎の闘球児 ドッジ弾平,Wikipedia(ja)のカテゴリ「鎌倉市を舞台とした作品」に属する,osm(wikidata:Q200267)
無明逆流れ,Wikipedia由来,エリア,静岡市,無明逆流れ,Wikipedia(ja)のカテゴリ「静岡市を舞台とした作品」に属する,osm(wikidata:Q174691)
煙と蜜,Wikipedia由来,エリア,名古屋市,煙と蜜,Wikipedia(ja)のカテゴリ「名古屋市を舞台とした作品」に属する,osm(wikidata:Q11751)
燃える仏像人間,Wikipedia由来,エリア,京都市,燃える仏像人間,Wikipedia(ja)のカテゴリ「京都市を舞台とした作品」に属する,osm(wikidata:Q34600)
犬王,Wikipedia由来,エリア,京都市,犬王 (映画),Wikipedia(ja)のカテゴリ「京都市を舞台とした作品」に属する,osm(wikidata:Q34600)
独身アパートどくだみ荘,Wikipedia由来,エリア,杉並区,独身アパートどくだみ荘,Wikipedia(ja)のカテゴリ「杉並区を舞台とした作品」に属する,osm(wikidata:Q232631)
猛き黄金の国,Wikipedia由来,エリア,長崎市,猛き黄金の国,Wikipedia(ja)のカテゴリ「長崎市を舞台とした作品」に属する,osm(wikidata:Q38234)
玄椿,Wikipedia由来,エリア,京都市,玄椿,Wikipedia(ja)のカテゴリ「京都市を舞台とした作品」に属する,osm(wikidata:Q34600)
玄椿_2,Wikipedia由来,エリア,新宿区,玄椿,Wikipedia(ja)のカテゴリ「新宿区を舞台とした作品」に属する,osm(wikidata:Q179645)
王都妖奇譚,Wikipedia由来,エリア,京都市,王都妖奇譚,Wikipedia(ja)のカテゴリ「京都市を舞台とした作品」に属する,osm(wikidata:Q34600)
珈琲店タレーランの事件簿,Wikipedia由来,エリア,京都市,珈琲店タレーランの事件簿,Wikipedia(ja)のカテゴリ「京都市を舞台とした作品」に属する,osm(wikidata:Q34600)
琥珀の夢で酔いましょう,Wikipedia由来,エリア,京都市,琥珀の夢で酔いましょう,Wikipedia(ja)のカテゴリ「京都市を舞台とした作品」に属する,osm(wikidata:Q34600)
生徒会の一存,Wikipedia由来,エリア,札幌市,生徒会の一存,Wikipedia(ja)のカテゴリ「札幌市を舞台とした作品」に属する,osm(wikidata:Q37951)
甲子園へ行こう!,Wikipedia由来,エリア,鎌倉市,甲子園へ行こう!,Wikipedia(ja)のカテゴリ「鎌倉市を舞台とした作品」に属する,osm(wikidata:Q200267)
男おいどん,Wikipedia由来,エリア,文京区,男おいどん,Wikipedia(ja)のカテゴリ「文京区を舞台とした作品」に属する,osm(wikidata:Q212713)
男の約束,Wikipedia由来,エリア,札幌市,男の約束,Wikipedia(ja)のカテゴリ「札幌市を舞台とした作品」に属する,osm(wikidata:Q37951)
男女の友情は成立する?（いや、しないっ!!）,公式選定,エリア,宮崎県,男女の友情は成立する?（いや、しないっ!!）,jawikiのカテゴリ「宮崎県を舞台とした作品」に属する。点として特定できる記述が無いため代表点とした,osm(wikidata:Q130300)
疾風伝説 特攻の拓,Wikipedia由来,エリア,横浜市,疾風伝説 特攻の拓,Wikipedia(ja)のカテゴリ「横浜市を舞台とした作品」に属する,osm(wikidata:Q38283)
白い砂のアクアトープ,公式選定,エリア,沖縄県,白い砂のアクアトープ,jawikiのカテゴリ「沖縄県を舞台とした作品」に属する。点として特定できる記述が無いため代表点とした,osm(wikidata:Q766445)
看護助手のナナちゃん,Wikipedia由来,エリア,広島市,看護助手のナナちゃん,Wikipedia(ja)のカテゴリ「広島市を舞台とした作品」に属する,osm(wikidata:Q34664)
真夜中のオカルト公務員,Wikipedia由来,エリア,新宿区,真夜中のオカルト公務員,Wikipedia(ja)のカテゴリ「新宿区を舞台とした作品」に属する,osm(wikidata:Q179645)
真夜中ハートチューン,Wikipedia由来,エリア,千葉市,真夜中ハートチューン,Wikipedia(ja)のカテゴリ「千葉市を舞台とした作品」に属する,osm(wikidata:Q170616)
瞳のカトブレパス,Wikipedia由来,エリア,京都市,瞳のカトブレパス,Wikipedia(ja)のカテゴリ「京都市を舞台とした作品」に属する,osm(wikidata:Q34600)
瞳のフォトグラフ,Wikipedia由来,エリア,名古屋市,瞳のフォトグラフ,Wikipedia(ja)のカテゴリ「名古屋市を舞台とした作品」に属する,osm(wikidata:Q11751)
社畜! 修羅コーサク,Wikipedia由来,エリア,福岡市,社畜! 修羅コーサク,Wikipedia(ja)のカテゴリ「福岡市を舞台とした作品」に属する,osm(wikidata:Q26600)
神戸在住,Wikipedia由来,エリア,神戸市,神戸在住,Wikipedia(ja)のカテゴリ「神戸市を舞台とした作品」に属する,osm(wikidata:Q48320)
神様がくれた背番号,Wikipedia由来,エリア,大阪市,神様がくれた背番号,Wikipedia(ja)のカテゴリ「大阪市を舞台とした作品」に属する,osm(wikidata:Q35765)
神様がくれた背番号_2,Wikipedia由来,エリア,西宮市,神様がくれた背番号,Wikipedia(ja)のカテゴリ「西宮市を舞台とした作品」に属する,osm(wikidata:Q243853)
神様はじめました,公式選定,エリア,川越市,神様はじめました,jawikiのカテゴリ「川越市を舞台とした作品」に属する。点として特定できる記述が無いため代表点とした,osm(wikidata:Q319740)
神様家族,Wikipedia由来,エリア,世田谷区,神様家族,Wikipedia(ja)のカテゴリ「世田谷区を舞台とした作品」に属する,osm(wikidata:Q231645)
福家堂本舗,Wikipedia由来,エリア,京都市,福家堂本舗,Wikipedia(ja)のカテゴリ「京都市を舞台とした作品」に属する,osm(wikidata:Q34600)
私がモテないのはどう考えてもお前らが悪い!,Wikipedia由来,エリア,千葉市,私がモテないのはどう考えてもお前らが悪い!,Wikipedia(ja)のカテゴリ「千葉市を舞台とした作品」に属する,osm(wikidata:Q170616)
私たちはどうかしている,Wikipedia由来,エリア,金沢市,私たちはどうかしている,Wikipedia(ja)のカテゴリ「金沢市を舞台とした作品」に属する,osm(wikidata:Q191130)
私を喰べたい、ひとでなし,公式選定,エリア,愛媛県,私を喰べたい、ひとでなし,jawikiのカテゴリ「愛媛県を舞台とした作品」に属する。点として特定できる記述が無いため代表点とした,osm(wikidata:Q123376)
秒速5センチメートル,公式選定,舞台,岩舟駅,秒速5センチメートル,「桜花抄」の舞台、映画のポスターにもなった岩舟駅前,osm(wikidata:Q11475586)
秘密結社鷹の爪,Wikipedia由来,エリア,千代田区,秘密結社鷹の爪,Wikipedia(ja)のカテゴリ「千代田区を舞台とした作品」に属する,osm(wikidata:Q214051)
究極超人あ〜る,Wikipedia由来,エリア,練馬区,究極超人あ〜る,Wikipedia(ja)のカテゴリ「練馬区を舞台とした作品」に属する,osm(wikidata:Q232655)
空の青さを知る人よ,公式選定,エリア,埼玉県,空の青さを知る人よ,jawikiのカテゴリ「埼玉県を舞台とした作品」に属する。点として特定できる記述が無いため代表点とした,osm(wikidata:Q128186)
竜とそばかすの姫,公式選定,エリア,東京都,竜とそばかすの姫,jawikiのカテゴリ「東京都を舞台とした作品」に属する。点として特定できる記述が無いため代表点とした,osm(wikidata:Q1490)
築地魚河岸三代目,Wikipedia由来,エリア,中央区,築地魚河岸三代目,Wikipedia(ja)のカテゴリ「中央区を舞台とした作品」に属する,osm(名前一致)
紅匂ふ,Wikipedia由来,エリア,京都市,紅匂ふ,Wikipedia(ja)のカテゴリ「京都市を舞台とした作品」に属する,osm(wikidata:Q34600)
紫雲寺家の子供たち,Wikipedia由来,エリア,世田谷区,紫雲寺家の子供たち,Wikipedia(ja)のカテゴリ「世田谷区を舞台とした作品」に属する,osm(wikidata:Q231645)
結城友奈は勇者である,公式選定,エリア,観音寺市,結城友奈は勇者である,jawikiのカテゴリ「観音寺市を舞台とした作品」に属する。点として特定できる記述が無いため代表点とした,osm(wikidata:Q861270)
絶対ナル孤独者,Wikipedia由来,エリア,さいたま市,絶対ナル孤独者,Wikipedia(ja)のカテゴリ「さいたま市を舞台とした作品」に属する,osm(wikidata:Q134635)
絶対少年,Wikipedia由来,エリア,横浜市,絶対少年,Wikipedia(ja)のカテゴリ「横浜市を舞台とした作品」に属する,osm(wikidata:Q38283)
継母の連れ子が元カノだった,Wikipedia由来,エリア,京都市,継母の連れ子が元カノだった,Wikipedia(ja)のカテゴリ「京都市を舞台とした作品」に属する,osm(wikidata:Q34600)
練馬大根ブラザーズ,Wikipedia由来,エリア,練馬区,練馬大根ブラザーズ,Wikipedia(ja)のカテゴリ「練馬区を舞台とした作品」に属する,osm(wikidata:Q232655)
美人姉妹シリーズ,Wikipedia由来,エリア,札幌市,美人姉妹シリーズ,Wikipedia(ja)のカテゴリ「札幌市を舞台とした作品」に属する,osm(wikidata:Q37951)
美代子阿佐ヶ谷気分,Wikipedia由来,エリア,杉並区,美代子阿佐ヶ谷気分,Wikipedia(ja)のカテゴリ「杉並区を舞台とした作品」に属する,osm(wikidata:Q232631)
美味しんぼ,Wikipedia由来,エリア,中央区,美味しんぼ,Wikipedia(ja)のカテゴリ「中央区を舞台とした作品」に属する,osm(名前一致)
美少女戦士セーラームーン,Wikipedia由来,エリア,港区,美少女戦士セーラームーン,Wikipedia(ja)のカテゴリ「港区を舞台とした作品」に属する,osm(名前一致)
群青,Wikipedia由来,エリア,鎌倉市,群青 (漫画),Wikipedia(ja)のカテゴリ「鎌倉市を舞台とした作品」に属する,osm(wikidata:Q200267)
聖☆おにいさん,Wikipedia由来,エリア,立川市,聖☆おにいさん,Wikipedia(ja)のカテゴリ「立川市を舞台とした作品」に属する,osm(wikidata:Q269634)
聖・ドラゴンガール,Wikipedia由来,エリア,横浜市,聖・ドラゴンガール,Wikipedia(ja)のカテゴリ「横浜市を舞台とした作品」に属する,osm(wikidata:Q38283)
腕 -駿河城御前試合-,Wikipedia由来,エリア,静岡市,腕 -駿河城御前試合-,Wikipedia(ja)のカテゴリ「静岡市を舞台とした作品」に属する,osm(wikidata:Q174691)
臨死!!江古田ちゃん,Wikipedia由来,エリア,練馬区,臨死!!江古田ちゃん,Wikipedia(ja)のカテゴリ「練馬区を舞台とした作品」に属する,osm(wikidata:Q232655)
舞妓さんちのまかないさん,Wikipedia由来,エリア,京都市,舞妓さんちのまかないさん,Wikipedia(ja)のカテゴリ「京都市を舞台とした作品」に属する,osm(wikidata:Q34600)
色づく世界の明日から,公式選定,エリア,長崎市,色づく世界の明日から,jawikiのカテゴリ「長崎市を舞台とした作品」に属する。点として特定できる記述が無いため代表点とした,osm(wikidata:Q38234)
花咲くいろは(湯涌温泉),公式選定,モデル,湯涌温泉,花咲くいろは,ぼんぼり祭りは、湯乃鷺温泉のモデルとなった湯涌温泉にて同温泉観光協会の主催で再現されることとなった,osm(検索)※要目視
花咲くいろは(西岸駅),公式選定,モデル,西岸駅,花咲くいろは,モデルとなった西岸駅には「湯乃鷺駅」の駅名標が設置されている,osm(wikidata:Q8189152)
花嫁のれん (2010年のテレビドラマ),Wikipedia由来,エリア,金沢市,花嫁のれん (2010年のテレビドラマ),Wikipedia(ja)のカテゴリ「金沢市を舞台とした作品」に属する,osm(wikidata:Q191130)
花衣夢衣,Wikipedia由来,エリア,金沢市,花衣夢衣,Wikipedia(ja)のカテゴリ「金沢市を舞台とした作品」に属する,osm(wikidata:Q191130)
草子ブックガイド,Wikipedia由来,エリア,杉並区,草子ブックガイド,Wikipedia(ja)のカテゴリ「杉並区を舞台とした作品」に属する,osm(wikidata:Q232631)
菜,Wikipedia由来,エリア,鎌倉市,菜 (漫画),Wikipedia(ja)のカテゴリ「鎌倉市を舞台とした作品」に属する,osm(wikidata:Q200267)
菜なれ花なれ(舒林寺),公式選定,モデル,舒林寺,菜なれ花なれ,沼田市にある「舒林寺」がモデルとなっており、放送後には多くのファンが訪れた,osm(名前一致)
菜なれ花なれ(高崎中央銀座商店街),公式選定,取材,高崎中央銀座商店街,菜なれ花なれ,高崎市では高崎中央銀座商店街などでロケハンが行われた,jawiki
華中華,Wikipedia由来,エリア,横浜市,華中華,Wikipedia(ja)のカテゴリ「横浜市を舞台とした作品」に属する,osm(wikidata:Q38283)
蒲田魔女,Wikipedia由来,エリア,大田区,蒲田魔女,Wikipedia(ja)のカテゴリ「大田区を舞台とした作品」に属する,osm(wikidata:Q217234)
蒼の彼方のフォーリズム,公式選定,モデル,五島列島,蒼の彼方のフォーリズム,作品舞台の島々は五島列島をモデルにしている,osm(wikidata:Q1333790)
蒼穹のファフナー,公式選定,エリア,尾道市,蒼穹のファフナー,作品記事に「島の町並みのモデルは広島県の尾道市や福山市」とある,osm(wikidata:Q696694)
薔薇のために,Wikipedia由来,エリア,札幌市,薔薇のために,Wikipedia(ja)のカテゴリ「札幌市を舞台とした作品」に属する,osm(wikidata:Q37951)
藍より青し,Wikipedia由来,エリア,豊島区,藍より青し,Wikipedia(ja)のカテゴリ「豊島区を舞台とした作品」に属する,osm(wikidata:Q236680)
虹を呼ぶ男,Wikipedia由来,エリア,渋谷区,虹を呼ぶ男,Wikipedia(ja)のカテゴリ「渋谷区を舞台とした作品」に属する,osm(wikidata:Q193638)
裸足でバラを踏め,Wikipedia由来,エリア,横浜市,裸足でバラを踏め,Wikipedia(ja)のカテゴリ「横浜市を舞台とした作品」に属する,osm(wikidata:Q38283)
西荻窪 三ツ星洋酒堂,Wikipedia由来,エリア,杉並区,西荻窪 三ツ星洋酒堂,Wikipedia(ja)のカテゴリ「杉並区を舞台とした作品」に属する,osm(wikidata:Q232631)
覆面系ノイズ,Wikipedia由来,エリア,鎌倉市,覆面系ノイズ,Wikipedia(ja)のカテゴリ「鎌倉市を舞台とした作品」に属する,osm(wikidata:Q200267)
詩歌川百景,Wikipedia由来,エリア,鎌倉市,詩歌川百景,Wikipedia(ja)のカテゴリ「鎌倉市を舞台とした作品」に属する,osm(wikidata:Q200267)
負けヒロインが多すぎる!,公式選定,エリア,豊橋市,負けヒロインが多すぎる!,jawikiのカテゴリ「豊橋市を舞台とした作品」に属する。点として特定できる記述が無いため代表点とした,osm(wikidata:Q336431)
赤い屋根のポプラ荘,Wikipedia由来,エリア,札幌市,赤い屋根のポプラ荘,Wikipedia(ja)のカテゴリ「札幌市を舞台とした作品」に属する,osm(wikidata:Q37951)
赤き血のイレブン,Wikipedia由来,エリア,さいたま市,赤き血のイレブン,Wikipedia(ja)のカテゴリ「さいたま市を舞台とした作品」に属する,osm(wikidata:Q134635)
赤菱のイレブン,Wikipedia由来,エリア,さいたま市,赤菱のイレブン,Wikipedia(ja)のカテゴリ「さいたま市を舞台とした作品」に属する,osm(wikidata:Q134635)
超かぐや姫!,Wikipedia由来,エリア,立川市,超かぐや姫!,Wikipedia(ja)のカテゴリ「立川市を舞台とした作品」に属する,osm(wikidata:Q269634)
超ぽじてぃぶ! ファイターズ,Wikipedia由来,エリア,札幌市,超ぽじてぃぶ! ファイターズ,Wikipedia(ja)のカテゴリ「札幌市を舞台とした作品」に属する,osm(wikidata:Q37951)
超速変形ジャイロゼッター,Wikipedia由来,エリア,横浜市,超速変形ジャイロゼッター,Wikipedia(ja)のカテゴリ「横浜市を舞台とした作品」に属する,osm(wikidata:Q38283)
路地恋花,Wikipedia由来,エリア,京都市,路地恋花,Wikipedia(ja)のカテゴリ「京都市を舞台とした作品」に属する,osm(wikidata:Q34600)
辣韮の皮〜萌えろ!杜の宮高校漫画研究部〜,Wikipedia由来,エリア,仙台市,辣韮の皮〜萌えろ!杜の宮高校漫画研究部〜,Wikipedia(ja)のカテゴリ「仙台市を舞台とした作品」に属する,osm(wikidata:Q46747)
透明な夜に駆ける君と、目に見えない恋をした。,Wikipedia由来,エリア,中央区,透明な夜に駆ける君と、目に見えない恋をした。,Wikipedia(ja)のカテゴリ「中央区を舞台とした作品」に属する,osm(名前一致)
透明な夜に駆ける君と、目に見えない恋をした。_2,Wikipedia由来,エリア,江東区,透明な夜に駆ける君と、目に見えない恋をした。,Wikipedia(ja)のカテゴリ「江東区を舞台とした作品」に属する,osm(wikidata:Q215175)
逮捕しちゃうぞ,Wikipedia由来,エリア,墨田区,逮捕しちゃうぞ,Wikipedia(ja)のカテゴリ「墨田区を舞台とした作品」に属する,osm(wikidata:Q235135)
進撃の巨人,公式選定,施設,大山ダム,アニメツーリズム協会(選定地の名称のみ),日田市の大山ダムに進撃の巨人の主要キャラクターの銅像が設置されている,jawiki
邪神ちゃんドロップキック,Wikipedia由来,エリア,千代田区,邪神ちゃんドロップキック,Wikipedia(ja)のカテゴリ「千代田区を舞台とした作品」に属する,osm(wikidata:Q214051)
野望の王国,Wikipedia由来,エリア,川崎市,野望の王国,Wikipedia(ja)のカテゴリ「川崎市を舞台とした作品」に属する,osm(wikidata:Q164234)
金沢シャッターガール,Wikipedia由来,エリア,金沢市,金沢シャッターガール,Wikipedia(ja)のカテゴリ「金沢市を舞台とした作品」に属する,osm(wikidata:Q191130)
金色のコルダ,Wikipedia由来,エリア,横浜市,金色のコルダ,Wikipedia(ja)のカテゴリ「横浜市を舞台とした作品」に属する,osm(wikidata:Q38283)
釣りキチ三平,公式選定,エリア,横手市,釣りキチ三平,jawikiのカテゴリ「横手市を舞台とした作品」に属する。点として特定できる記述が無いため代表点とした,osm(wikidata:Q496479)
鉄腕バーディー,Wikipedia由来,エリア,練馬区,鉄腕バーディー,Wikipedia(ja)のカテゴリ「練馬区を舞台とした作品」に属する,osm(wikidata:Q232655)
鉄腕ブレイク,Wikipedia由来,エリア,札幌市,鉄腕ブレイク,Wikipedia(ja)のカテゴリ「札幌市を舞台とした作品」に属する,osm(wikidata:Q37951)
銀の鬼,Wikipedia由来,エリア,京都市,銀の鬼,Wikipedia(ja)のカテゴリ「京都市を舞台とした作品」に属する,osm(wikidata:Q34600)
鎌倉けしや闇絵巻,Wikipedia由来,エリア,鎌倉市,鎌倉けしや闇絵巻,Wikipedia(ja)のカテゴリ「鎌倉市を舞台とした作品」に属する,osm(wikidata:Q200267)
鎌倉ものがたり,Wikipedia由来,エリア,鎌倉市,鎌倉ものがたり,Wikipedia(ja)のカテゴリ「鎌倉市を舞台とした作品」に属する,osm(wikidata:Q200267)
長門有希ちゃんの消失,Wikipedia由来,エリア,西宮市,長門有希ちゃんの消失,Wikipedia(ja)のカテゴリ「西宮市を舞台とした作品」に属する,osm(wikidata:Q243853)
阿佐ヶ谷Zippy,Wikipedia由来,エリア,杉並区,阿佐ヶ谷Zippy,Wikipedia(ja)のカテゴリ「杉並区を舞台とした作品」に属する,osm(wikidata:Q232631)
陰陽師,Wikipedia由来,エリア,京都市,陰陽師 (小説),Wikipedia(ja)のカテゴリ「京都市を舞台とした作品」に属する,osm(wikidata:Q34600)
陰陽師 玉手匣,Wikipedia由来,エリア,京都市,陰陽師 玉手匣,Wikipedia(ja)のカテゴリ「京都市を舞台とした作品」に属する,osm(wikidata:Q34600)
陽だまりの樹,Wikipedia由来,エリア,大阪市,陽だまりの樹,Wikipedia(ja)のカテゴリ「大阪市を舞台とした作品」に属する,osm(wikidata:Q35765)
陽炎 稲妻 水の月,Wikipedia由来,エリア,長崎市,陽炎 稲妻 水の月,Wikipedia(ja)のカテゴリ「長崎市を舞台とした作品」に属する,osm(wikidata:Q38234)
難波金融伝・ミナミの帝王,Wikipedia由来,エリア,大阪市,難波金融伝・ミナミの帝王,Wikipedia(ja)のカテゴリ「大阪市を舞台とした作品」に属する,osm(wikidata:Q35765)
雪ん子!!,Wikipedia由来,エリア,札幌市,雪ん子!!,Wikipedia(ja)のカテゴリ「札幌市を舞台とした作品」に属する,osm(wikidata:Q37951)
電撃ドクターモアイくん,Wikipedia由来,エリア,練馬区,電撃ドクターモアイくん,Wikipedia(ja)のカテゴリ「練馬区を舞台とした作品」に属する,osm(wikidata:Q232655)
青い花,Wikipedia由来,エリア,鎌倉市,青い花 (漫画),Wikipedia(ja)のカテゴリ「鎌倉市を舞台とした作品」に属する,osm(wikidata:Q200267)
青のオーケストラ,公式選定,エリア,千葉市,青のオーケストラ,jawikiのカテゴリ「千葉市を舞台とした作品」に属する。点として特定できる記述が無いため代表点とした,osm(wikidata:Q170616)
青のミブロ,Wikipedia由来,エリア,京都市,青のミブロ,Wikipedia(ja)のカテゴリ「京都市を舞台とした作品」に属する,osm(wikidata:Q34600)
青空エール,Wikipedia由来,エリア,札幌市,青空エール,Wikipedia(ja)のカテゴリ「札幌市を舞台とした作品」に属する,osm(wikidata:Q37951)
頭文字D,公式選定,エリア,小田原市,頭文字D,jawikiのカテゴリ「小田原市を舞台とした作品」に属する。点として特定できる記述が無いため代表点とした,osm(wikidata:Q267258)
風立ちぬ,Wikipedia由来,エリア,名古屋市,風立ちぬ (宮崎駿の漫画),Wikipedia(ja)のカテゴリ「名古屋市を舞台とした作品」に属する,osm(wikidata:Q11751)
高杉さん家のおべんとう,Wikipedia由来,エリア,名古屋市,高杉さん家のおべんとう,Wikipedia(ja)のカテゴリ「名古屋市を舞台とした作品」に属する,osm(wikidata:Q11751)
高校デビュー,Wikipedia由来,エリア,札幌市,高校デビュー,Wikipedia(ja)のカテゴリ「札幌市を舞台とした作品」に属する,osm(wikidata:Q37951)
高校鉄拳伝タフ,Wikipedia由来,エリア,神戸市,高校鉄拳伝タフ,Wikipedia(ja)のカテゴリ「神戸市を舞台とした作品」に属する,osm(wikidata:Q48320)
高野交差点,Wikipedia由来,エリア,京都市,高野交差点,Wikipedia(ja)のカテゴリ「京都市を舞台とした作品」に属する,osm(wikidata:Q34600)
鬼神伝,Wikipedia由来,エリア,京都市,鬼神伝,Wikipedia(ja)のカテゴリ「京都市を舞台とした作品」に属する,osm(wikidata:Q34600)
魔女っ子チックル,Wikipedia由来,エリア,練馬区,魔女っ子チックル,Wikipedia(ja)のカテゴリ「練馬区を舞台とした作品」に属する,osm(wikidata:Q232655)
魔法遣いに大切なこと,Wikipedia由来,エリア,世田谷区,魔法遣いに大切なこと,Wikipedia(ja)のカテゴリ「世田谷区を舞台とした作品」に属する,osm(wikidata:Q231645)
鴨川ホルモー,Wikipedia由来,エリア,京都市,鴨川ホルモー,Wikipedia(ja)のカテゴリ「京都市を舞台とした作品」に属する,osm(wikidata:Q34600)
鹿男あをによし,Wikipedia由来,エリア,奈良市,鹿男あをによし,Wikipedia(ja)のカテゴリ「奈良市を舞台とした作品」に属する,osm(wikidata:Q169134)
麒麟館グラフィティー,Wikipedia由来,エリア,札幌市,麒麟館グラフィティー,Wikipedia(ja)のカテゴリ「札幌市を舞台とした作品」に属する,osm(wikidata:Q37951)
黒い家,Wikipedia由来,エリア,京都市,黒い家,Wikipedia(ja)のカテゴリ「京都市を舞台とした作品」に属する,osm(wikidata:Q34600)
黒蜥蜴,Wikipedia由来,エリア,大阪市,黒蜥蜴,Wikipedia(ja)のカテゴリ「大阪市を舞台とした作品」に属する,osm(wikidata:Q35765)
龍-RON-,Wikipedia由来,エリア,京都市,龍-RON-,Wikipedia(ja)のカテゴリ「京都市を舞台とした作品」に属する,osm(wikidata:Q34600)
ちびまる子ちゃんランド,公式選定,施設,ちびまる子ちゃんランド,アニメツーリズム協会(選定地の名称のみ),公式に選定されたマンガ・アニメ関連施設,jawiki
サンリオピューロランド,公式選定,施設,サンリオピューロランド,アニメツーリズム協会(選定地の名称のみ),公式に選定されたマンガ・アニメ関連施設,osm(wikidata:Q1133851)
トキワ荘マンガミュージアム,公式選定,施設,トキワ荘マンガミュージアム,アニメツーリズム協会(選定地の名称のみ),公式に選定されたマンガ・アニメ関連施設,osm(wikidata:Q96707302)
ハーモニーランド,公式選定,施設,ハーモニーランド,アニメツーリズム協会(選定地の名称のみ),公式に選定されたマンガ・アニメ関連施設,osm(wikidata:Q11327370)
バンダイミュージアム,公式選定,施設,バンダイミュージアム,アニメツーリズム協会(選定地の名称のみ),公式に選定されたマンガ・アニメ関連施設,osm(wikidata:Q3329081)
京都国際マンガミュージアム,公式選定,施設,京都国際マンガミュージアム,アニメツーリズム協会(選定地の名称のみ),公式に選定されたマンガ・アニメ関連施設,osm(wikidata:Q783923)
北九州市漫画ミュージアム,公式選定,施設,北九州市漫画ミュージアム,アニメツーリズム協会(選定地の名称のみ),公式に選定されたマンガ・アニメ関連施設,osm(wikidata:Q121084173)
宝塚市立手塚治虫記念館,公式選定,施設,宝塚市立手塚治虫記念館,アニメツーリズム協会(選定地の名称のみ),公式に選定されたマンガ・アニメ関連施設,osm(wikidata:Q11452396)
宮沢賢治童話村,公式選定,施設,宮沢賢治童話村,アニメツーリズム協会(選定地の名称のみ),公式に選定されたマンガ・アニメ関連施設,osm(名前一致)
成田国際空港,公式選定,施設,成田国際空港,アニメツーリズム協会(選定地の名称のみ),公式に選定されたマンガ・アニメ関連施設,osm(wikidata:Q36454)
新潟市マンガの家,公式選定,施設,新潟市マンガの家,アニメツーリズム協会(選定地の名称のみ),公式に選定されたマンガ・アニメ関連施設,osm(wikidata:Q17209791)
新潟市マンガ・アニメ情報館,公式選定,施設,新潟市マンガ・アニメ情報館,アニメツーリズム協会(選定地の名称のみ),公式に選定されたマンガ・アニメ関連施設,osm(wikidata:Q17229556)
杉並アニメーションミュージアム,公式選定,施設,杉並アニメーションミュージアム,アニメツーリズム協会(選定地の名称のみ),公式に選定されたマンガ・アニメ関連施設,osm(wikidata:Q11095134)
東京都庁,公式選定,施設,東京都庁,アニメツーリズム協会(選定地の名称のみ),公式に選定されたマンガ・アニメ関連施設,osm(wikidata:Q1074185)
東映アニメーションミュージアム,公式選定,施設,東映アニメーションミュージアム,アニメツーリズム協会(選定地の名称のみ),公式に選定されたマンガ・アニメ関連施設,osm(wikidata:Q18337440)
横手市増田まんが美術館,公式選定,施設,横手市増田まんが美術館,アニメツーリズム協会(選定地の名称のみ),公式に選定されたマンガ・アニメ関連施設,osm(wikidata:Q38266963)
水木しげるロード,公式選定,施設,水木しげるロード,アニメツーリズム協会(選定地の名称のみ),公式に選定されたマンガ・アニメ関連施設,osm(wikidata:Q11548750)
氷見市潮風ギャラリー,公式選定,施設,氷見市潮風ギャラリー,アニメツーリズム協会(選定地の名称のみ),公式に選定されたマンガ・アニメ関連施設,jawiki
永井豪記念館,公式選定,施設,永井豪記念館,アニメツーリズム協会(選定地の名称のみ),公式に選定されたマンガ・アニメ関連施設,jawiki
石ノ森萬画館,公式選定,施設,石ノ森萬画館,アニメツーリズム協会(選定地の名称のみ),公式に選定されたマンガ・アニメ関連施設,osm(wikidata:Q4391562)
長谷川町子美術館,公式選定,施設,長谷川町子美術館,アニメツーリズム協会(選定地の名称のみ),公式に選定されたマンガ・アニメ関連施設,osm(wikidata:Q3788646)
青山剛昌ふるさと館,公式選定,施設,青山剛昌ふるさと館,アニメツーリズム協会(選定地の名称のみ),公式に選定されたマンガ・アニメ関連施設,osm(wikidata:Q11661221)
香美市立やなせたかし記念館,公式選定,施設,香美市立やなせたかし記念館,アニメツーリズム協会(選定地の名称のみ),公式に選定されたマンガ・アニメ関連施設,osm(wikidata:Q2496737)
