name,name_kana,lat,lng,region,series,categories,description,key
BanG Dream!(金泉湯),,35.7143937,139.8387866,東京都,BanG Dream!,公式選定,金泉湯(東京都)。『BanG Dream!』の舞台のモデルとされる。(出典: ja.wikipedia「BanG Dream!」)アニメツーリズム協会「訪れてみたい日本のアニメ聖地88」の現行の選定地。,BanG Dream!(金泉湯)
BanG Dream!(飛鳥山公園),,35.750757,139.7384948,東京都,BanG Dream!,公式選定,飛鳥山公園(東京都)。『BanG Dream!』の舞台として作中に登場する。(出典: ja.wikipedia「BanG Dream!」)アニメツーリズム協会「訪れてみたい日本のアニメ聖地88」の現行の選定地。,BanG Dream!(飛鳥山公園)
Do It Yourself!! -どぅー・いっと・ゆあせるふ-,,37.6452283,138.7669125,新潟県,Do It Yourself!! -どぅー・いっと・ゆあせるふ-,公式選定|エリア,新潟県。『Do It Yourself!! -どぅー・いっと・ゆあせるふ-』の舞台とされる地域。点として特定できる記述が無いため、代表点として収録している。(出典: ja.wikipedia「Do It Yourself!! -どぅー・いっと・ゆあせるふ-」)アニメツーリズム協会「訪れてみたい日本のアニメ聖地88」の現行の選定地。,Do It Yourself!! -どぅー・いっと・ゆあせるふ-
MFゴースト,,35.19753,139.07297,神奈川県,MFゴースト,公式選定,箱根ターンパイク(神奈川県)。『MFゴースト』の舞台として作中に登場する。(出典: ja.wikipedia「MFゴースト」)アニメツーリズム協会「訪れてみたい日本のアニメ聖地88」の現行の選定地。,MFゴースト
SHIROBAKO,,35.7177239,139.5659802,東京都,SHIROBAKO,公式選定|エリア,武蔵野市(東京都)。『SHIROBAKO』の舞台とされる地域。点として特定できる記述が無いため、代表点として収録している。(出典: ja.wikipedia「SHIROBAKO」)アニメツーリズム協会「訪れてみたい日本のアニメ聖地88」の現行の選定地。,SHIROBAKO
Turkey!,,36.1143945,138.0319015,長野県,Turkey!,公式選定|エリア,長野県。『Turkey!』の舞台とされる地域。点として特定できる記述が無いため、代表点として収録している。(出典: ja.wikipedia「Turkey!」)アニメツーリズム協会「訪れてみたい日本のアニメ聖地88」の現行の選定地。,Turkey!
〈小市民〉シリーズ,,35.7867449,137.0460777,岐阜県,〈小市民〉シリーズ,公式選定|エリア,岐阜県。『〈小市民〉シリーズ』の舞台とされる地域。点として特定できる記述が無いため、代表点として収録している。(出典: ja.wikipedia「〈小市民〉シリーズ」)アニメツーリズム協会「訪れてみたい日本のアニメ聖地88」の現行の選定地。,〈小市民〉シリーズ
あの日見た花の名前を僕達はまだ知らない。,,35.9754168,139.4160114,埼玉県,あの日見た花の名前を僕達はまだ知らない。,公式選定|エリア,埼玉県。『あの日見た花の名前を僕達はまだ知らない。』の舞台とされる地域。点として特定できる記述が無いため、代表点として収録している。(出典: ja.wikipedia「あの日見た花の名前を僕達はまだ知らない。」)アニメツーリズム協会「訪れてみたい日本のアニメ聖地88」の現行の選定地。,あの日見た花の名前を僕達はまだ知らない。
からかい上手の高木さん,,34.2480104,134.0586579,香川県,からかい上手の高木さん,公式選定|エリア,香川県。『からかい上手の高木さん』の舞台とされる地域。点として特定できる記述が無いため、代表点として収録している。(出典: ja.wikipedia「からかい上手の高木さん (アニメ)」)アニメツーリズム協会「訪れてみたい日本のアニメ聖地88」の現行の選定地。,からかい上手の高木さん
がんばっていきまっしょい,,33.8395188,132.7653521,愛媛県,がんばっていきまっしょい,公式選定|エリア,松山市(愛媛県)。『がんばっていきまっしょい』の舞台とされる地域。点として特定できる記述が無いため、代表点として収録している。(出典: ja.wikipedia「がんばっていきまっしょい」)アニメツーリズム協会「訪れてみたい日本のアニメ聖地88」の現行の選定地。,がんばっていきまっしょい
さよなら私のクラマー,,35.9754168,139.4160114,埼玉県,さよなら私のクラマー,公式選定|エリア,埼玉県。『さよなら私のクラマー』の舞台とされる地域。点として特定できる記述が無いため、代表点として収録している。(出典: ja.wikipedia「さよなら私のクラマー」)アニメツーリズム協会「訪れてみたい日本のアニメ聖地88」の現行の選定地。,さよなら私のクラマー
その着せ替え人形は恋をする,,35.8616141,139.6455666,埼玉県,その着せ替え人形は恋をする,公式選定|エリア,さいたま市(埼玉県)。『その着せ替え人形は恋をする』の舞台とされる地域。点として特定できる記述が無いため、代表点として収録している。(出典: ja.wikipedia「その着せ替え人形は恋をする」)アニメツーリズム協会「訪れてみたい日本のアニメ聖地88」の現行の選定地。,その着せ替え人形は恋をする
とある科学の超電磁砲,,35.7139057,139.4077701,東京都,とある科学の超電磁砲,公式選定|エリア,立川市(東京都)。『とある科学の超電磁砲』の舞台とされる地域。点として特定できる記述が無いため、代表点として収録している。(出典: ja.wikipedia「アニメツーリズム協会」)アニメツーリズム協会「訪れてみたい日本のアニメ聖地88」の現行の選定地。,とある科学の超電磁砲
ひぐらしのなく頃に(白川八幡神社),,36.2548741,136.9056899,岐阜県,ひぐらしのなく頃に,公式選定,白川八幡神社(岐阜県)。『ひぐらしのなく頃に』の舞台のモデルとされる。(出典: ja.wikipedia「ひぐらしのなく頃に」)アニメツーリズム協会「訪れてみたい日本のアニメ聖地88」の現行の選定地。,ひぐらしのなく頃に(白川八幡神社)
ひぐらしのなく頃に(白川郷),,36.2573454,136.9068317,岐阜県,ひぐらしのなく頃に,公式選定,白川郷(岐阜県)。『ひぐらしのなく頃に』の舞台のモデルとされる。(出典: ja.wikipedia「ひぐらしのなく頃に」)アニメツーリズム協会「訪れてみたい日本のアニメ聖地88」の現行の選定地。,ひぐらしのなく頃に(白川郷)
ひなビタ♪,,35.430166,133.825525,鳥取県,ひなビタ♪,公式選定|エリア,倉吉市(鳥取県)。『ひなビタ♪』の舞台とされる地域。点として特定できる記述が無いため、代表点として収録している。(出典: ja.wikipedia「アニメツーリズム協会」)アニメツーリズム協会「訪れてみたい日本のアニメ聖地88」の現行の選定地。,ひなビタ♪
ぼっち・ざ・ろっく!,,35.6469025,139.652531,東京都,ぼっち・ざ・ろっく!,公式選定|エリア,世田谷区(東京都)。『ぼっち・ざ・ろっく!』の舞台とされる地域。点として特定できる記述が無いため、代表点として収録している。(出典: ja.wikipedia「ぼっち・ざ・ろっく!」)アニメツーリズム協会「訪れてみたい日本のアニメ聖地88」の現行の選定地。,ぼっち・ざ・ろっく!
やくならマグカップも,,35.7867449,137.0460777,岐阜県,やくならマグカップも,公式選定|エリア,岐阜県。『やくならマグカップも』の舞台とされる地域。点として特定できる記述が無いため、代表点として収録している。(出典: ja.wikipedia「やくならマグカップも」)アニメツーリズム協会「訪れてみたい日本のアニメ聖地88」の現行の選定地。,やくならマグカップも
やはり俺の青春ラブコメはまちがっている。,,35.6070629,140.1062653,千葉県,やはり俺の青春ラブコメはまちがっている。,公式選定|エリア,千葉市(千葉県)。『やはり俺の青春ラブコメはまちがっている。』の舞台とされる地域。点として特定できる記述が無いため、代表点として収録している。(出典: ja.wikipedia「やはり俺の青春ラブコメはまちがっている。」)アニメツーリズム協会「訪れてみたい日本のアニメ聖地88」の現行の選定地。,やはり俺の青春ラブコメはまちがっている。
ゆるキャン△,,35.7161549,139.3611337,東京都,ゆるキャン△,公式選定,SORA 昭島アウトドアヴィレッジ店(東京都)。『ゆるキャン△』の舞台のモデルとされる。(出典: ja.wikipedia「ゆるキャン△」)アニメツーリズム協会「訪れてみたい日本のアニメ聖地88」の現行の選定地。,ゆるキャン△
らき☆すた,,36.0999753,139.6548687,埼玉県,らき☆すた,公式選定,鷲宮神社(埼玉県)。『らき☆すた』の舞台のモデルとされる。作中の陵桜学園高等学校のモデルは春日部共栄高等学校（春日部市内）。(出典: ja.wikipedia「らき☆すた」)アニメツーリズム協会「訪れてみたい日本のアニメ聖地88」の現行の選定地。,らき☆すた
アンゴルモア 元寇合戦記,,33.1154683,129.7874339,長崎県,アンゴルモア 元寇合戦記,公式選定|エリア,長崎県。『アンゴルモア 元寇合戦記』の舞台とされる地域。点として特定できる記述が無いため、代表点として収録している。(出典: ja.wikipedia「アンゴルモア 元寇合戦記」)アニメツーリズム協会「訪れてみたい日本のアニメ聖地88」の現行の選定地。,アンゴルモア 元寇合戦記
ウマ娘 シンデレラグレイ,,35.7867449,137.0460777,岐阜県,ウマ娘 シンデレラグレイ,公式選定|エリア,岐阜県。『ウマ娘 シンデレラグレイ』の舞台とされる地域。点として特定できる記述が無いため、代表点として収録している。(出典: ja.wikipedia「ウマ娘 シンデレラグレイ」)アニメツーリズム協会「訪れてみたい日本のアニメ聖地88」の現行の選定地。,ウマ娘 シンデレラグレイ
ガールズ&パンツァー,,36.2869536,140.4703384,茨城県,ガールズ&パンツァー,公式選定|エリア,茨城県。『ガールズ&パンツァー』の舞台とされる地域。点として特定できる記述が無いため、代表点として収録している。(出典: ja.wikipedia「ガールズ&パンツァー」)アニメツーリズム協会「訪れてみたい日本のアニメ聖地88」の現行の選定地。,ガールズ&パンツァー
ガールズバンドクライ,,35.5306639,139.7037668,神奈川県,ガールズバンドクライ,公式選定|エリア,川崎市(神奈川県)。『ガールズバンドクライ』の舞台とされる地域。点として特定できる記述が無いため、代表点として収録している。(出典: ja.wikipedia「ガールズバンドクライ」)アニメツーリズム協会「訪れてみたい日本のアニメ聖地88」の現行の選定地。,ガールズバンドクライ
サマーウォーズ,,36.4021192,138.2490506,長野県,サマーウォーズ,公式選定|エリア,上田市(長野県)。『サマーウォーズ』の舞台とされる地域。点として特定できる記述が無いため、代表点として収録している。(出典: ja.wikipedia「サマーウォーズ」)アニメツーリズム協会「訪れてみたい日本のアニメ聖地88」の現行の選定地。,サマーウォーズ
スローループ,,35.2814779,139.6719597,神奈川県,スローループ,公式選定|エリア,横須賀市(神奈川県)。『スローループ』の舞台とされる地域。点として特定できる記述が無いため、代表点として収録している。(出典: ja.wikipedia「スローループ」)アニメツーリズム協会「訪れてみたい日本のアニメ聖地88」の現行の選定地。,スローループ
デジモンアドベンチャー,,35.7357808,139.6521325,東京都,デジモンアドベンチャー,公式選定|エリア,練馬区(東京都)。『デジモンアドベンチャー』の舞台とされる地域。点として特定できる記述が無いため、代表点として収録している。(出典: ja.wikipedia「デジモンアドベンチャー」)アニメツーリズム協会「訪れてみたい日本のアニメ聖地88」の現行の選定地。,デジモンアドベンチャー
デュラララ!!,,35.725913,139.7166365,東京都,デュラララ!!,公式選定|エリア,豊島区(東京都)。『デュラララ!!』の舞台とされる地域。点として特定できる記述が無いため、代表点として収録している。(出典: ja.wikipedia「アニメツーリズム協会」)アニメツーリズム協会「訪れてみたい日本のアニメ聖地88」の現行の選定地。,デュラララ!!
ハイスクール・フリート,,35.2814779,139.6719597,神奈川県,ハイスクール・フリート,公式選定|エリア,横須賀市(神奈川県)。『ハイスクール・フリート』の舞台とされる地域。点として特定できる記述が無いため、代表点として収録している。(出典: ja.wikipedia「ハイスクール・フリート」)アニメツーリズム協会「訪れてみたい日本のアニメ聖地88」の現行の選定地。,ハイスクール・フリート
ブルバスター,,33.995409,130.8161509,福岡県,ブルバスター,公式選定,藍島(福岡県)。『ブルバスター』の制作陣が取材した場所。(出典: ja.wikipedia「ブルバスター」)アニメツーリズム協会「訪れてみたい日本のアニメ聖地88」の現行の選定地。,ブルバスター
ヤマノススメ,,35.9754168,139.4160114,埼玉県,ヤマノススメ,公式選定|エリア,埼玉県。『ヤマノススメ』の舞台とされる地域。点として特定できる記述が無いため、代表点として収録している。(出典: ja.wikipedia「ヤマノススメ (アニメ)」)アニメツーリズム協会「訪れてみたい日本のアニメ聖地88」の現行の選定地。,ヤマノススメ
ラブライブ!,,35.6940537,139.7535006,東京都,ラブライブ!,公式選定|エリア,千代田区(東京都)。『ラブライブ!』の舞台とされる地域。点として特定できる記述が無いため、代表点として収録している。(出典: ja.wikipedia「ラブライブ!」)アニメツーリズム協会「訪れてみたい日本のアニメ聖地88」の現行の選定地。,ラブライブ!
ラブライブ!スーパースター!!,,36.2869536,140.4703384,茨城県,ラブライブ!スーパースター!!,公式選定|エリア,茨城県。『ラブライブ!スーパースター!!』の舞台とされる地域。点として特定できる記述が無いため、代表点として収録している。(出典: ja.wikipedia「ラブライブ!スーパースター!!」)アニメツーリズム協会「訪れてみたい日本のアニメ聖地88」の現行の選定地。,ラブライブ!スーパースター!!
ラブライブ!虹ヶ咲学園スクールアイドル同好会,,35.6297628,139.7939817,東京都,ラブライブ!虹ヶ咲学園スクールアイドル同好会,公式選定,東京ビッグサイト(東京都)。『ラブライブ!虹ヶ咲学園スクールアイドル同好会』の舞台のモデルとされる。(出典: ja.wikipedia「ラブライブ!虹ヶ咲学園スクールアイドル同好会」)アニメツーリズム協会「訪れてみたい日本のアニメ聖地88」の現行の選定地。,ラブライブ!虹ヶ咲学園スクールアイドル同好会
リコリス・リコイル,,35.7104196,139.8017421,東京都,リコリス・リコイル,公式選定|エリア,墨田区(東京都)。『リコリス・リコイル』の舞台とされる地域。点として特定できる記述が無いため、代表点として収録している。(出典: ja.wikipedia「リコリス・リコイル」)アニメツーリズム協会「訪れてみたい日本のアニメ聖地88」の現行の選定地。,リコリス・リコイル
一休さん,,34.8143918,135.7677347,京都府,一休さん,公式選定|エリア,京田辺市(京都府)。『一休さん』の舞台とされる地域。点として特定できる記述が無いため、代表点として収録している。(出典: ja.wikipedia「アニメツーリズム協会」)アニメツーリズム協会「訪れてみたい日本のアニメ聖地88」の現行の選定地。,一休さん
俺の妹がこんなに可愛いわけがない,,35.6070629,140.1062653,千葉県,俺の妹がこんなに可愛いわけがない,公式選定|エリア,千葉市(千葉県)。『俺の妹がこんなに可愛いわけがない』の舞台とされる地域。点として特定できる記述が無いため、代表点として収録している。(出典: ja.wikipedia「俺の妹がこんなに可愛いわけがない」)アニメツーリズム協会「訪れてみたい日本のアニメ聖地88」の現行の選定地。,俺の妹がこんなに可愛いわけがない
凪のあすから,,33.8885409,136.100411,三重県,凪のあすから,公式選定|エリア,熊野市(三重県)。『凪のあすから』の舞台とされる地域。点として特定できる記述が無いため、代表点として収録している。(出典: ja.wikipedia「アニメツーリズム協会」)アニメツーリズム協会「訪れてみたい日本のアニメ聖地88」の現行の選定地。,凪のあすから
前橋ウィッチーズ,,36.52198,139.033483,群馬県,前橋ウィッチーズ,公式選定|エリア,群馬県。『前橋ウィッチーズ』の舞台とされる地域。点として特定できる記述が無いため、代表点として収録している。(出典: ja.wikipedia「前橋ウィッチーズ」)アニメツーリズム協会「訪れてみたい日本のアニメ聖地88」の現行の選定地。,前橋ウィッチーズ
千歳くんはラムネ瓶のなか,,35.9263502,136.6068127,福井県,千歳くんはラムネ瓶のなか,公式選定|エリア,福井県。『千歳くんはラムネ瓶のなか』の舞台とされる地域。点として特定できる記述が無いため、代表点として収録している。(出典: ja.wikipedia「千歳くんはラムネ瓶のなか」)アニメツーリズム協会「訪れてみたい日本のアニメ聖地88」の現行の選定地。,千歳くんはラムネ瓶のなか
君は放課後インソムニア,,36.9890574,136.8162839,石川県,君は放課後インソムニア,公式選定|エリア,石川県。『君は放課後インソムニア』の舞台とされる地域。点として特定できる記述が無いため、代表点として収録している。(出典: ja.wikipedia「君は放課後インソムニア」)アニメツーリズム協会「訪れてみたい日本のアニメ聖地88」の現行の選定地。,君は放課後インソムニア
四月は君の嘘,,35.7357808,139.6521325,東京都,四月は君の嘘,公式選定|エリア,練馬区(東京都)。『四月は君の嘘』の舞台とされる地域。点として特定できる記述が無いため、代表点として収録している。(出典: ja.wikipedia「四月は君の嘘」)アニメツーリズム協会「訪れてみたい日本のアニメ聖地88」の現行の選定地。,四月は君の嘘
夏目友人帳,,32.6450475,130.6341345,熊本県,夏目友人帳,公式選定|エリア,熊本県。『夏目友人帳』の舞台とされる地域。点として特定できる記述が無いため、代表点として収録している。(出典: ja.wikipedia「夏目友人帳」)アニメツーリズム協会「訪れてみたい日本のアニメ聖地88」の現行の選定地。,夏目友人帳
女子高生の無駄づかい,,35.9754168,139.4160114,埼玉県,女子高生の無駄づかい,公式選定|エリア,埼玉県。『女子高生の無駄づかい』の舞台とされる地域。点として特定できる記述が無いため、代表点として収録している。(出典: ja.wikipedia「女子高生の無駄づかい」)アニメツーリズム協会「訪れてみたい日本のアニメ聖地88」の現行の選定地。,女子高生の無駄づかい
宇宙よりも遠い場所,,36.52198,139.033483,群馬県,宇宙よりも遠い場所,公式選定|エリア,群馬県。『宇宙よりも遠い場所』の舞台とされる地域。点として特定できる記述が無いため、代表点として収録している。(出典: ja.wikipedia「宇宙よりも遠い場所」)アニメツーリズム協会「訪れてみたい日本のアニメ聖地88」の現行の選定地。,宇宙よりも遠い場所
弱虫ペダル,,35.549399,140.2647303,千葉県,弱虫ペダル,公式選定|エリア,千葉県。『弱虫ペダル』の舞台とされる地域。点として特定できる記述が無いため、代表点として収録している。(出典: ja.wikipedia「弱虫ペダル」)アニメツーリズム協会「訪れてみたい日本のアニメ聖地88」の現行の選定地。,弱虫ペダル
心が叫びたがってるんだ。(大慈寺),,35.9969461,139.09592,埼玉県,心が叫びたがってるんだ。,公式選定,大慈寺(埼玉県)。『心が叫びたがってるんだ。』の舞台として作中に登場する。作中の揚羽高等学校の校舎のモデルは栃木県立足利南高等学校。(出典: ja.wikipedia「心が叫びたがってるんだ。」)アニメツーリズム協会「訪れてみたい日本のアニメ聖地88」の現行の選定地。,心が叫びたがってるんだ。(大慈寺)
心が叫びたがってるんだ。(横瀬駅),,35.9852772,139.0977904,埼玉県,心が叫びたがってるんだ。,公式選定,横瀬駅(埼玉県)。『心が叫びたがってるんだ。』の舞台として作中に登場する。(出典: ja.wikipedia「心が叫びたがってるんだ。」)アニメツーリズム協会「訪れてみたい日本のアニメ聖地88」の現行の選定地。,心が叫びたがってるんだ。(横瀬駅)
推しが武道館いってくれたら死ぬ,,34.6553944,133.9194595,岡山県,推しが武道館いってくれたら死ぬ,公式選定|エリア,岡山市(岡山県)。『推しが武道館いってくれたら死ぬ』の舞台とされる地域。点として特定できる記述が無いため、代表点として収録している。(出典: ja.wikipedia「推しが武道館いってくれたら死ぬ」)アニメツーリズム協会「訪れてみたい日本のアニメ聖地88」の現行の選定地。,推しが武道館いってくれたら死ぬ
放課後ていぼう日誌(佐敷駅),,32.3024975,130.4972264,熊本県,放課後ていぼう日誌,公式選定,佐敷駅(熊本県)。『放課後ていぼう日誌』の舞台のモデルとされる。(出典: ja.wikipedia「放課後ていぼう日誌」)アニメツーリズム協会「訪れてみたい日本のアニメ聖地88」の現行の選定地。,放課後ていぼう日誌(佐敷駅)
放課後ていぼう日誌(海浦駅),,32.327975,130.488626,熊本県,放課後ていぼう日誌,公式選定,海浦駅(熊本県)。『放課後ていぼう日誌』の舞台のモデルとされる。(出典: ja.wikipedia「放課後ていぼう日誌」)アニメツーリズム協会「訪れてみたい日本のアニメ聖地88」の現行の選定地。,放課後ていぼう日誌(海浦駅)
文豪ストレイドッグス,,35.4503381,139.6343802,神奈川県,文豪ストレイドッグス,公式選定|エリア,横浜市(神奈川県)。『文豪ストレイドッグス』の舞台とされる地域。点として特定できる記述が無いため、代表点として収録している。(出典: ja.wikipedia「文豪ストレイドッグス」)アニメツーリズム協会「訪れてみたい日本のアニメ聖地88」の現行の選定地。,文豪ストレイドッグス
新世紀エヴァンゲリオン,,35.2323662,139.1068849,神奈川県,新世紀エヴァンゲリオン,公式選定|エリア,箱根町(神奈川県)。『新世紀エヴァンゲリオン』の舞台とされる地域。点として特定できる記述が無いため、代表点として収録している。(出典: ja.wikipedia「アニメツーリズム協会」)アニメツーリズム協会「訪れてみたい日本のアニメ聖地88」の現行の選定地。,新世紀エヴァンゲリオン
月がきれい,,35.9754168,139.4160114,埼玉県,月がきれい,公式選定|エリア,埼玉県。『月がきれい』の舞台とされる地域。点として特定できる記述が無いため、代表点として収録している。(出典: ja.wikipedia「月がきれい」)アニメツーリズム協会「訪れてみたい日本のアニメ聖地88」の現行の選定地。,月がきれい
江戸前エルフ,,35.671483,139.779113,東京都,江戸前エルフ,公式選定|エリア,中央湊郵便局(東京都)。『江戸前エルフ』の舞台とされる地域。点として特定できる記述が無いため、代表点として収録している。(出典: ja.wikipedia「江戸前エルフ」)アニメツーリズム協会「訪れてみたい日本のアニメ聖地88」の現行の選定地。,江戸前エルフ
沖縄で好きになった子が方言すぎてツラすぎる,,26.5707754,128.0255901,沖縄県,沖縄で好きになった子が方言すぎてツラすぎる,公式選定|エリア,沖縄県。『沖縄で好きになった子が方言すぎてツラすぎる』の舞台とされる地域。点として特定できる記述が無いため、代表点として収録している。(出典: ja.wikipedia「沖縄で好きになった子が方言すぎてツラすぎる」)アニメツーリズム協会「訪れてみたい日本のアニメ聖地88」の現行の選定地。,沖縄で好きになった子が方言すぎてツラすぎる
涼宮ハルヒシリーズ(甲陽園駅),,34.7608785,135.3301337,兵庫県,涼宮ハルヒシリーズ,公式選定,甲陽園駅(兵庫県)。『涼宮ハルヒシリーズ』の舞台のモデルとされる。(出典: ja.wikipedia「涼宮ハルヒシリーズ」)アニメツーリズム協会「訪れてみたい日本のアニメ聖地88」の現行の選定地。,涼宮ハルヒシリーズ(甲陽園駅)
涼宮ハルヒシリーズ(西宮北口駅),,34.7459607,135.3568041,兵庫県,涼宮ハルヒシリーズ,公式選定,西宮北口駅(兵庫県)。『涼宮ハルヒシリーズ』の舞台のモデルとされる。(出典: ja.wikipedia「涼宮ハルヒシリーズ」)アニメツーリズム協会「訪れてみたい日本のアニメ聖地88」の現行の選定地。,涼宮ハルヒシリーズ(西宮北口駅)
男女の友情は成立する?（いや、しないっ!!）,,32.097681,131.294542,宮崎県,男女の友情は成立する?（いや、しないっ!!）,公式選定|エリア,宮崎県。『男女の友情は成立する?（いや、しないっ!!）』の舞台とされる地域。点として特定できる記述が無いため、代表点として収録している。(出典: ja.wikipedia「男女の友情は成立する?（いや、しないっ!!）」)アニメツーリズム協会「訪れてみたい日本のアニメ聖地88」の現行の選定地。,男女の友情は成立する?（いや、しないっ!!）
白い砂のアクアトープ,,26.5707754,128.0255901,沖縄県,白い砂のアクアトープ,公式選定|エリア,沖縄県。『白い砂のアクアトープ』の舞台とされる地域。点として特定できる記述が無いため、代表点として収録している。(出典: ja.wikipedia「白い砂のアクアトープ」)アニメツーリズム協会「訪れてみたい日本のアニメ聖地88」の現行の選定地。,白い砂のアクアトープ
神様はじめました,,35.9754168,139.4160114,埼玉県,神様はじめました,公式選定|エリア,埼玉県。『神様はじめました』の舞台とされる地域。点として特定できる記述が無いため、代表点として収録している。(出典: ja.wikipedia「神様はじめました」)アニメツーリズム協会「訪れてみたい日本のアニメ聖地88」の現行の選定地。,神様はじめました
私を喰べたい、ひとでなし,,33.6013646,132.8185275,愛媛県,私を喰べたい、ひとでなし,公式選定|エリア,愛媛県。『私を喰べたい、ひとでなし』の舞台とされる地域。点として特定できる記述が無いため、代表点として収録している。(出典: ja.wikipedia「私を喰べたい、ひとでなし」)アニメツーリズム協会「訪れてみたい日本のアニメ聖地88」の現行の選定地。,私を喰べたい、ひとでなし
秒速5センチメートル,,36.3266804,139.6577238,栃木県,秒速5センチメートル,公式選定,岩舟駅(栃木県)。『秒速5センチメートル』の舞台として作中に登場する。(出典: ja.wikipedia「秒速5センチメートル」)アニメツーリズム協会「訪れてみたい日本のアニメ聖地88」の現行の選定地。,秒速5センチメートル
空の青さを知る人よ,,35.9754168,139.4160114,埼玉県,空の青さを知る人よ,公式選定|エリア,埼玉県。『空の青さを知る人よ』の舞台とされる地域。点として特定できる記述が無いため、代表点として収録している。(出典: ja.wikipedia「空の青さを知る人よ」)アニメツーリズム協会「訪れてみたい日本のアニメ聖地88」の現行の選定地。,空の青さを知る人よ
竜とそばかすの姫,,33.6569018,133.5606241,高知県,竜とそばかすの姫,公式選定|エリア,高知県。『竜とそばかすの姫』の舞台とされる地域。点として特定できる記述が無いため、代表点として収録している。(出典: ja.wikipedia「竜とそばかすの姫」)アニメツーリズム協会「訪れてみたい日本のアニメ聖地88」の現行の選定地。,竜とそばかすの姫
結城友奈は勇者である,,34.2480104,134.0586579,香川県,結城友奈は勇者である,公式選定|エリア,香川県。『結城友奈は勇者である』の舞台とされる地域。点として特定できる記述が無いため、代表点として収録している。(出典: ja.wikipedia「結城友奈は勇者である」)アニメツーリズム協会「訪れてみたい日本のアニメ聖地88」の現行の選定地。,結城友奈は勇者である
色づく世界の明日から,,33.1154683,129.7874339,長崎県,色づく世界の明日から,公式選定|エリア,長崎県。『色づく世界の明日から』の舞台とされる地域。点として特定できる記述が無いため、代表点として収録している。(出典: ja.wikipedia「色づく世界の明日から」)アニメツーリズム協会「訪れてみたい日本のアニメ聖地88」の現行の選定地。,色づく世界の明日から
花咲くいろは(湯涌温泉),,36.4853073,136.7576541,石川県,花咲くいろは,公式選定,湯涌温泉(石川県)。『花咲くいろは』の舞台のモデルとされる。(出典: ja.wikipedia「花咲くいろは」)アニメツーリズム協会「訪れてみたい日本のアニメ聖地88」の現行の選定地。,花咲くいろは(湯涌温泉)
花咲くいろは(西岸駅),,37.1477663,136.8744197,石川県,花咲くいろは,公式選定,西岸駅(石川県)。『花咲くいろは』の舞台のモデルとされる。(出典: ja.wikipedia「花咲くいろは」)アニメツーリズム協会「訪れてみたい日本のアニメ聖地88」の現行の選定地。,花咲くいろは(西岸駅)
菜なれ花なれ(舒林寺),,36.644029,139.0509077,群馬県,菜なれ花なれ,公式選定,舒林寺(群馬県)。『菜なれ花なれ』の舞台のモデルとされる。(出典: ja.wikipedia「菜なれ花なれ」)アニメツーリズム協会「訪れてみたい日本のアニメ聖地88」の現行の選定地。,菜なれ花なれ(舒林寺)
菜なれ花なれ(高崎中央銀座商店街),,36.3281389,139.0053056,群馬県,菜なれ花なれ,公式選定,高崎中央銀座商店街(群馬県)。『菜なれ花なれ』の制作陣が取材した場所。(出典: ja.wikipedia「菜なれ花なれ」)アニメツーリズム協会「訪れてみたい日本のアニメ聖地88」の現行の選定地。,菜なれ花なれ(高崎中央銀座商店街)
蒼の彼方のフォーリズム,,32.6470816,128.7683414,長崎県,蒼の彼方のフォーリズム,公式選定,五島列島(長崎県)。『蒼の彼方のフォーリズム』の舞台のモデルとされる。(出典: ja.wikipedia「蒼の彼方のフォーリズム」)アニメツーリズム協会「訪れてみたい日本のアニメ聖地88」の現行の選定地。,蒼の彼方のフォーリズム
負けヒロインが多すぎる!,,34.9991645,137.254574,愛知県,負けヒロインが多すぎる!,公式選定|エリア,愛知県。『負けヒロインが多すぎる!』の舞台とされる地域。点として特定できる記述が無いため、代表点として収録している。(出典: ja.wikipedia「負けヒロインが多すぎる!」)アニメツーリズム協会「訪れてみたい日本のアニメ聖地88」の現行の選定地。,負けヒロインが多すぎる!
進撃の巨人,,33.243098,130.9564327,大分県,進撃の巨人,公式選定,大山ダム(大分県)。『進撃の巨人』ゆかりの地として選定されている。(出典: アニメツーリズム協会(選定地の名称のみ))アニメツーリズム協会「訪れてみたい日本のアニメ聖地88」の現行の選定地。,進撃の巨人
釣りキチ三平,,39.6898802,140.342608,秋田県,釣りキチ三平,公式選定|エリア,秋田県。『釣りキチ三平』の舞台とされる地域。点として特定できる記述が無いため、代表点として収録している。(出典: ja.wikipedia「釣りキチ三平」)アニメツーリズム協会「訪れてみたい日本のアニメ聖地88」の現行の選定地。,釣りキチ三平
青のオーケストラ,,35.6070629,140.1062653,千葉県,青のオーケストラ,公式選定|エリア,千葉市(千葉県)。『青のオーケストラ』の舞台とされる地域。点として特定できる記述が無いため、代表点として収録している。(出典: ja.wikipedia「青のオーケストラ」)アニメツーリズム協会「訪れてみたい日本のアニメ聖地88」の現行の選定地。,青のオーケストラ
頭文字D,,35.2645301,139.152246,群馬県,頭文字D,公式選定|エリア,小田原市(群馬県)。『頭文字D』の舞台とされる地域。点として特定できる記述が無いため、代表点として収録している。(出典: ja.wikipedia「頭文字D」)アニメツーリズム協会「訪れてみたい日本のアニメ聖地88」の現行の選定地。,頭文字D
ちびまる子ちゃんランド,,35.0105833,138.4929167,静岡県,マンガ・アニメ施設,公式選定,ちびまる子ちゃんランド。アニメツーリズム協会が選定したマンガ・アニメ関連施設。(出典: アニメツーリズム協会(選定地の名称のみ))アニメツーリズム協会「訪れてみたい日本のアニメ聖地88」の現行の選定地。,ちびまる子ちゃんランド
サンリオピューロランド,,35.6244709,139.4292372,東京都,マンガ・アニメ施設,公式選定,サンリオピューロランド。アニメツーリズム協会が選定したマンガ・アニメ関連施設。(出典: アニメツーリズム協会(選定地の名称のみ))アニメツーリズム協会「訪れてみたい日本のアニメ聖地88」の現行の選定地。,サンリオピューロランド
トキワ荘マンガミュージアム,,35.724274,139.6860426,東京都,マンガ・アニメ施設,公式選定,トキワ荘マンガミュージアム。アニメツーリズム協会が選定したマンガ・アニメ関連施設。(出典: アニメツーリズム協会(選定地の名称のみ))アニメツーリズム協会「訪れてみたい日本のアニメ聖地88」の現行の選定地。,トキワ荘マンガミュージアム
ハーモニーランド,,33.3999064,131.5454527,大分県,マンガ・アニメ施設,公式選定,ハーモニーランド。アニメツーリズム協会が選定したマンガ・アニメ関連施設。(出典: アニメツーリズム協会(選定地の名称のみ))アニメツーリズム協会「訪れてみたい日本のアニメ聖地88」の現行の選定地。,ハーモニーランド
バンダイミュージアム,,36.4654291,139.8383503,栃木県,マンガ・アニメ施設,公式選定,バンダイミュージアム。アニメツーリズム協会が選定したマンガ・アニメ関連施設。(出典: アニメツーリズム協会(選定地の名称のみ))アニメツーリズム協会「訪れてみたい日本のアニメ聖地88」の現行の選定地。,バンダイミュージアム
京都国際マンガミュージアム,,35.0115576,135.7592245,京都府,マンガ・アニメ施設,公式選定,京都国際マンガミュージアム。アニメツーリズム協会が選定したマンガ・アニメ関連施設。(出典: アニメツーリズム協会(選定地の名称のみ))アニメツーリズム協会「訪れてみたい日本のアニメ聖地88」の現行の選定地。,京都国際マンガミュージアム
北九州市漫画ミュージアム,,33.8875431,130.884731,福岡県,マンガ・アニメ施設,公式選定,北九州市漫画ミュージアム。アニメツーリズム協会が選定したマンガ・アニメ関連施設。(出典: アニメツーリズム協会(選定地の名称のみ))アニメツーリズム協会「訪れてみたい日本のアニメ聖地88」の現行の選定地。,北九州市漫画ミュージアム
宝塚市立手塚治虫記念館,,34.8071815,135.3483085,兵庫県,マンガ・アニメ施設,公式選定,宝塚市立手塚治虫記念館。アニメツーリズム協会が選定したマンガ・アニメ関連施設。(出典: アニメツーリズム協会(選定地の名称のみ))アニメツーリズム協会「訪れてみたい日本のアニメ聖地88」の現行の選定地。,宝塚市立手塚治虫記念館
宮沢賢治童話村,,39.3981398,141.1689989,岩手県,マンガ・アニメ施設,公式選定,宮沢賢治童話村。アニメツーリズム協会が選定したマンガ・アニメ関連施設。(出典: アニメツーリズム協会(選定地の名称のみ))アニメツーリズム協会「訪れてみたい日本のアニメ聖地88」の現行の選定地。,宮沢賢治童話村
成田国際空港,,35.7851046,140.3970893,千葉県,マンガ・アニメ施設,公式選定,成田国際空港。アニメツーリズム協会が選定したマンガ・アニメ関連施設。(出典: アニメツーリズム協会(選定地の名称のみ))アニメツーリズム協会「訪れてみたい日本のアニメ聖地88」の現行の選定地。,成田国際空港
新潟市マンガの家,,37.92061,139.044841,新潟県,マンガ・アニメ施設,公式選定,新潟市マンガの家。アニメツーリズム協会が選定したマンガ・アニメ関連施設。(出典: アニメツーリズム協会(選定地の名称のみ))アニメツーリズム協会「訪れてみたい日本のアニメ聖地88」の現行の選定地。,新潟市マンガの家
新潟市マンガ・アニメ情報館,,37.916071,139.0531746,新潟県,マンガ・アニメ施設,公式選定,新潟市マンガ・アニメ情報館。アニメツーリズム協会が選定したマンガ・アニメ関連施設。(出典: アニメツーリズム協会(選定地の名称のみ))アニメツーリズム協会「訪れてみたい日本のアニメ聖地88」の現行の選定地。,新潟市マンガ・アニメ情報館
杉並アニメーションミュージアム,,35.7104595,139.6077195,東京都,マンガ・アニメ施設,公式選定,杉並アニメーションミュージアム。アニメツーリズム協会が選定したマンガ・アニメ関連施設。(出典: アニメツーリズム協会(選定地の名称のみ))アニメツーリズム協会「訪れてみたい日本のアニメ聖地88」の現行の選定地。,杉並アニメーションミュージアム
東京都庁,,35.6892783,139.6922872,東京都,マンガ・アニメ施設,公式選定,東京都庁。アニメツーリズム協会が選定したマンガ・アニメ関連施設。(出典: アニメツーリズム協会(選定地の名称のみ))アニメツーリズム協会「訪れてみたい日本のアニメ聖地88」の現行の選定地。,東京都庁
東映アニメーションミュージアム,,35.7518085,139.5946401,東京都,マンガ・アニメ施設,公式選定,東映アニメーションミュージアム。アニメツーリズム協会が選定したマンガ・アニメ関連施設。(出典: アニメツーリズム協会(選定地の名称のみ))アニメツーリズム協会「訪れてみたい日本のアニメ聖地88」の現行の選定地。,東映アニメーションミュージアム
横手市増田まんが美術館,,39.2045713,140.5504976,秋田県,マンガ・アニメ施設,公式選定,横手市増田まんが美術館。アニメツーリズム協会が選定したマンガ・アニメ関連施設。(出典: アニメツーリズム協会(選定地の名称のみ))アニメツーリズム協会「訪れてみたい日本のアニメ聖地88」の現行の選定地。,横手市増田まんが美術館
水木しげるロード,,35.5463959,133.2312715,鳥取県,マンガ・アニメ施設,公式選定,水木しげるロード。アニメツーリズム協会が選定したマンガ・アニメ関連施設。(出典: アニメツーリズム協会(選定地の名称のみ))アニメツーリズム協会「訪れてみたい日本のアニメ聖地88」の現行の選定地。,水木しげるロード
氷見市潮風ギャラリー,,36.8591389,136.9873333,富山県,マンガ・アニメ施設,公式選定,氷見市潮風ギャラリー。アニメツーリズム協会が選定したマンガ・アニメ関連施設。(出典: アニメツーリズム協会(選定地の名称のみ))アニメツーリズム協会「訪れてみたい日本のアニメ聖地88」の現行の選定地。,氷見市潮風ギャラリー
永井豪記念館,,37.3969444,136.9013889,石川県,マンガ・アニメ施設,公式選定,永井豪記念館。アニメツーリズム協会が選定したマンガ・アニメ関連施設。(出典: アニメツーリズム協会(選定地の名称のみ))アニメツーリズム協会「訪れてみたい日本のアニメ聖地88」の現行の選定地。,永井豪記念館
石ノ森萬画館,,38.4295754,141.3107621,宮城県,マンガ・アニメ施設,公式選定,石ノ森萬画館。アニメツーリズム協会が選定したマンガ・アニメ関連施設。(出典: アニメツーリズム協会(選定地の名称のみ))アニメツーリズム協会「訪れてみたい日本のアニメ聖地88」の現行の選定地。,石ノ森萬画館
長谷川町子美術館,,35.6279831,139.6436212,東京都,マンガ・アニメ施設,公式選定,長谷川町子美術館。アニメツーリズム協会が選定したマンガ・アニメ関連施設。(出典: アニメツーリズム協会(選定地の名称のみ))アニメツーリズム協会「訪れてみたい日本のアニメ聖地88」の現行の選定地。,長谷川町子美術館
青山剛昌ふるさと館,,35.4983131,133.7612267,鳥取県,マンガ・アニメ施設,公式選定,青山剛昌ふるさと館。アニメツーリズム協会が選定したマンガ・アニメ関連施設。(出典: アニメツーリズム協会(選定地の名称のみ))アニメツーリズム協会「訪れてみたい日本のアニメ聖地88」の現行の選定地。,青山剛昌ふるさと館
香美市立やなせたかし記念館,,33.64756,133.783432,高知県,マンガ・アニメ施設,公式選定,香美市立やなせたかし記念館。アニメツーリズム協会が選定したマンガ・アニメ関連施設。(出典: アニメツーリズム協会(選定地の名称のみ))アニメツーリズム協会「訪れてみたい日本のアニメ聖地88」の現行の選定地。,香美市立やなせたかし記念館
